<?xml version="1.0" encoding="utf-8"?>
<COLLADA xmlns="http://www.collada.org/2005/11/COLLADASchema" version="1.4.1" xmlns:xsi="http://www.w3.org/2001/XMLSchema-instance">
  <asset>
    <contributor>
      <author>Blender User</author>
      <authoring_tool>Blender 4.2.0 commit date:2024-07-16, commit time:06:20, hash:a51f293548ad</authoring_tool>
    </contributor>
    <created>2026-08-03T13:23:46</created>
    <modified>2026-08-03T13:23:46</modified>
    <unit name="meter" meter="1"/>
    <up_axis>Z_UP</up_axis>
  </asset>
  <library_images/>
  <library_geometries>
    <geometry id="base_link-mesh" name="base_link">
      <mesh>
        <source id="base_link-mesh-positions">
          <float_array id="base_link-mesh-positions-array" count="8787">-0.550257 0.008964121 -0.02320253 -0.6317487 0.008964121 -0.02320253 -0.635 0.01295453 -0.01870256 -0.46 0.01295453 -0.01870256 -0.5509858 0.00748372 -0.0241816 -0.46 0.00746411 -0.02419292 -0.5515902 0.005863904 -0.02499359 -0.46 -3.58315e-5 -0.02620255 -0.5523419 0.002399682 -0.02600347 -0.55249 -3.35872e-5 -0.02620255 -0.46 -0.007535815 -0.02419292 -0.5519176 -0.004777312 -0.02543342 -0.5524568 -0.001191496 -0.02615797 -0.550257 -0.009035825 -0.02320253 -0.635 -0.01302617 -0.01870256 -0.6317487 -0.009035825 -0.02320253 -0.635 -0.007535815 -0.02419292 -0.6313986 -0.008471846 -0.02360546 -0.6288479 0.001746535 -0.02609628 -0.6287229 -3.87763e-5 -0.02620255 -0.635 -3.58315e-5 -0.02620255 -0.6295048 -0.004519343 -0.0255168 -0.6308698 -0.007555961 -0.0241813 -0.635 0.00746411 -0.02419292 -0.6308662 0.007477879 -0.024185 -0.6301234 0.005997538 -0.02493566 -0.6255916 -0.01224958 -0.002494871 -0.635 -0.007535815 0.001787781 -0.6255919 -0.01232504 -0.002601742 -0.635 -0.01302617 -0.003702521 -0.4848725 -0.01323467 -0.004075825 -0.4867939 -0.01367104 -0.004951119 -0.46 -0.0150358 -0.01120257 -0.4909168 -0.01413995 -0.006096303 -0.4943669 -0.0143603 -0.006751894 -0.5220932 -0.01481825 -0.008657217 -0.5532366 -0.01466649 -0.007894515 -0.635 -0.0150358 -0.01120257 -0.6069296 -0.01333773 -0.004270076 -0.6255916 -0.01240336 -0.002714693 -0.5172334 -0.007556438 0.00177586 -0.4996347 -0.008510231 0.001174151 -0.46 -0.007535815 0.001787781 -0.4909464 -0.009654223 3.07706e-4 -0.488765 -0.01008504 -6.64771e-5 -0.4846426 -0.01135772 -0.001363098 -0.4836579 -0.01233094 -0.002610146 -0.46 -0.01302617 -0.003702521 -0.483731 -0.01207017 -0.002248585 -0.4839729 -0.01178157 -0.001873195 -0.4837399 -0.01258063 -0.00297892 -0.4840341 -0.01286351 -0.003427565 -0.4847623 -0.01319766 -0.004007697 -0.5533455 -0.008158981 0.001407444 -0.5245696 -0.00747615 0.001822054 -0.635 -3.58315e-5 0.003797411 -0.635 0.00746411 0.001787781 -0.6255916 0.01217794 -0.002494871 -0.635 0.01295453 -0.003702521 -0.6255919 0.01225721 -0.002607166 -0.46 -3.58315e-5 0.003797411 -0.46 0.00746411 0.001787781 -0.5222364 0.007414638 0.001816213 -0.5533624 0.008088052 0.001407027 -0.4839724 0.01274842 -0.003356337 -0.4837308 0.01249438 -0.002956748 -0.46 0.01295453 -0.003702521 -0.4836579 0.01224386 -0.002588152 -0.48374 0.01198285 -0.002227544 -0.4840343 0.01165801 -0.001808226 -0.4847644 0.01122647 -0.00129497 -0.4848617 0.01118111 -0.00124365 -0.4867836 0.01050603 -5.31673e-4 -0.4909115 0.009588778 3.02501e-4 -0.4944038 0.009042382 7.38363e-4 -0.5171761 0.01473265 -0.008577466 -0.4996238 0.01449328 -0.007473647 -0.46 0.01496416 -0.01120257 -0.6255916 0.01233172 -0.002714693 -0.6074125 0.01324582 -0.004231333 -0.635 0.01496416 -0.01120257 -0.5532184 0.01459503 -0.00789541 -0.524569 0.01474887 -0.00867027 -0.4909519 0.01407104 -0.006103992 -0.4887648 0.0138663 -0.005569636 -0.484642 0.01308286 -0.003929316 -0.46 -0.01302617 -0.01870256 -0.5509806 -0.007567226 -0.02417474 -0.393 0.005964159 0.01879739 -0.395 0.005964159 0.01879739 -0.3936602 0.004964113 0.01879739 -0.395 -3.58315e-5 0.01879739 -0.395 -0.006035804 0.01879739 -0.3936602 -0.005035817 0.01879739 -0.393 -0.006035804 0.01879739 -0.377 -0.006035804 0.01879739 -0.375 -0.006035804 0.01879739 -0.3763397 -0.005035817 0.01879739 -0.375 -3.58315e-5 0.01879739 -0.375 0.003964126 -0.01813077 -0.29 -3.58315e-5 -0.01920253 -0.375 -3.58315e-5 -0.01920253 -0.29 -0.00403583 -0.01813077 -0.375 -0.00403583 -0.01813077 -0.29 -0.004754424 -0.01766282 -0.375 -0.006964027 -0.01520252 -0.29 -0.006964027 -0.01520252 -0.29 -0.008035778 -0.01120257 -0.375 -0.008035778 -0.01120257 -0.29 -0.006964027 -0.007202565 -0.375 -0.006964027 -0.007202565 -0.29 -0.00403583 -0.004274368 -0.375 -0.00403583 -0.004274368 -0.29 -3.58315e-5 -0.003202557 -0.375 -3.58315e-5 -0.003202557 -0.29 0.003964126 -0.004274368 -0.375 0.003964126 -0.004274368 -0.29 0.006892323 -0.007202565 -0.375 0.006892323 -0.007202565 -0.29 0.007964134 -0.01120257 -0.375 0.007964134 -0.01120257 -0.29 0.006892323 -0.01520252 -0.375 0.006892323 -0.01520252 -0.29 0.004682719 -0.01766282 -0.29 0.003964126 -0.01813077 0.03557592 0.3237683 0.003579199 0.02448636 0.5789642 0.004608988 0.0285741 0.5789642 0.005556166 -0.09942167 0.3093152 0.01471757 -0.1249979 0.1499642 0.01286882 -0.05470836 0.1499642 0.02390444 -0.04716199 0.5789642 0.01867049 -0.08798485 0.5789642 0.01241147 -0.07992619 0.5593152 0.01407378 -0.1280009 0.5789642 0.005434036 -0.1299262 0.5593152 0.005413115 -0.09942167 0.3093152 0.002117097 -0.07992619 0.5593152 0.002947807 -0.06207126 0.5789642 0.002891182 -0.1699648 0.1499642 0.002096593 -0.1543592 0.3093152 0.002592444 -0.1609609 0.1499642 0.001931369 -0.1298763 0.5593152 0.003370344 -0.127952 0.5789642 0.003431499 -0.08755415 0.5789642 0.003077268 -0.1606051 0.1499642 0.006676614 -0.1544217 0.3093152 0.005147337 -0.1700352 0.1499642 0.004977941 0.04652988 0.2937684 0.01276427 0.04653656 0.1499642 0.01785635 0.04963088 0.2937684 0.01003646 0.05289232 0.1499642 0.01502758 0.05622053 0.1499642 0.01297795 0.0590505 0.1499642 0.01032328 0.04978179 0.2937684 0.009852051 0.05039846 0.2937684 0.008885264 0.05048662 0.2937684 0.008601963 0.05988383 0.1499642 0.008931696 0.05051624 0.2937684 0.008396804 0.05992293 0.1499642 0.008267462 0.05046331 0.2937684 0.007897913 0.05990296 0.1499642 0.008158504 0.05018985 0.2937684 0.007297456 0.05969953 0.1499642 0.00760436 0.05001908 0.2937684 0.007068514 0.05936604 0.1499642 0.007115125 0.05853682 0.1499642 0.006455183 0.04975485 0.2937684 0.006803154 0.05622053 0.1499642 0.005490303 0.04823213 0.2937684 0.005991041 0.04710566 0.2937684 0.005564332 0.05005604 0.1499642 0.003907918 0.03776955 0.2937684 0.003579199 0.04906082 0.1499642 0.003739476 0.04876255 0.1499642 0.003691077 0.04054379 0.1499642 0.002667784 0.03454017 0.1499642 0.002188026 0.04700553 0.3237683 0.006292462 0.03102368 0.5789642 0.006563901 0.04768991 0.3237683 0.0066998 0.03144562 0.5789642 0.006934106 0.0480653 0.3237683 0.007054388 0.04823839 0.3237683 0.007287681 0.03167223 0.5789642 0.00727421 0.04850476 0.3237683 0.007886171 0.03176724 0.5789642 0.007501423 0.04854911 0.3237683 0.008370876 0.03183287 0.5789642 0.007873117 0.04852175 0.3237683 0.008551418 0.0318076 0.5789642 0.008121192 0.04842954 0.3237683 0.008843064 0.03172028 0.5789642 0.008386015 0.04779869 0.3237683 0.009815096 0.03114509 0.5789642 0.009231686 0.04459893 0.3237683 0.01265472 0.03049415 0.5789642 0.009942054 0.03649657 0.3237683 0.01656466 0.02386432 0.5789642 0.01385456 0.01276707 0.5789642 0.01719766 0.03882265 0.2937684 0.01656466 0.04170173 0.1499642 0.01949769 0.01360607 0.1499642 0.02502667 -0.003230512 0.5789642 0.01967424 0.003999829 0.1499642 0.02594101 -0.02669119 0.1499642 0.02631354 -0.0276193 0.5789642 0.02029502 -0.0455355 0.1499642 0.0249229 -6.8043e-4 0.5789642 0.002885282 0.02934372 0.1499642 0.001878261 0.01227599 0.1499642 0.00129199 0.005344092 0.1499642 0.001169323 -0.02762204 0.1499642 0.001033663 -0.1209403 0.1499642 0.00164783 -0.1279765 0.5789642 0.004432737 -0.1280009 -0.5790358 0.005434036 -0.1299262 -0.5593869 0.005413115 -0.1279765 -0.5790358 0.004432737 -0.1298763 -0.5593869 0.003370344 -0.127952 -0.5790358 0.003431499 -0.1700352 -0.1500358 0.004977941 -0.1699648 -0.1500358 0.002096593 -0.1544217 -0.3093868 0.005147337 -0.1543592 -0.3093868 0.002592444 0.04352432 -0.29384 0.004534661 0.03776955 -0.29384 0.003579199 0.04955166 -0.1500358 0.003821194 -0.06397992 -0.5790358 0.01633334 -0.04784882 -0.5790358 0.01858818 -0.09942167 -0.3093868 0.01471757 -0.1606051 -0.1500358 0.006676614 -0.08755415 -0.5790358 0.003077387 -0.07992619 -0.5593869 0.002947807 -0.05994284 -0.5790358 0.002875089 -0.09088939 -0.1500358 0.001437783 -0.09942167 -0.3093868 0.002117097 -0.1609609 -0.1500358 0.001931369 -0.07992619 -0.5593869 0.01407378 0.03454017 -0.1500358 0.002188086 0.04054385 -0.1500358 0.002667725 0.04876255 -0.1500358 0.003691077 0.03989428 -0.32384 0.00422573 0.02427077 -0.5790358 0.004573345 0.03557592 -0.32384 0.003579199 0.02370846 -0.5790358 0.00448358 0.01417893 -0.5790358 0.003495097 0.04710566 -0.29384 0.005564332 0.05622053 -0.1500358 0.005490303 0.04972398 -0.29384 0.006776928 0.05853676 -0.1500358 0.006455063 0.05001908 -0.29384 0.007068514 0.05936586 -0.1500358 0.007114827 0.05018937 -0.29384 0.007296741 0.05969947 -0.1500358 0.00760436 0.05046814 -0.29384 0.007916212 0.05990278 -0.1500358 0.008157908 0.05050754 -0.29384 0.008482217 0.05048662 -0.29384 0.008601963 0.05988383 -0.1500358 0.008931756 0.05033975 -0.29384 0.009018361 0.05905073 -0.1500358 0.01032239 0.04963088 -0.29384 0.01003646 0.03882265 -0.29384 0.01656466 0.05622053 -0.1500358 0.01297795 0.0528922 -0.1500358 0.01502728 0.0493465 -0.1500358 0.01672667 0.04653656 -0.1500358 0.01785635 0.03649657 -0.32384 0.01656466 0.04857748 -0.29384 0.01115942 0.01788556 -0.5790358 0.01590281 0.02251642 -0.5790358 0.0143845 0.02951413 -0.5790358 0.0107941 0.04682242 -0.32384 0.01088994 0.03114491 -0.5790358 0.009231507 0.04768633 -0.32384 0.00995177 0.04840832 -0.32384 0.008892953 0.03159743 -0.5790358 0.008621454 0.04852175 -0.32384 0.008551418 0.03180825 -0.5790358 0.008118033 0.04854857 -0.32384 0.008376955 0.03182649 -0.5790358 0.008006513 0.04849267 -0.32384 0.00784111 0.03176701 -0.5790358 0.007501482 0.04820001 -0.32384 0.007230222 0.03173387 -0.5790358 0.00740987 0.0480653 -0.32384 0.007054388 0.03144556 -0.5790358 0.006934165 0.04772371 -0.32384 0.006726145 0.0311796 -0.5790358 0.006678104 0.04522114 -0.32384 0.005585968 0.02993685 -0.5790358 0.006050407 0.02919024 -0.5790358 0.00576955 0.02865678 -0.5790358 0.005583763 0.04111188 -0.1500358 0.0196771 0.04030966 -0.1500358 0.01991468 0.01360607 -0.1500358 0.0250265 -0.007325053 -0.5790358 0.02002406 0.001668691 -0.1500358 0.02610367 -0.01570308 -0.5790358 0.02042174 -0.02669119 -0.1500358 0.02631348 -0.05235296 -0.1500358 0.0241841 -0.1236734 -0.1500358 0.01309728 0.02934366 -0.1500358 0.001878798 0.01361769 -0.5790358 0.003457784 0.02236318 -0.1500358 0.001575231 -0.008641481 -0.5790358 0.002754926 0.008101463 -0.5790358 0.003163337 -0.05301105 0.6672766 0.04070729 -0.04675662 0.6673736 0.04056048 -0.02797663 0.6689592 0.03816032 -0.04362958 0.6674511 0.04044312 -0.04050379 0.6675554 0.04028522 -0.03345912 0.6696985 0.03704112 -0.03659236 0.6698236 0.03685182 -0.03973084 0.6699117 0.03671854 -0.04365199 0.6699904 0.03659933 -0.04601538 0.6700262 0.03654521 -0.0775035 0.6701034 0.03642827 -0.1027346 0.6698951 0.03674364 -0.1279765 0.6689642 0.03815275 -0.1279765 0.6695154 0.0373184 -0.1279765 0.668413 0.0389871 -0.1029797 0.6677386 0.04000794 -0.06305164 0.6672309 0.04077655 -0.02823626 0.6687505 0.03847616 -0.02801442 0.6688836 0.03827464 -0.02946692 0.6684371 0.03895068 -0.03716087 0.6677083 0.04005378 -0.02914321 0.6693579 0.03755682 -0.03034114 0.6694948 0.03734964 -0.03265446 0.6696568 0.0371043 -0.0280115 0.6690382 0.03804069 -0.02815413 0.6691291 0.03790307 -0.02847093 0.6692309 0.03774905 -0.1279765 -0.6690359 0.03815275 -0.1279765 -0.669587 0.0373184 -0.1027346 -0.6699667 0.03674364 -0.03716087 -0.6677799 0.04005378 -0.03738141 -0.6677682 0.0400716 -0.02797663 -0.6690308 0.03816032 -0.04050379 -0.667627 0.04028522 -0.04601538 -0.6700978 0.03654521 -0.04365199 -0.6700621 0.03659933 -0.03973084 -0.6699833 0.03671854 -0.03659236 -0.6698952 0.03685182 -0.02801442 -0.6689553 0.03827464 -0.02823626 -0.6688222 0.03847616 -0.02946692 -0.6685087 0.03895068 -0.04362958 -0.6675227 0.04044312 -0.04675662 -0.6674453 0.04056048 -0.05301105 -0.6673482 0.04070729 -0.0775035 -0.6701751 0.03642827 -0.1279765 -0.6684846 0.0389871 -0.1029797 -0.6678102 0.04000794 -0.06305164 -0.6673025 0.04077655 -0.03345912 -0.6697702 0.03704112 -0.03265446 -0.6697285 0.0371043 -0.03034114 -0.6695664 0.03734964 -0.02815413 -0.6692008 0.03790307 -0.0280115 -0.6691098 0.03804069 -0.02847093 -0.6693025 0.03774905 -0.02914321 -0.6694296 0.03755682 -0.03380298 0.6678709 0.03979098 -0.03692972 0.6676607 0.04008656 -0.03647142 0.6676067 0.04009139 -0.04320585 0.6673767 0.04043954 -0.1280068 0.6404089 0.01752781 -9.41349e-4 0.6506097 0.02775639 0.008723676 0.6382115 0.02210432 0.00675702 0.6383617 0.02147644 -0.03614187 0.6691331 0.0360105 -0.03220289 0.6672614 0.03473073 -0.04587012 0.666347 0.03339195 -0.02203428 0.6671342 0.03585213 -0.0254023 0.6672959 0.03539443 -0.02961027 0.6690616 0.03652256 -0.02001225 0.6668737 0.03638643 -0.02039372 0.66695 0.03623026 -0.02262812 0.6679578 0.0368089 -0.02225053 0.6678806 0.03695595 -0.02192109 0.6677711 0.03716272 -0.01968324 0.6667659 0.0366047 -0.02440941 0.6686164 0.03738188 -0.02478307 0.6686943 0.0372439 -0.0258274 0.6689569 0.03740411 -0.02684783 0.669147 0.03752428 -0.02614784 0.6689559 0.03783702 0.01743501 0.6240536 0.01645088 0.02450793 0.6089303 0.01150268 0.02234101 0.6090269 0.01071083 -0.04835993 0.5912687 0.01800704 -0.05075687 0.6037847 0.01862996 -0.09022289 0.6014493 0.01213467 -0.01107364 0.6064741 0.02139979 0.02607882 0.5933719 0.01291441 0.0298075 0.5935287 0.009965956 0.02506953 0.6087281 0.01332974 -0.02795112 0.5918483 0.01979476 -0.007646203 0.5924314 0.01976931 0.008079111 0.6076556 0.01972442 0.01216828 0.5929803 0.01737219 0.01718276 0.6081774 0.01762038 0.02163612 0.5932395 0.01484 0.0214529 0.6084325 0.01595181 0.02341628 0.6085673 0.01482653 0.008335471 0.6091195 0.008823513 -0.00582683 0.6383436 0.01971238 0.01776361 0.6091301 0.009792566 0.002635061 0.6384902 0.02071332 0.0124157 0.5937819 0.00511682 0.02222329 0.5937557 0.006087422 0.02699923 0.5936904 0.007089793 0.02925777 0.5936357 0.00796616 0.0297206 0.593617 0.008346557 -0.1280065 0.616363 0.008053302 -0.1279991 0.5871665 0.005432009 -0.09413564 0.6233916 0.01536667 -0.05876743 0.6283082 0.02305108 -0.02328765 0.6337473 0.02810716 -0.00614959 0.6359843 0.02795207 0.002039074 0.6369105 0.02671897 0.005918502 0.6373465 0.02556461 0.007729828 0.637575 0.02474081 0.0180056 0.6237677 0.01810657 0.02532809 0.6087873 0.01283979 0.03006994 0.5935597 0.009434223 0.03135484 0.5861333 0.008481979 0.03138148 0.5861424 0.008178293 0.03002768 0.5935934 0.008852601 0.03009283 0.5935843 0.009152173 0.02527189 0.6088517 0.01230168 -0.0109809 0.608468 0.007718086 -0.007541775 0.5935311 0.004322528 -0.0505194 0.6056416 0.005949139 -0.04806429 0.5922897 0.003739058 -0.09000599 0.6024404 0.004400551 -0.1279547 0.5872692 0.003460526 -0.1279793 0.6168496 0.006198048 -0.09396368 0.62508 0.009234249 -0.05858182 0.6312671 0.01348102 -0.0231468 0.6368967 0.0178852 -0.02784305 0.6692631 0.03760302 -0.02714484 0.669071 0.03790551 -0.02726477 0.6687148 0.03845816 -0.03253519 0.6696505 0.03697341 -0.03300058 0.669684 0.03701263 -0.02986717 0.6694836 0.03733146 -0.02602332 0.6687681 0.03813612 -0.02524822 0.6684167 0.03829836 -0.02395755 0.6683211 0.03788596 -0.02420347 0.6681584 0.03815782 -0.01981282 0.6664324 0.03722333 -0.02512562 0.6687667 0.03772711 -0.0240795 0.6685053 0.03757715 -0.02636802 0.6688819 0.03690969 -0.02739846 0.6691454 0.037081 -0.01957285 0.6666849 0.03675812 -0.02938634 0.6694533 0.03730237 -0.03158485 0.6695272 0.0368635 -0.03798526 0.6696649 0.0364412 -0.03637188 0.6698148 0.0368331 -0.03930419 0.6698774 0.03666418 -0.04439908 0.6696414 0.03612643 -0.03323072 0.6696937 0.03702825 -0.03614974 0.6698013 0.0368117 -0.03887093 0.6698247 0.03659969 -0.02840501 0.6693364 0.03721237 -0.0157293 0.6641701 0.03468638 -0.01534014 0.6640958 0.03486078 -0.01501208 0.6639918 0.0351023 -0.01004797 0.660209 0.03333312 -0.03847634 0.6591408 0.02891629 -0.02360409 0.6606148 0.03078913 -0.01624864 0.6607708 0.03165864 -0.01262652 0.6606304 0.03223717 -0.01004582 0.6601229 0.03352689 -1.11206e-4 0.6503148 0.02870804 0.009559929 0.6380226 0.02295035 0.009552597 0.6379596 0.02318304 0.01827317 0.6239016 0.01740545 0.01826065 0.6238522 0.01765817 0.02534604 0.6088217 0.01256674 -0.02396595 0.6684209 0.03771996 -0.01956653 0.6665894 0.03693324 -0.01029342 0.6599798 0.03385484 -3.6074e-4 0.6501883 0.02907514 0.009300529 0.6378526 0.02359038 0.02495926 0.6088958 0.01184475 0.01787388 0.6240063 0.0167551 0.009470343 0.6380769 0.02273094 0.009149193 0.6381538 0.02237105 -2.0553e-4 0.6504544 0.02829802 -5.29898e-4 0.6505439 0.02798599 -0.01015168 0.6602823 0.03315812 -0.01047867 0.660382 0.0328933 -0.04924428 0.6686918 0.03513115 -0.05081874 0.6695146 0.03584623 -0.06851106 0.653526 0.02407538 -0.1279931 0.6412009 0.01576519 -0.09851169 0.6473944 0.01940613 -0.04593265 0.6671605 0.04051333 -0.05146443 0.6665722 0.04042005 -0.03021997 0.6681424 0.03934282 -0.03333193 0.6678303 0.03979706 -0.03553587 0.6674446 0.04007136 -0.03237044 0.6676941 0.03977841 -0.02626907 0.6686027 0.03839898 -0.02923631 0.6680239 0.03931277 -0.02822762 0.6678321 0.0392419 -0.03037464 0.6672066 0.03962278 -0.03682833 0.6666412 0.04008775 -0.03871369 0.6672359 0.04025989 -0.03962129 0.6674308 0.04029154 -0.02127039 0.6660786 0.03789311 -0.02564471 0.667805 0.03875535 -0.02285552 0.6658283 0.03832262 -0.02719527 0.6675686 0.03913158 -0.02612847 0.6654143 0.03887593 -0.03281259 0.6646732 0.03934359 -0.04635947 0.6631079 0.03896272 -0.04006576 0.667502 0.04029321 -0.04277586 0.6672852 0.04042679 -0.04508495 0.666882 0.04043298 -0.04983425 0.665636 0.04002815 -0.07365566 0.6595368 0.03550183 -0.01178622 0.6596369 0.0346769 -0.01344412 0.6593748 0.03522533 -0.01691371 0.6589027 0.03594112 -0.0240873 0.6579507 0.03654044 -0.03880405 0.6557071 0.03593349 -0.06876939 0.6502491 0.03076404 -0.09868705 0.6453138 0.02402609 -0.01087534 0.6604539 0.03270053 -0.1280007 0.6408016 0.0166437 -0.1279945 0.6166034 0.007123529 -0.1279778 0.5872174 0.004446089 0.3263545 0.01459836 -0.002577006 0.3268281 0.01367121 -0.002586483 0.3272902 0.01391619 -0.003255963 0.3274613 0.01401633 -0.004082143 0.3269719 0.01495635 -0.004065215 0.3268055 0.01485204 -0.003244161 0.3251593 0.01805734 -0.003995299 0.32501 0.01794087 -0.003192424 0.3168606 0.02802973 -0.003591775 0.3167776 0.02789896 -0.002869367 0.3049616 0.03700256 -0.002909064 0.304933 0.03689461 -0.002301156 0.2906381 0.04424238 -0.002030968 0.2906358 0.0441665 -0.001550257 0.2764839 0.04941546 -0.001142501 0.2764897 0.04936176 -7.69351e-4 0.2545863 0.05527544 2.48187e-4 0.2545931 0.0552417 4.87746e-4 0.2100217 0.06347882 0.003114104 0.210023 0.06346935 0.003162264 0.1988624 0.06523549 0.003837406 0.1988627 0.06523293 0.00384885 0.1960738 0.06567239 0.004018425 0.1960739 0.06567174 0.004021286 0.1953768 0.06578177 0.004063665 0.196074 0.06567108 0.004024147 0.198863 0.0652303 0.003860294 0.2100241 0.06345868 0.003210127 0.2545933 0.05517995 7.21763e-4 0.2764737 0.04924231 -4.12043e-4 0.2905876 0.04398608 -0.001100778 0.3048074 0.03663402 -0.001754939 0.3165183 0.027588 -0.002251386 0.324599 0.0176618 -0.002533853 0.06303972 0.1205659 0.01252865 0.06356018 0.1196035 0.01249527 0.06356203 0.1196046 0.01249349 0.06362515 0.1194865 0.0124911 0.06362724 0.1194877 0.01248908 0.06415879 0.1185496 0.01245701 0.06416273 0.1185522 0.01245301 0.06741523 0.1135813 0.01224976 0.06743049 0.1135937 0.01223242 0.07576656 0.1043382 0.01172441 0.0758031 0.1043844 0.01166486 0.08769762 0.0954169 0.01098042 0.08774298 0.0955078 0.01085633 0.101082 0.08838474 0.01014357 0.1011195 0.08850216 0.009959757 0.1150987 0.08291339 0.009257674 0.1151223 0.08303302 0.009037077 0.1217357 0.08077383 0.008834421 0.1217531 0.08088815 0.008606374 0.1456713 0.07462495 0.007292509 0.1456736 0.07470375 0.007085144 0.1801986 0.06820416 0.005049109 0.1801967 0.06822544 0.004968941 0.1948955 0.06585758 0.004093587 0.06253808 0.1215389 0.01256078 0.06253612 0.1215379 0.01256257 0.06218457 0.1222543 0.01258343 0.06218129 0.1222527 0.01258641 0.06178092 0.1231046 0.01260936 0.06177616 0.1231023 0.01261365 0.06138557 0.1239755 0.01263481 0.06137931 0.1239726 0.01264029 0.0610162 0.124827 0.01265859 0.06100863 0.1248237 0.01266515 0.06068009 0.1256375 0.01268029 0.06067144 0.1256338 0.01268774 0.06037884 0.126396 0.01269978 0.06036925 0.1263921 0.012708 0.06011128 0.1270981 0.01271712 0.06010085 0.127094 0.01272594 0.05798929 0.1341043 0.01285588 0.05797505 0.1341008 0.01286709 0.05624639 0.1479966 0.01297527 0.05624347 0.1479965 0.01297742 0.3269719 -0.01502805 -0.004065215 0.3274613 -0.01408797 -0.004082143 0.3272902 -0.01398789 -0.003255963 0.3268281 -0.01374292 -0.002586483 0.3263545 -0.01467001 -0.002577006 0.3268055 -0.01492369 -0.003244161 0.324599 -0.01773345 -0.002533853 0.32501 -0.01801252 -0.003192424 0.3165183 -0.02765965 -0.002251386 0.3167776 -0.02797061 -0.002869367 0.3048074 -0.03670567 -0.001754939 0.304933 -0.03696626 -0.002301156 0.2905876 -0.04405778 -0.001100778 0.2906358 -0.04423815 -0.001550257 0.2764737 -0.04931396 -4.12043e-4 0.2764897 -0.04943341 -7.69351e-4 0.2545933 -0.05525159 7.21763e-4 0.2545931 -0.05531334 4.87746e-4 0.2100241 -0.06353038 0.003210127 0.210023 -0.06354099 0.003162264 0.198863 -0.06530201 0.003860294 0.1988627 -0.06530457 0.00384885 0.196074 -0.06574279 0.004024147 0.1960739 -0.06574344 0.004021286 0.1953768 -0.06585341 0.004063665 0.1960738 -0.0657441 0.004018425 0.1988624 -0.06530714 0.003837406 0.2100217 -0.06355047 0.003114104 0.2545863 -0.05534714 2.48187e-4 0.2764839 -0.04948711 -0.001142501 0.2906381 -0.04431402 -0.002030968 0.3049616 -0.0370742 -0.002909064 0.3168606 -0.02810138 -0.003591775 0.3251593 -0.01812905 -0.003995299 0.06303972 -0.1206375 0.01252865 0.06356203 -0.1196763 0.01249349 0.06356018 -0.1196752 0.01249527 0.06362724 -0.1195594 0.01248908 0.06362515 -0.1195581 0.0124911 0.06416273 -0.1186238 0.01245301 0.06415879 -0.1186212 0.01245701 0.06743049 -0.1136654 0.01223242 0.06741523 -0.113653 0.01224976 0.0758031 -0.1044561 0.01166486 0.07576656 -0.1044099 0.01172441 0.08774298 -0.09557944 0.01085633 0.08769762 -0.09548854 0.01098042 0.1011195 -0.08857381 0.009959757 0.101082 -0.08845639 0.01014357 0.1151223 -0.08310472 0.009037077 0.1150987 -0.08298504 0.009257674 0.1217531 -0.08095979 0.008606374 0.1217357 -0.08084547 0.008834421 0.1456736 -0.07477545 0.007085144 0.1456713 -0.0746966 0.007292509 0.1801967 -0.06829708 0.004968941 0.1801986 -0.0682758 0.005049109 0.1948955 -0.06592923 0.004093587 0.06253612 -0.1216096 0.01256257 0.06253808 -0.1216107 0.01256078 0.06218129 -0.1223244 0.01258641 0.06218457 -0.122326 0.01258343 0.06177616 -0.1231739 0.01261365 0.06178092 -0.1231762 0.01260936 0.06137931 -0.1240442 0.01264029 0.06138557 -0.1240471 0.01263481 0.06100863 -0.1248954 0.01266515 0.0610162 -0.1248987 0.01265859 0.06067144 -0.1257055 0.01268774 0.06068009 -0.1257092 0.01268029 0.06036925 -0.1264638 0.012708 0.06037884 -0.1264677 0.01269978 0.06010085 -0.1271657 0.01272594 0.06011128 -0.1271697 0.01271712 0.05797505 -0.1341725 0.01286709 0.05798929 -0.134176 0.01285588 0.05624347 -0.1480682 0.01297742 0.05624639 -0.1480683 0.01297527 -0.1280007 -0.6408733 0.0166437 -0.1280068 -0.6404805 0.01752781 -0.1279945 -0.6166751 0.007123529 -0.1280065 -0.6164346 0.008053302 -0.1279778 -0.587289 0.004446089 -0.1279991 -0.5872381 0.005432009 -0.1279931 -0.6412726 0.01576519 -0.1279793 -0.6169212 0.006198048 -0.1279547 -0.5873408 0.003460526 -0.09000599 -0.6025121 0.004400551 -0.03021997 -0.668214 0.03934282 -0.02726477 -0.6687865 0.03845816 -0.02626907 -0.6686744 0.03839898 -5.29898e-4 -0.6506155 0.02798599 -0.01047867 -0.6604536 0.0328933 -0.01087534 -0.6605256 0.03270053 -0.04439908 -0.6697131 0.03612643 -0.05081874 -0.6695863 0.03584623 -0.04924428 -0.6687634 0.03513115 -0.02840501 -0.669408 0.03721237 -0.03158485 -0.6695989 0.0368635 -0.02961027 -0.6691332 0.03652256 -0.007541775 -0.5936028 0.004322528 -0.04806429 -0.5923613 0.003739058 0.02607882 -0.5934435 0.01291441 0.02163612 -0.5933111 0.01484 0.01718276 -0.6082491 0.01762038 0.007729828 -0.6376466 0.02474081 0.02341628 -0.608639 0.01482653 0.005918502 -0.6374182 0.02556461 0.0214529 -0.6085041 0.01595181 0.002039074 -0.6369822 0.02671897 -0.05075687 -0.6038564 0.01862996 -0.05876743 -0.6283799 0.02305108 -0.01107364 -0.6065457 0.02139979 -0.02328765 -0.6338189 0.02810716 0.008079111 -0.6077272 0.01972442 -0.00614959 -0.6360559 0.02795207 0.01216828 -0.5930519 0.01737219 0.0298075 -0.5936003 0.009965956 -0.007646203 -0.5925031 0.01976931 -0.02795112 -0.59192 0.01979476 -0.04835993 -0.5913404 0.01800704 0.02506953 -0.6087998 0.01332974 0.0180056 -0.6238393 0.01810657 0.01826065 -0.6239238 0.01765817 0.00675702 -0.6384333 0.02147644 0.01743501 -0.6241253 0.01645088 0.008723676 -0.6382831 0.02210432 0.01787388 -0.6240779 0.0167551 0.02532809 -0.608859 0.01283979 0.03006994 -0.5936313 0.009434223 0.02527189 -0.6089234 0.01230168 0.02495926 -0.6089675 0.01184475 0.0297206 -0.5936886 0.008346557 0.03009366 -0.5936493 0.009140789 0.02534604 -0.6088933 0.01256674 0.03002768 -0.5936651 0.008852601 0.02925777 -0.5937074 0.00796616 0.02450793 -0.6090019 0.01150268 0.02699923 -0.593762 0.007089793 0.01827317 -0.6239732 0.01740545 0.03138148 -0.5862141 0.008178293 0.03135484 -0.5862049 0.008481979 0.02222329 -0.5938274 0.006087422 0.0124157 -0.5938535 0.00511682 -0.09396368 -0.6251516 0.009234249 -0.05858182 -0.6313388 0.01348102 -0.0505194 -0.6057133 0.005949139 -0.0231468 -0.6369683 0.0178852 -0.0109809 -0.6085397 0.007718086 -0.00582683 -0.6384152 0.01971238 0.008335471 -0.6091911 0.008823513 0.002635061 -0.6385618 0.02071332 0.01776361 -0.6092017 0.009792566 0.02234101 -0.6090985 0.01071083 -0.02714484 -0.6691426 0.03790551 -0.02784305 -0.6693348 0.03760302 -0.02938634 -0.669525 0.03730237 -0.02986717 -0.6695553 0.03733146 -0.03300058 -0.6697556 0.03701263 -0.03323072 -0.6697653 0.03702825 -0.03253519 -0.6697221 0.03697341 -0.02262812 -0.6680294 0.0368089 -0.02440941 -0.668688 0.03738188 -0.02478307 -0.6687659 0.0372439 -0.02512562 -0.6688384 0.03772711 -0.0258274 -0.6690285 0.03740411 -0.02684783 -0.6692187 0.03752428 -0.02614784 -0.6690275 0.03783702 -0.02602332 -0.6688397 0.03813612 -0.01957285 -0.6667565 0.03675812 -0.02396595 -0.6684925 0.03771996 -0.02192109 -0.6678428 0.03716272 -0.0240795 -0.6685769 0.03757715 -0.02225053 -0.6679522 0.03695595 -0.02739846 -0.6692171 0.037081 -0.02636802 -0.6689535 0.03690969 -0.02203428 -0.6672059 0.03585213 -0.03637188 -0.6698865 0.0368331 -0.03614974 -0.6698729 0.0368117 -0.03930419 -0.669949 0.03666418 -0.03887093 -0.6698963 0.03659969 -3.6074e-4 -0.6502599 0.02907514 -0.01029342 -0.6600514 0.03385484 -0.01004582 -0.6601946 0.03352689 -0.01981282 -0.6665041 0.03722333 -0.01956653 -0.666661 0.03693324 -0.02420347 -0.66823 0.03815782 -0.02395755 -0.6683927 0.03788596 -0.01501208 -0.6640635 0.0351023 -0.01968324 -0.6668375 0.0366047 -0.01534014 -0.6641675 0.03486078 -0.02001225 -0.6669453 0.03638643 -0.01015168 -0.660354 0.03315812 -0.01004797 -0.6602806 0.03333312 -0.0254023 -0.6673676 0.03539443 -0.01624864 -0.6608425 0.03165864 -0.01262652 -0.660702 0.03223717 -0.03798526 -0.6697366 0.0364412 -0.03614187 -0.6692047 0.0360105 -0.03220289 -0.667333 0.03473073 -0.02360409 -0.6606864 0.03078913 -2.0553e-4 -0.6505261 0.02829802 0.009470343 -0.6381486 0.02273094 0.009559929 -0.6380942 0.02295035 -0.02039372 -0.6670216 0.03623026 -0.0157293 -0.6642417 0.03468638 -1.11206e-4 -0.6503864 0.02870804 0.009552597 -0.6380313 0.02318304 0.009300529 -0.6379243 0.02359038 -9.41349e-4 -0.6506813 0.02775639 0.009149193 -0.6382254 0.02237105 -0.06851106 -0.6535977 0.02407538 -0.03847634 -0.6592125 0.02891629 -0.04587012 -0.6664187 0.03339195 -0.09851169 -0.6474661 0.01940613 -0.03692972 -0.6677324 0.04008656 -0.04006576 -0.6675736 0.04029321 -0.04320585 -0.6674484 0.04043954 -0.04593265 -0.6672321 0.04051333 -0.04277586 -0.6673568 0.04042679 -0.03962129 -0.6675024 0.04029154 -0.03380298 -0.6679425 0.03979098 -0.03647142 -0.6676783 0.04009139 -0.03871369 -0.6673076 0.04025989 -0.04508495 -0.6669537 0.04043298 -0.05146443 -0.6666438 0.04042005 -0.03333193 -0.6679019 0.03979706 -0.02564471 -0.6678766 0.03875535 -0.02719527 -0.6676403 0.03913158 -0.02822762 -0.6679037 0.0392419 -0.03037464 -0.6672782 0.03962278 -0.02923631 -0.6680955 0.03931277 -0.03682833 -0.6667129 0.04008775 -0.03553587 -0.6675162 0.04007136 -0.03237044 -0.6677657 0.03977841 -0.02127039 -0.6661503 0.03789311 -0.02285552 -0.6658999 0.03832262 -0.02612847 -0.6654859 0.03887593 -0.03281259 -0.6647449 0.03934359 -0.04983425 -0.6657076 0.04002815 -0.04635947 -0.6631796 0.03896272 -0.07365566 -0.6596085 0.03550183 -0.02524822 -0.6684883 0.03829836 -0.09868705 -0.6453855 0.02402609 -0.09022289 -0.6015209 0.01213467 -0.09413564 -0.6234632 0.01536667 -0.06876939 -0.6503208 0.03076404 -0.03880405 -0.6557787 0.03593349 -0.0240873 -0.6580224 0.03654044 -0.01691371 -0.6589743 0.03594112 -0.01344412 -0.6594465 0.03522533 -0.01178622 -0.6597086 0.0346769 0.3244889 0.01889014 -0.01740962 0.3275411 0.01379489 -0.01739078 0.3271771 0.01361542 -0.01900637 0.09143704 0.09675985 0.002004444 0.1035761 0.09096062 0.001816928 0.1034331 0.09092909 8.15376e-4 0.128401 0.0821557 -6.42828e-4 0.1283136 0.08222365 -0.001638412 0.1502128 0.07657545 -0.002881228 0.1501421 0.07664799 -0.003762662 0.1994929 0.06689882 -0.00786525 0.1994412 0.066913 -0.008471965 0.2216868 0.062756 -0.01001948 0.2216397 0.06274688 -0.01054543 0.2446818 0.05796664 -0.01215457 0.244634 0.05793607 -0.01265025 0.2726873 0.05051183 -0.0145508 0.2726231 0.05044561 -0.01512569 0.2833432 0.0468291 -0.01537191 0.2832633 0.04674077 -0.01602858 0.2999416 0.03940671 -0.01648759 0.2998138 0.03926736 -0.01736098 0.3111415 0.03238397 -0.01706469 0.3109501 0.03220075 -0.01817047 0.3211381 0.02321869 -0.01737499 0.3208523 0.02301239 -0.0187658 0.3241629 0.01869076 -0.01891404 0.3262597 0.01315021 -0.0203166 0.3233906 0.01818007 -0.02016001 0.3202149 0.02249664 -0.01994329 0.3105829 0.03177326 -0.01915818 0.2995995 0.0389592 -0.01817196 0.283147 0.04655081 -0.01665771 0.272535 0.0503 -0.01568251 0.2445733 0.05784529 -0.0131371 0.2215799 0.06266951 -0.01106441 0.1993733 0.06683605 -0.009072422 0.1500287 0.07652872 -0.004634499 0.1281585 0.08205085 -0.002612888 0.103196 0.09066545 -1.32707e-4 0.09115713 0.09647411 0.001217007 0.07759374 0.1056159 0.002930045 0.07784527 0.1058232 0.003344953 0.07278925 0.1100066 0.003573656 0.07298034 0.1101455 0.003824055 0.06451129 0.1204224 0.004657328 0.06451326 0.1204234 0.004658937 0.06443899 0.1205393 0.004666328 0.06451523 0.1204244 0.004660606 0.07315659 0.1102672 0.004093527 0.07806259 0.1059836 0.003798186 0.07977044 0.1046459 0.003693163 0.0916329 0.0968821 0.002856969 0.05622255 0.1498643 0.005491018 0.05621862 0.1498642 0.005489587 0.05624359 0.1490614 0.005495905 0.05620956 0.1490598 0.005483269 0.05669188 0.1430579 0.005490422 0.05649822 0.1430312 0.00540781 0.05847561 0.1340879 0.005336463 0.05822414 0.1340096 0.005202293 0.05905258 0.1321868 0.005278646 0.05881339 0.132102 0.005143523 0.06437993 0.1206352 0.004673659 0.064377 0.1206332 0.004671037 0.3284175 0.007963895 -0.02038651 0.3282301 0.008495628 -0.02038317 0.3284218 0.007963895 -0.02038329 0.3292587 0.008888304 -0.01902699 0.3296777 0.007995128 -0.0188319 0.3300214 0.007976055 -0.0175442 0.3296475 0.009042322 -0.01733094 0.3300235 0.008002579 -0.01731598 0.3275864 0.01370668 -0.01739001 0.3272218 0.01352763 -0.01900726 0.3263021 0.01306349 -0.0203185 0.3271809 0.01360791 -0.01900643 0.3262633 0.01314276 -0.02031677 0.327545 0.01378738 -0.01739072 0.3275588 0.0137605 -0.01739048 0.3271946 0.01358115 -0.01900672 0.3275726 0.01373356 -0.01739025 0.3272082 0.01355439 -0.01900702 0.3262763 0.01311635 -0.02031731 0.3262891 0.01308995 -0.02031791 -0.1197358 0.116863 0.01475697 -0.1190506 0.09096366 0.01751631 -0.07447493 0.09097605 0.02473539 0.251639 0.01276457 0.03532457 0.2670263 0.0130223 0.02995753 0.2604935 0.02541011 0.02847009 0.2038265 0.01182824 0.04664456 0.223389 0.01223772 0.0428766 0.2185288 0.02395695 0.04082942 0.1654555 0.06837624 0.01338016 0.1471129 0.06742209 0.02249336 0.1859528 0.05932879 0.02372586 0.1261616 0.06594973 0.02909201 0.1058767 0.06414723 0.03264665 0.1306304 0.05480521 0.03687059 0.07396394 0.06030368 0.03460538 0.05041098 0.0573951 0.03487461 0.0537191 0.04547846 0.0405476 -0.1534311 0.006215691 0.03341412 -0.1163576 0.03064882 0.03458315 -0.1604409 0.03027516 0.02721309 -0.2177801 0.0081321 0.02012318 0.05340331 0.1309805 0.01651543 0.05826038 0.1152873 0.01778143 0.06689995 0.1024773 0.0188573 0.07875859 0.09214335 0.01977467 0.1228715 0.07777708 0.01440149 0.09327268 0.08387804 0.02056527 0.1098788 0.07727426 0.02126085 0.2097873 0.06064683 0.01233267 0.1951214 0.06582182 0.004080235 0.2960442 0.02635186 0.01177597 0.2840559 0.03661966 0.01148575 0.2688223 0.04475861 0.01143777 0.2509572 0.05119317 0.0115906 0.2971667 0.01345241 0.01625299 -0.22624 0.03681677 0.003131866 -0.2464852 0.02580666 0.002046823 -0.221818 0.02651876 0.01059794 -0.1879306 0.03933817 0.01623904 -0.1966909 0.02807784 0.01843214 -0.1604682 0.04177755 0.0230835 -0.2079995 0.05079305 0.003917634 -0.1801561 0.05282598 0.01369428 -0.1604956 0.05479282 0.0185514 -0.1176971 0.05502343 0.02589839 -0.29 0.009964168 -0.001202523 -0.03353506 0.05615788 0.03727805 -0.0370621 0.03248691 0.0449621 0.006801903 0.05661112 0.03756493 0.003325045 0.03322124 0.04644387 0.1581102 0.05729502 0.03214854 0.08619272 0.04949605 0.03993552 0.09745317 0.03886872 0.04509639 0.1533721 0.04473668 0.04116213 0.05684661 0.03442817 0.04583257 0.05950641 0.02243238 0.05016058 0.1062327 0.02619016 0.04975777 0.06057125 0.01551371 0.05178797 0.1092193 0.01838439 0.05179804 0.1630101 0.03855943 0.04332858 0.1709712 0.03115594 0.04550629 0.1768642 0.02217793 0.04769343 0.1875568 0.04748857 0.03537631 0.2001266 0.04120165 0.03709584 0.2106127 0.03348469 0.03890806 0.2218904 0.04973638 0.02521169 0.237362 0.04335987 0.02612882 0.2504176 0.03538691 0.02720445 0.1558474 0.01062637 0.05203878 0.1110186 0.009229123 0.05358958 0.09084355 0.008556008 0.05355966 0.02707606 0.007315635 0.05170124 -1.60618e-4 0.007257044 0.05046302 -0.06407088 0.006777882 0.04560381 -0.07637733 0.03150773 0.04062134 -0.07540625 0.05555355 0.03265982 0.04858684 0.1313415 0.0186116 0.01193332 0.1165623 0.02596193 0.04155337 0.1320859 0.02017438 0.04227262 0.1164627 0.0212146 0.05084574 0.1156712 0.02053034 0.06285405 0.09179455 0.02446156 0.05573189 0.1026049 0.02248096 0.04323369 0.102868 0.02272665 0.01023912 0.09100073 0.02877587 0.04440075 0.09107536 0.0246393 0.0472092 0.07199013 0.02938222 0.06227934 0.07352292 0.02943605 0.07182085 0.08289176 0.0264703 0.08224111 0.07554847 0.02850532 0.09559977 0.07649832 0.02607387 -0.1605777 0.1169066 0.007679402 -0.1727817 0.117321 0.00493437 -0.1605504 0.09095823 0.01033544 -0.1690346 0.09066653 0.008683741 -0.1805229 0.09036499 0.004773437 -0.1925114 0.0684157 0.004449725 -0.1737349 0.06958693 0.01108127 -0.1605229 0.07072001 0.01413071 -0.1183714 0.07082939 0.02140587 -0.03006374 0.09099018 0.02948093 0.3268725 0.01358151 -0.002587318 0.3273357 0.01382565 -0.003257036 0.3275072 0.01392531 -0.004083693 0.08197647 0.1032976 0.007102429 0.0700038 0.1158176 0.008091092 0.06857347 0.1151641 0.01040744 0.0975421 0.09368276 0.004415273 0.09765934 0.09323996 0.005814671 0.1374614 0.07879215 0.002580821 0.06949239 0.1163077 0.006182491 0.06903237 0.1164711 0.005718648 0.0613662 0.1316164 0.006387948 0.06089639 0.1308431 0.01099359 0.3300488 0.008133411 -0.01084798 0.3281869 0.01251846 -0.004105329 0.3288197 0.01108992 -0.00412327 0.3294048 0.009641528 -0.004137575 0.3299094 0.008268833 -0.004147052 0.3223907 0.02216809 -0.01099705 0.3103545 0.03351366 -0.01036423 0.2946186 0.04259258 -0.009372949 0.2758566 0.04983478 -0.008083045 0.2319491 0.06052875 -0.004846274 0.1840211 0.06903481 -0.00113219 0.0806297 0.1024826 0.009499907 0.09639286 0.09235435 0.008324503 0.08108711 0.1041126 0.004652798 0.09685546 0.09412556 0.003256559 0.1368331 0.07960432 -2.63013e-4 0.1835656 0.06958401 -0.004311561 0.330038 0.008026361 -0.01614725 0.06224364 0.1314231 0.007405102 0.06245261 0.1313264 0.008062362 0.07004141 0.1159809 0.007427632 0.08201521 0.1035013 0.006424605 0.06984835 0.1161443 0.006765246 0.08183926 0.1037051 0.005747675 0.06186056 0.1315198 0.006833016 0.08151161 0.1039088 0.005144894 0.07455337 0.1099694 0.005231142 0.06241506 0.1312298 0.008720755 0.3300477 0.007862329 -0.01614689 0.3300762 0.007970273 -0.01084786 0.3300154 0.007943987 -0.004181444 0.3300367 0.007675468 -0.01724672 0.3299366 0.008185863 -0.004149556 0.3299651 0.008098781 -0.004152297 0.3300114 0.007955729 -0.004156529 0.3300148 0.007944941 -0.004156827 0.3300329 0.007718324 -0.01736623 0.3300353 0.007684409 -0.01730406 0.33 -3.58315e-5 -0.004200398 0.33 -3.58315e-5 -0.01720184 0.3300008 1.27097e-4 -0.01720279 0.3300352 0.007354795 -0.01724481 0.3300148 0.00763905 -0.004182159 0.3300255 0.005289733 -0.01723277 0.330011 0.005606472 -0.004186987 0.3300157 0.00322467 -0.01722073 0.330007 0.003573954 -0.004191815 0.3300011 5.25177e-4 -0.004199087 0.3300008 -1.9876e-4 -0.01720279 0.330053 -0.007765173 -0.01637536 0.3300367 -0.007747173 -0.01724672 0.3300352 -0.0074265 -0.01724481 0.3301027 -0.00788027 -0.01077067 0.3300154 -0.008015632 -0.004181444 0.3300136 -0.007081389 -0.00418365 0.3300077 -0.004032611 -0.004190921 0.3300255 -0.005361378 -0.01723277 0.3300157 -0.003296315 -0.01722073 0.3300038 -0.002000033 -0.004195749 0.3299111 -0.00833404 -0.004123747 0.3299095 -0.008339643 -0.004137754 0.3299252 -0.008289396 -0.004083693 0.3299094 -0.008340537 -0.004147052 0.3300753 -0.008043527 -0.01077079 0.3300324 -0.007798731 -0.01737719 0.3300347 -0.007762432 -0.01732027 0.3300442 -0.007929325 -0.01637572 0.3300037 -0.008046448 -0.003993809 0.3300214 -0.008047699 -0.0175442 0.3300235 -0.008074223 -0.01731598 0.3300352 -0.008093357 -0.01637607 0.3300476 -0.008206605 -0.01077091 0.0806297 -0.1025543 0.009499907 0.06857347 -0.1152357 0.01040744 0.0700038 -0.1158892 0.008091092 0.06186056 -0.1315914 0.006833016 0.0613662 -0.1316881 0.006387948 0.06903237 -0.1165428 0.005718648 0.06443899 -0.1206109 0.004666328 0.06451523 -0.120496 0.004660606 0.3275864 -0.01377832 -0.01739001 0.328332 -0.01225012 -0.01737433 0.3290195 -0.01069438 -0.0173546 0.3296475 -0.009113967 -0.01733094 0.2946186 -0.04266422 -0.009372949 0.3111415 -0.03245562 -0.01706469 0.3103545 -0.0335853 -0.01036423 0.3211381 -0.02329033 -0.01737499 0.3223907 -0.0222398 -0.01099705 0.3244889 -0.01896184 -0.01740962 0.3275411 -0.01386654 -0.01739078 0.2758566 -0.04990649 -0.008083045 0.2833432 -0.04690074 -0.01537191 0.2999416 -0.03947836 -0.01648759 0.2319491 -0.06060045 -0.004846274 0.2446818 -0.05803829 -0.01215457 0.2726873 -0.05058354 -0.0145508 0.1840211 -0.06910645 -0.00113219 0.1994929 -0.06697046 -0.00786525 0.2216868 -0.06282764 -0.01001948 0.1035761 -0.09103226 0.001816928 0.128401 -0.08222734 -6.42828e-4 0.1368331 -0.07967603 -2.63013e-4 0.1502128 -0.0766471 -0.002881228 0.1835656 -0.06965565 -0.004311561 0.09602415 -0.09459882 0.002495169 0.09685546 -0.09419727 0.003256559 0.0916329 -0.0969538 0.002856969 0.08108711 -0.1041843 0.004652798 0.07806259 -0.1060553 0.003798186 0.05622255 -0.149936 0.005491018 0.05624359 -0.1491331 0.005495905 0.05669188 -0.1431296 0.005490422 0.05847561 -0.1341596 0.005336463 0.05905258 -0.1322585 0.005278646 0.06437993 -0.1207069 0.004673659 0.06089639 -0.1309148 0.01099359 0.1374614 -0.07886379 0.002580821 0.1951214 -0.06589347 0.004080235 0.3275072 -0.01399701 -0.004083693 0.3274951 -0.01402103 -0.004083275 0.327483 -0.014045 -0.004082918 0.3274709 -0.01406902 -0.0040825 0.0975421 -0.09375447 0.004415273 0.09765934 -0.0933116 0.005814671 0.08197647 -0.1033692 0.007102429 0.09639286 -0.092426 0.008324503 0.08201521 -0.103573 0.006424605 0.08183926 -0.1037768 0.005747675 0.08151161 -0.1039805 0.005144894 0.07455337 -0.1100411 0.005231142 0.07315659 -0.1103388 0.004093527 0.06949239 -0.1163793 0.006182491 0.06224364 -0.1314948 0.007405102 0.06245261 -0.1313981 0.008062362 0.06241506 -0.1313014 0.008720755 0.06984835 -0.116216 0.006765246 0.07004141 -0.1160526 0.007427632 0.3272997 -0.01396894 -0.003256201 0.3268374 -0.01372414 -0.002586662 0.3273118 -0.0139451 -0.003256499 0.3273237 -0.0139212 -0.003256738 0.3273357 -0.01389729 -0.003257036 0.3268491 -0.01370054 -0.002586841 0.3268609 -0.01367688 -0.00258708 0.3268725 -0.01365315 -0.002587318 0.04858684 -0.1314132 0.0186116 0.02707606 -0.00738728 0.05170124 -1.60618e-4 -0.007328689 0.05046302 0.05950641 -0.02250409 0.05016058 0.06057125 -0.01558542 0.05178797 0.1092193 -0.0184561 0.05179804 0.09084355 -0.008627712 0.05355966 0.1630101 -0.03863114 0.04332858 0.1709712 -0.03122758 0.04550629 0.1062327 -0.02626186 0.04975777 0.2106127 -0.03355634 0.03890806 -0.06407088 -0.006849586 0.04560381 -0.0370621 -0.03255856 0.0449621 -0.221818 -0.02659046 0.01059794 -0.1966909 -0.02814954 0.01843214 -0.2177801 -0.008203744 0.02012318 -0.29 -0.01003581 -0.001202523 -0.2464852 -0.02587831 0.002046823 0.1228715 -0.07784879 0.01440149 0.1654555 -0.06844794 0.01338016 0.2971667 -0.01352411 0.01625299 0.2960442 -0.02642357 0.01177597 0.2688223 -0.04483026 0.01143777 0.2097873 -0.06071847 0.01233267 0.09327268 -0.08394968 0.02056527 0.07875859 -0.092215 0.01977467 0.06689995 -0.102549 0.0188573 0.05826038 -0.115359 0.01778143 0.05340331 -0.1310521 0.01651543 -0.22624 -0.03688842 0.003131866 -0.2079995 -0.05086469 0.003917634 -0.1879306 -0.03940981 0.01623904 -0.1801561 -0.05289763 0.01369428 -0.1604682 -0.04184919 0.0230835 -0.1604956 -0.05486446 0.0185514 -0.1176971 -0.05509507 0.02589839 -0.1534311 -0.006287336 0.03341412 -0.1604409 -0.03034687 0.02721309 -0.1163576 -0.03072047 0.03458315 -0.07637733 -0.03157943 0.04062134 -0.07540625 -0.0556252 0.03265982 -0.03353506 -0.05622953 0.03727805 0.006801903 -0.05668276 0.03756493 0.003325045 -0.03329288 0.04644387 0.1533721 -0.04480838 0.04116213 0.09745317 -0.03894037 0.04509639 0.08619272 -0.04956775 0.03993552 0.0537191 -0.0455501 0.0405476 0.05041098 -0.0574668 0.03487461 0.06227934 -0.07359457 0.02943605 0.08224111 -0.07562011 0.02850532 0.1058767 -0.06421893 0.03264665 0.1261616 -0.06602138 0.02909201 0.1581102 -0.05736666 0.03214854 0.1859528 -0.05940043 0.02372586 0.2218904 -0.04980802 0.02521169 0.2509572 -0.05126482 0.0115906 0.2840559 -0.03669136 0.01148575 0.2504176 -0.03545856 0.02720445 0.237362 -0.04343158 0.02612882 0.2001266 -0.04127335 0.03709584 0.1875568 -0.04756021 0.03537631 0.1306304 -0.05487692 0.03687059 0.07396394 -0.06037533 0.03460538 0.0472092 -0.07206177 0.02938222 0.2670263 -0.01309394 0.02995753 0.2604935 -0.02548176 0.02847009 0.251639 -0.01283621 0.03532457 0.2185288 -0.02402859 0.04082942 0.223389 -0.01230943 0.0428766 0.2038265 -0.01189994 0.04664456 0.1768642 -0.02224963 0.04769343 0.1558474 -0.01069802 0.05203878 0.1110186 -0.009300768 0.05358958 0.05684661 -0.03449982 0.04583257 0.01023912 -0.09107238 0.02877587 0.01193332 -0.116634 0.02596193 0.04227262 -0.1165344 0.0212146 0.04155337 -0.1321576 0.02017438 0.05084574 -0.1157429 0.02053034 0.04323369 -0.1029397 0.02272665 0.05573189 -0.1026766 0.02248096 0.06285405 -0.09186619 0.02446156 0.04440075 -0.091147 0.0246393 0.07182085 -0.0829634 0.0264703 0.1471129 -0.06749373 0.02249336 0.1098788 -0.0773459 0.02126085 0.09559977 -0.07657003 0.02607387 -0.1805229 -0.09043663 0.004773437 -0.1727817 -0.1173927 0.00493437 -0.1690346 -0.09073817 0.008683741 -0.1605777 -0.1169782 0.007679402 -0.1197358 -0.1169346 0.01475697 -0.1190506 -0.0910353 0.01751631 -0.1605504 -0.09102994 0.01033544 -0.1925114 -0.06848734 0.004449725 -0.1737349 -0.06965857 0.01108127 -0.1605229 -0.07079166 0.01413071 -0.1183714 -0.07090109 0.02140587 -0.07447493 -0.0910477 0.02473539 -0.03006374 -0.09106183 0.02948093 0.05621862 -0.1499359 0.005489587 0.05620956 -0.1491315 0.005483269 0.05649822 -0.1431029 0.00540781 0.05822414 -0.1340813 0.005202293 0.05881339 -0.1321736 0.005143523 0.064377 -0.1207048 0.004671037 0.3233906 -0.01825171 -0.02016001 0.3262597 -0.01322185 -0.0203166 0.3271771 -0.01368707 -0.01900637 0.3241629 -0.0187624 -0.01891404 0.3208523 -0.02308404 -0.0187658 0.3109501 -0.03227245 -0.01817047 0.2998138 -0.039339 -0.01736098 0.2832633 -0.04681241 -0.01602858 0.2726231 -0.05051726 -0.01512569 0.244634 -0.05800771 -0.01265025 0.2216397 -0.06281852 -0.01054543 0.1994412 -0.06698465 -0.008471965 0.1501421 -0.07671964 -0.003762662 0.1283136 -0.08229529 -0.001638412 0.1034331 -0.09100073 8.15376e-4 0.09143704 -0.0968315 0.002004444 0.07784527 -0.1058949 0.003344953 0.07298034 -0.1102171 0.003824055 0.06451326 -0.120495 0.004658937 0.06451129 -0.1204941 0.004657328 0.07278925 -0.1100783 0.003573656 0.07759374 -0.1056875 0.002930045 0.09115713 -0.09654575 0.001217007 0.103196 -0.0907371 -1.32707e-4 0.1281585 -0.08212256 -0.002612888 0.1500287 -0.07660037 -0.004634499 0.1993733 -0.0669077 -0.009072422 0.2215799 -0.06274116 -0.01106441 0.2445733 -0.05791693 -0.0131371 0.272535 -0.0503717 -0.01568251 0.283147 -0.04662251 -0.01665771 0.2995995 -0.03903084 -0.01817196 0.3105829 -0.03184491 -0.01915818 0.3202149 -0.02256828 -0.01994329 0.3262809 -0.01317852 -0.02031755 0.3263021 -0.01313513 -0.0203185 0.3272218 -0.01359927 -0.01900726 0.3284211 -0.00803554 -0.02038389 0.3293489 -0.008057236 -0.01941645 0.3292587 -0.008959949 -0.01902699 0.329589 -0.008064866 -0.0190137 0.3282301 -0.008567333 -0.02038317 0.3284175 -0.00803554 -0.02038651 0.3286378 -0.01053142 -0.01902639 0.3279584 -0.01207882 -0.01901984 0.3276431 -0.0101121 -0.02036869 0.3270001 -0.01163554 -0.02034711 0.3295874 -0.00743556 -0.01901334 0.32842 -0.007706403 -0.02038478 0.3295692 -2.07876e-4 -0.01900863 0.3295739 -3.58315e-5 -0.01899832 0.3297745 -3.58315e-5 -0.01852589 0.3283871 -2.19056e-4 -0.02041149 0.3283863 -3.58315e-5 -0.02041214 0.3284167 -3.58315e-5 -0.02038931 0.3285061 -3.58315e-5 -0.02031946 0.3285936 -3.58315e-5 -0.0202471 0.3291234 -3.58315e-5 -0.01970064 0.3284189 -0.007446646 -0.02038568 0.3284098 -0.005381584 -0.02039307 0.3295822 -0.005370497 -0.01901197 0.3284007 -0.003316581 -0.0204004 0.329577 -0.003305435 -0.01901066 0.3295925 0.007363855 -0.01900339 0.3295744 1.36148e-4 -0.01899844 0.3283871 1.47393e-4 -0.02041149 0.3295873 0.005298793 -0.01900196 0.3295822 0.00323373 -0.01900053 0.32842 0.007634758 -0.02038478 0.3284189 0.007375001 -0.02038568 0.3284098 0.005309939 -0.02039307 0.3284007 0.003244936 -0.0204004 -0.02753704 0.005307495 -0.07055389 0.07153981 0.006117284 -0.07599228 0.0715413 0.005991518 -0.07600498 0.1424 0.006645977 -0.07598334 0.2916237 0.00754553 -0.04284685 -0.2866474 0.005724072 -0.02238291 -0.2866473 0.00584501 -0.02238291 -0.2642934 0.005500614 -0.02975207 -0.2643017 0.005616784 -0.02974814 -0.2241491 0.004783511 -0.04104346 0.2916524 0.007870435 -0.04281997 0.2606384 0.007412195 -0.05585354 0.2492046 0.007672011 -0.05956506 0.2491605 0.007356047 -0.05960792 0.2161076 0.007176339 -0.06781905 0.200617 0.007384121 -0.07049882 0.2005661 0.007081151 -0.07054811 0.1735679 0.007189691 -0.07385194 0.1735194 0.006895542 -0.07390052 0.1424384 0.006928324 -0.07593888 0.07153832 0.006242871 -0.07597935 -0.02751654 0.005529761 -0.07054316 -0.04202365 0.005030512 -0.06937438 -0.0836395 0.004269361 -0.06528228 -0.08364266 0.004096686 -0.06529998 -0.1134473 0.003537833 -0.06170874 -0.1134503 0.003612816 -0.06169909 -0.1438083 0.003242492 -0.05737692 -0.1438112 0.003311395 -0.05736887 -0.1847276 0.003689527 -0.05005186 -0.2866476 0.005603075 -0.02238297 -0.2642851 0.005384445 -0.02975606 -0.2241345 0.004586398 -0.04105532 -0.2162348 0.004404425 -0.04301488 -0.184733 0.003847122 -0.05004006 -0.143814 0.003380239 -0.0573607 -0.1134534 0.003687679 -0.06168925 0.02853822 0.1230221 -0.001052796 0.01052379 0.1227152 -0.001576304 0.05137503 0.05913615 -0.04706138 0.05399441 0.04582685 -0.0595327 0.001734673 0.04455214 -0.05806773 0.1988714 0.01222848 -0.06975924 0.1730959 0.01193481 -0.07294964 0.1699677 0.02367609 -0.06987643 0.1400833 0.0114957 -0.07518607 0.06569582 0.1064293 -0.003643214 0.2062575 0.06191027 -0.02302652 -0.2871291 0.009978055 -0.02218317 -0.2886248 0.01037657 -0.02110272 -0.2462076 0.02578347 -0.01578831 0.2903947 0.02560579 -0.03662729 0.2788427 0.03590321 -0.03459489 0.2898999 0.01300257 -0.04239255 0.2466022 0.05120432 -0.02935487 0.1627014 0.07097685 -0.01618444 0.10746 0.08175384 -0.01558411 0.1208269 0.08135974 -0.00940293 0.05735033 0.1183726 -4.27643e-4 0.05271822 0.132766 0.00226742 0.04801338 0.1336978 0.001324892 0.1109681 0.0338273 -0.06826454 0.1644654 0.03356826 -0.06602227 0.1101946 0.03282785 -0.06877738 0.1099405 0.03259623 -0.06889414 0.1111701 0.03748786 -0.0662418 0.1110737 0.03768819 -0.0661242 0.147843 0.04903423 -0.05644404 0.1111233 0.03412568 -0.06810832 0.111476 0.03527742 -0.06749129 0.1112736 0.03723526 -0.06638908 0.1101455 0.03889554 -0.0653997 0.10883 0.03975582 -0.06486779 0.1072872 0.04019618 -0.06459248 0.1056213 0.04017943 -0.06460893 0.09346789 0.04717206 -0.05945706 0.1040446 0.03968453 -0.0649296 0.1027196 0.03873461 -0.065526 0.1025727 0.03857731 -0.0656228 0.1018473 0.03744667 -0.06630307 0.1017262 0.0371319 -0.06648772 0.1015205 0.03598862 -0.06714141 0.1017612 0.03450715 -0.06794935 0.1015886 0.03156465 -0.06942737 0.1020554 0.03386431 -0.06828635 0.1025226 0.03318578 -0.06863307 0.1037366 0.03214609 -0.06914579 0.1045957 0.03172701 -0.06934523 0.1052492 0.03152501 -0.06943905 0.1064085 0.03137409 -0.06950539 0.1069124 0.03138613 -0.06949722 0.1043499 0.02202022 -0.07317602 0.1085318 0.03175538 -0.06931245 0.1436895 0.07105314 -0.02462714 0.1814458 0.06164258 -0.03376221 0.2162864 0.05068534 -0.04232579 0.2437691 0.03534483 -0.0496546 0.253363 0.02514433 -0.05264866 0.2474582 0.01268661 -0.05897289 0.06754833 0.01039904 -0.0753383 -0.1162993 0.01905584 -0.05631613 -0.03815579 0.0405941 -0.05561274 -0.03992074 0.02618443 -0.06433039 -2.45106e-5 0.02909302 -0.06718903 0.05624437 0.03011727 -0.06935459 -0.2382844 0.01721125 -0.0291903 -0.2065814 0.01738494 -0.03909665 -0.1970217 0.02737551 -0.03335201 -0.1771625 0.01755845 -0.04686826 -0.1741448 0.02846854 -0.04022324 -0.1609419 0.01763689 -0.05035787 -0.1609446 0.02896231 -0.04328376 -0.11695 0.03089332 -0.04837268 -0.2259535 0.0366652 -0.01198387 -0.1881176 0.03875017 -0.02628761 -0.1713303 0.04018169 -0.03176915 -0.1609473 0.04082834 -0.0341894 -0.1176059 0.04294157 -0.0383495 -0.03463196 0.06659805 -0.03188431 0.005253493 0.0707398 -0.03310239 0.04860925 0.07176756 -0.03343689 -0.1726911 0.1170302 0.001267671 -0.1663475 0.117278 -1.58232e-4 -0.1609582 0.1175251 -2.69466e-4 -0.1923112 0.06802678 -0.004167795 -0.1803833 0.08995985 -9.53262e-4 -0.1737338 0.06948953 -0.01126468 -0.1689837 0.09077292 -0.004838705 -0.1667647 0.07049381 -0.01350921 -0.1609554 0.09158337 -0.0061149 -0.1202679 0.1181679 -0.001067876 0.0409969 0.1355076 0.001727938 -0.1609528 0.07094752 -0.01447206 -0.1195977 0.09281384 -0.00760591 -0.02936863 0.1213975 -0.001832842 0.05015516 0.1198838 -0.001916587 0.04166436 0.1228194 -6.06858e-4 0.04353088 0.1018867 -0.008713364 0.05481195 0.1082152 -0.005915045 0.1225488 0.07116395 -0.03034895 0.1532726 0.06125372 -0.04125845 0.1815104 0.0499317 -0.05151212 0.2034742 0.03453391 -0.06031721 0.2109197 0.02447414 -0.06392896 0.1262375 0.06079077 -0.04516148 0.1026573 0.07129597 -0.03312104 0.08011114 0.08300781 -0.02126908 0.08304238 0.05983012 -0.04724425 0.07170361 0.0715698 -0.03405457 0.06084311 0.08442199 -0.02115362 0.06160753 0.09838443 -0.0105521 0.07719945 0.09658145 -0.007296442 0.02773171 0.1021055 -0.008912861 0.02692455 0.08555334 -0.02016395 0.008768916 0.1015179 -0.009275019 0.00701195 0.08473771 -0.02028882 -0.03111946 0.09899568 -0.009220182 -0.03287404 0.0812366 -0.01971012 -0.1189303 0.07265561 -0.0167858 -0.1182661 0.0564469 -0.02742713 -0.16095 0.05442631 -0.02420783 0.04592019 0.08544361 -0.02015548 -0.2532927 0.009245097 -0.03296971 -0.2164316 0.007819235 -0.04275512 -0.1769705 0.006183922 -0.05133253 -0.1403471 0.005758345 -0.05754226 -0.1101925 0.006323277 -0.06170719 -0.079993 0.007333457 -0.06528848 -0.02843242 0.009245872 -0.07015913 -0.001782655 0.009877383 -0.07204902 -0.2077447 0.05050408 -0.007977545 -0.1802334 0.05246841 -0.01866972 -0.1688324 0.05381703 -0.02252483 -0.2866436 0.009019374 -0.02238202 -0.2866423 0.009954452 -0.02238172 -0.2552791 0.009284198 -0.03241097 -0.2866455 0.007432162 -0.02238243 0.2981204 0.01296508 -0.03818017 0.2594773 0.01269966 -0.05509853 0.2899324 0.01291668 -0.0424019 0.2153936 0.01231414 -0.06689751 0.2474816 0.01260262 -0.05898725 0.1060196 0.0109027 -0.07590293 0.1400915 0.01141858 -0.07520163 0.1731072 0.01185512 -0.07296627 0.1988862 0.01214706 -0.06977587 -0.1101909 0.006279289 -0.06171566 -0.07999438 0.007282793 -0.06529653 -0.04169261 0.008746445 -0.0690661 0.05790573 0.01021468 -0.07504051 0.06755322 0.01032829 -0.07534885 -0.1609392 0.005621016 -0.05428504 -0.1403451 0.005718111 -0.05754983 -0.1156521 0.006139874 -0.06100797 -0.2533446 0.009221136 -0.03297716 -0.2164624 0.007789075 -0.04276245 -0.1769782 0.006146609 -0.05133873 -0.286889 0.009961128 -0.02228856 0.2951644 0.01295483 -0.03974694 0.3001956 0.01298952 -0.03704363 0.2905973 0.01292163 -0.04207301 0.3096612 0.01304787 -0.03153026 0.2925735 0.01293617 -0.04108107 0.2902653 0.01291918 -0.04223757 0.290099 0.01291793 -0.04231977 0.2912592 0.01292657 -0.04174327 -0.28997 0.009973108 -0.009867489 -0.2895429 0.01010084 -0.01974761 -0.2899403 0.009981989 -0.0184291 -0.289955 0.009977579 -0.01419997 0.298004 0.01337355 0.01582741 -0.2551659 0.009305357 0.01007127 -0.29 0.009892225 -0.001202523 -0.1607219 0.006169795 0.03215259 -0.2161688 0.008017122 0.02051746 -0.2177762 0.008074343 0.02012658 -0.1154935 0.006298601 0.03928732 -0.06407392 0.00673139 0.04560184 -0.04150521 0.00694108 0.04771292 0.02707427 0.007265686 0.05170357 0.05841177 0.007556676 0.05287784 0.1065732 0.009019494 0.05362516 0.1558575 0.01055568 0.05205219 0.1735755 0.0110327 0.05060654 0.2156914 0.01200121 0.04450511 0.2595348 0.0128141 0.03271269 0.3292159 0.009563267 -0.003289878 0.3297199 0.008229196 -0.003321886 0.329119 0.008250415 -0.002614557 0.3294571 0.008254528 -0.002936363 0.3291006 0.008287906 -0.002610623 0.3287081 0.009363412 -0.002609789 0.3291457 0.008209466 -0.002623915 0.3291812 0.008180201 -0.002643465 0.329233 0.008161067 -0.002680063 0.3293789 0.008160054 -0.002813875 0.3286359 0.01100409 -0.003282368 0.3280091 0.01242548 -0.0032714 0.3281421 0.01078855 -0.002605676 0.3275301 0.01219516 -0.002598166 0.3296766 0.007968187 -0.003098189 0.3297668 0.008046865 -0.003294587 0.3297381 0.008132159 -0.003293991 0.3297973 0.007969081 -0.003303647 0.3299515 0.007963716 -0.003710031 0.329127 0.008225679 -0.00261408 0.3291547 0.008139967 -0.002612411 0.3297091 0.008218467 -0.003293633 0.3291825 0.008054256 -0.002610921 0.3292101 0.007968544 -0.002609431 0.3292116 0.007964015 -0.002609372 0.3292148 0.007964015 -0.002611696 0.3292142 0.007642924 -0.002611219 0.3292006 5.29149e-4 -0.002600908 0.3291996 -3.58315e-5 -0.002600073 0.3297888 -3.60601e-5 -0.003305733 0.3297969 0.007640779 -0.003303706 0.3292103 0.005610406 -0.002608299 0.3297948 0.00560826 -0.003304243 0.3292065 0.003577888 -0.002605319 0.3297926 0.003575682 -0.003304779 0.3297894 5.26935e-4 -0.003305613 0.3297908 -0.002001821 -0.003305196 0.3297963 -0.007083117 -0.003303885 0.3297056 -0.008050918 -0.003142714 0.329213 -0.007085323 -0.002610325 0.3292148 -0.008035659 -0.002611696 0.3292568 -0.008039057 -0.002644062 0.3292033 -0.002004027 -0.002602934 0.3292072 -0.004036545 -0.002605915 0.329793 -0.00403434 -0.00330466 0.3291006 -0.008359551 -0.002610623 0.3297467 -0.008183717 -0.00329411 0.2972021 -0.01343572 0.01625889 0.2516642 -0.01275217 0.03533625 0.2038428 -0.01182174 0.04665857 0.1558575 -0.01062732 0.05205219 0.1065732 -0.009091138 0.05362516 -0.04150521 -0.007012724 0.04771292 0.02707427 -0.007337391 0.05170357 0.09084975 -0.008570015 0.05356872 -0.06407392 -0.006803035 0.04560184 -0.1534302 -0.006244361 0.03341704 -0.2177762 -0.008145987 0.02012658 -0.29 -0.009963929 -0.001202523 -0.28997 -0.01004475 -0.009867489 -0.289955 -0.01004928 -0.01419997 -0.2462076 -0.02585512 -0.01578831 -0.2899403 -0.01005363 -0.0184291 -0.2894263 -0.01020747 -0.01998454 -0.2886248 -0.01044821 -0.02110272 -0.1726911 -0.1171018 0.001267671 -0.1803833 -0.09003156 -9.53262e-4 -0.1923112 -0.06809842 -0.004167795 -0.2077447 -0.05057573 -0.007977545 -0.2259535 -0.03673684 -0.01198387 0.05735033 -0.1184443 -4.27643e-4 0.05015516 -0.1199555 -0.001916587 0.05481195 -0.1082868 -0.005915045 0.04801338 -0.1337694 0.001324892 -0.1689837 -0.09084463 -0.004838705 -0.1202679 -0.1182396 -0.001067876 -0.079993 -0.007405102 -0.06528848 -0.02843242 -0.009317517 -0.07015913 -0.03992074 -0.02625614 -0.06433039 -0.2532927 -0.009316742 -0.03296971 -0.2164316 -0.00789088 -0.04275512 -0.2065814 -0.01745665 -0.03909665 -0.1688324 -0.05388873 -0.02252483 -0.1802334 -0.05254006 -0.01866972 -0.1881176 -0.03882181 -0.02628761 0.005253493 -0.07081145 -0.03310239 -0.03463196 -0.0666697 -0.03188431 -0.03815579 -0.04066574 -0.05561274 0.09346789 -0.04724377 -0.05945706 0.05399441 -0.04589855 -0.0595327 0.05624437 -0.03018891 -0.06935459 0.1815104 -0.05000334 -0.05151212 0.147843 -0.04910588 -0.05644404 0.1644654 -0.0336399 -0.06602227 -0.2382844 -0.0172829 -0.0291903 -0.2871291 -0.01004976 -0.02218317 0.05271822 -0.1328377 0.00226742 0.07719945 -0.0966531 -0.007296442 0.1208269 -0.08143138 -0.00940293 0.1627014 -0.07104849 -0.01618444 0.2062575 -0.06198191 -0.02302652 0.2466022 -0.05127596 -0.02935487 0.2788427 -0.03597486 -0.03459489 0.2903947 -0.02567744 -0.03662729 0.1035944 -0.03230738 -0.06910252 0.1031634 -0.03262305 -0.06894868 0.1015886 -0.03163629 -0.06942737 0.1024023 -0.03340822 -0.06855678 0.1016904 -0.0347923 -0.06783562 0.1015406 -0.03553318 -0.06743389 0.1015363 -0.03631412 -0.06699854 0.1017262 -0.03720349 -0.06648778 0.1019625 -0.0377618 -0.06615889 0.1028795 -0.03896164 -0.06542992 0.1039224 -0.03969419 -0.06496924 0.1041904 -0.03982502 -0.06488555 0.1056426 -0.04025435 -0.06460672 0.1057313 -0.04026722 -0.06459814 0.1073959 -0.04025197 -0.06460225 0.1089808 -0.03975653 -0.06491208 0.110296 -0.03882277 -0.06548774 0.1111701 -0.0375595 -0.0662418 0.1114615 -0.03661549 -0.06678617 0.1115177 -0.03579223 -0.0672478 0.1114328 -0.03511142 -0.06762045 0.1108552 -0.03371202 -0.06836163 0.1101946 -0.03289955 -0.06877738 0.1083837 -0.03177058 -0.06934034 0.1067588 -0.03144919 -0.06950205 0.1043499 -0.02209186 -0.07317602 0.1064086 -0.0314458 -0.06950539 0.1050925 -0.03163695 -0.06942051 0.1045958 -0.03179866 -0.06934523 0.1532726 -0.06132543 -0.04125845 0.1225488 -0.07123565 -0.03034895 0.1262375 -0.06086242 -0.04516148 0.1026573 -0.07136762 -0.03312104 0.08304238 -0.05990177 -0.04724425 0.2898999 -0.01307421 -0.04239255 0.2474582 -0.01275831 -0.05897289 0.1400833 -0.01156735 -0.07518607 0.1730959 -0.01200646 -0.07294964 0.1699677 -0.02374774 -0.06987643 0.1098001 -0.03255325 -0.0689516 0.2034742 -0.03460556 -0.06031721 0.2109197 -0.02454578 -0.06392896 0.1988714 -0.01230013 -0.06975924 -0.001782655 -0.009949088 -0.07204902 0.06754833 -0.01047068 -0.0753383 -2.45106e-5 -0.02916467 -0.06718903 0.001734673 -0.04462379 -0.05806773 0.05137503 -0.05920779 -0.04706138 0.07170361 -0.07164144 -0.03405457 0.08011114 -0.08307945 -0.02126908 -0.16095 -0.05449801 -0.02420783 -0.1713303 -0.04025334 -0.03176915 -0.1609473 -0.04090005 -0.0341894 -0.1741448 -0.02854019 -0.04022324 -0.1609446 -0.02903401 -0.04328376 -0.1771625 -0.01763015 -0.04686826 -0.1609419 -0.01770853 -0.05035787 -0.1769705 -0.006255567 -0.05133253 -0.1403471 -0.005829989 -0.05754226 -0.1970217 -0.02744716 -0.03335201 -0.1101925 -0.006394982 -0.06170719 -0.1737338 -0.06956118 -0.01126468 -0.1667647 -0.07056552 -0.01350921 -0.1609554 -0.09165501 -0.0061149 -0.1609528 -0.07101923 -0.01447206 -0.1189303 -0.07272726 -0.0167858 -0.1182661 -0.05651861 -0.02742713 -0.1176059 -0.04301321 -0.0383495 -0.11695 -0.03096497 -0.04837268 -0.1162993 -0.01912748 -0.05631613 0.04166436 -0.1228911 -6.06858e-4 0.0409969 -0.1355793 0.001727938 0.02853822 -0.1230938 -0.001052796 -0.02936863 -0.1214691 -0.001832842 0.01052379 -0.1227868 -0.001576304 0.10746 -0.08182549 -0.01558411 0.253363 -0.02521598 -0.05264866 0.2437691 -0.03541648 -0.0496546 0.2162864 -0.05075705 -0.04232579 0.1814458 -0.06171423 -0.03376221 0.1436895 -0.07112479 -0.02462714 0.04592019 -0.08551526 -0.02015548 0.04353088 -0.1019584 -0.008713364 0.02692455 -0.08562499 -0.02016395 0.02773171 -0.1021772 -0.008912861 0.00701195 -0.08480936 -0.02028882 0.008768916 -0.1015896 -0.009275019 -0.03287404 -0.08130824 -0.01971012 -0.03111946 -0.09906733 -0.009220182 -0.1195977 -0.09288555 -0.00760591 -0.1609582 -0.1175968 -2.69466e-4 -0.1663475 -0.1173497 -1.58232e-4 0.04860925 -0.07183927 -0.03343689 0.06084311 -0.08449363 -0.02115362 0.06160753 -0.09845608 -0.0105521 0.06569582 -0.1065009 -0.003643214 0.1400915 -0.01149028 -0.07520163 -0.286889 -0.01003277 -0.02228856 0.2899324 -0.01298838 -0.0424019 -0.2866423 -0.01002615 -0.02238172 -0.2533446 -0.009292781 -0.03297716 -0.1769782 -0.006218254 -0.05133873 -0.1403461 -0.005809903 -0.05754601 -0.1101917 -0.006372988 -0.06171143 -0.07999366 -0.00737977 -0.06529247 -0.0284385 -0.009254217 -0.07016563 -0.07999438 -0.007354438 -0.06529653 -0.1101909 -0.006350994 -0.06171566 -0.1403451 -0.005789756 -0.05754983 0.06755322 -0.01039999 -0.07534885 0.1731072 -0.01192682 -0.07296627 0.1988862 -0.01221877 -0.06977587 0.2474816 -0.01267427 -0.05898725 0.24747 -0.01271629 -0.0589801 0.2899162 -0.0130313 -0.04239726 0.2997935 -0.007972478 -0.03859663 -0.2866455 -0.007503867 -0.02238243 -0.2866473 -0.005916655 -0.02238291 -0.2549698 -0.005529165 -0.03258395 -0.2866436 -0.009091019 -0.02238202 -0.2162474 -0.004665195 -0.0430029 -0.1609387 -0.003412425 -0.05456274 -0.1155416 -0.003727972 -0.06141453 -0.04200524 -0.005313038 -0.06936246 -0.02751654 -0.005601406 -0.07054316 0.05811929 -0.006210267 -0.07550507 0.1063085 -0.006651103 -0.07659524 0.1424384 -0.006999969 -0.07593888 0.1735679 -0.007261335 -0.07385194 0.200617 -0.007455766 -0.07049882 0.2161577 -0.007555425 -0.06777065 0.2606793 -0.007802426 -0.0558139 0.07141649 -0.006065845 -0.07600069 -0.08364266 -0.004168331 -0.06529998 -0.1134503 -0.003684461 -0.06169909 -0.1134473 -0.003609538 -0.06170874 -0.1438083 -0.003314197 -0.05737692 0.2916237 -0.007617235 -0.04284685 -0.2641762 -0.005457103 -0.02978992 -0.2241345 -0.004658102 -0.04105532 -0.2642851 -0.005456089 -0.02975606 -0.2866476 -0.005674719 -0.02238297 -0.2162348 -0.00447613 -0.04301488 -0.1847276 -0.003761231 -0.05005186 -0.1438763 -0.003316402 -0.05736607 -0.04202365 -0.005102157 -0.06937438 -0.02753704 -0.005379199 -0.07055389 0.0715413 -0.006063163 -0.07600498 0.1424 -0.006717622 -0.07598334 0.1735194 -0.006967186 -0.07390052 0.2005661 -0.007152855 -0.07054811 0.2491605 -0.007427752 -0.05960792 0.2606384 -0.007483839 -0.05585354 -0.2545273 -3.58315e-5 -0.03279268 -0.2866513 -0.001767337 -0.02238398 -0.2866528 -3.58315e-5 -0.0223844 -0.04176837 -0.003225862 -0.06948798 -0.03987443 -0.004303395 -0.0696032 -0.03811645 -0.004809498 -0.06972551 -0.03677523 -0.004991531 -0.06982785 -0.03527551 -0.005028486 -0.06995034 -0.03198021 -0.00454837 -0.07024282 -0.02895522 -0.003252565 -0.0705282 -0.02671897 -3.58315e-5 -0.07071638 0.05828863 -3.58315e-5 -0.07584899 -0.02691256 -9.89599e-4 -0.07071042 -0.02753329 -0.002026617 -0.07065981 -0.09399068 -3.58315e-5 -0.06440204 -0.04345738 -3.58315e-5 -0.06939083 -0.04335057 -9.11095e-4 -0.06940066 -0.04254198 -0.002467453 -0.06944549 -0.04283493 -0.002069532 -0.06942975 -0.1984208 -3.58315e-5 -0.04728347 -0.1609381 -3.58315e-5 -0.05471348 -0.1363778 -3.58315e-5 -0.05875003 0.306724 -3.58315e-5 -0.03483825 0.2561868 -3.58315e-5 -0.05796867 0.07573425 -3.58315e-5 -0.07658874 0.1058722 -3.58315e-5 -0.07733201 0.1417368 -3.58315e-5 -0.07690769 0.1723905 -3.58315e-5 -0.07495605 0.2014078 -3.58315e-5 -0.07132005 -0.2866513 0.001695692 -0.02238398 -0.0432288 0.001226723 -0.06940811 -0.0425921 0.002333819 -0.06944274 -0.0412473 0.003530502 -0.06951802 -0.04023295 0.004080593 -0.06958007 -0.03064495 0.004036605 -0.07036787 -0.03260594 0.004630386 -0.07018524 -0.02688407 8.33787e-4 -0.0707122 -0.02742171 0.001811087 -0.07066965 -0.02864634 0.002972245 -0.07055735 -0.02954381 0.003527462 -0.0704723 -0.02965706 0.003587365 -0.07046157 -0.03004556 0.003778636 -0.07042467 -0.03478097 0.00493437 -0.06999236 -0.03541249 0.004960358 -0.06993883 -0.03881502 0.004577636 -0.0696752 -0.2883989 0.005602419 -0.02132928 -0.2883988 0.005844354 -0.02132928 -0.2895822 0.005843222 -0.01966285 -0.2895823 0.005601346 -0.01966291 -0.29 0.00584191 -0.01766204 -0.29 0.005600035 -0.01766222 -0.2883968 0.009018599 -0.02132886 -0.2895817 0.009017348 -0.01966184 -0.29 0.009015917 -0.01765984 -0.29 0.009951412 -0.01765918 -0.29 0.007428944 -0.01766097 -0.289582 0.007430315 -0.01966238 -0.2883978 0.007431447 -0.02132904 -0.29 0.009938955 -0.01420319 -0.29 0.009923398 -0.009869635 -0.0418033 0.004161238 0.04751372 0.3026309 0.00817877 0.01458096 -0.29 0.005808055 -0.001202523 -0.2546918 0.005470514 0.01027143 -0.2156109 0.00473088 0.02077674 -0.06618797 0.004019677 0.04525715 -0.1525911 0.003685832 0.03368365 0.01841688 0.004356622 0.05138027 0.04459691 0.004394114 0.05260217 0.1013237 0.005337536 0.05417317 0.1635625 0.006531894 0.05230087 0.2114052 0.007240176 0.04626345 0.258747 0.00778985 0.03405851 0.2998278 0.00783962 0.01619511 0.3024975 0.008165299 0.01465833 -0.29 0.005687832 -0.001202523 -0.29 0.00556761 -0.001202523 -0.2548421 0.005247116 0.01023 -0.1525893 0.003611266 0.03368663 -0.2156046 0.004633843 0.02078139 -0.2546828 0.005357563 0.01027572 -0.2159425 0.004543483 0.02070254 -0.1607196 0.003534495 0.03228425 -0.115364 0.003611147 0.03936874 -0.06619727 0.003857672 0.04524654 -0.04182076 0.003993749 0.04749953 0.04460293 0.004217743 0.052612 0.05864083 0.004361093 0.05318677 0.1014286 0.005336225 0.05417442 0.1068912 0.00523585 0.05422937 0.1636908 0.006532192 0.05229145 0.2608545 0.007505118 0.03338688 0.2587756 0.0076375 0.034078 0.2165414 0.007018983 0.04533743 0.2114213 0.007098197 0.046287 0.1740956 0.006439745 0.05144309 0.2992553 -3.58315e-5 0.01669901 -0.29 -3.58315e-5 -0.001202523 -0.2544225 -3.58315e-5 0.01041883 -0.2156491 -3.58315e-5 0.02088826 -0.1607165 -3.58315e-5 0.03234755 -0.1151953 -3.58315e-5 0.03936135 -0.04222661 -3.58315e-5 0.0470879 0.05879807 -3.58315e-5 0.05346781 0.1064599 -3.58315e-5 0.05493277 0.1729586 -3.58315e-5 0.05249792 0.2153663 -3.58315e-5 0.04641032 0.2598975 -3.58315e-5 0.03427451 0.3027176 -0.007930755 0.01460093 0.2588037 -0.007556498 0.03409749 0.211437 -0.007027626 0.04631054 0.1635785 -0.006346225 0.05234616 0.1013368 -0.005197048 0.05420386 0.04460293 -0.004289388 0.052612 0.01840627 -0.004253327 0.05137974 -0.04182076 -0.004065454 0.04749953 -0.06619727 -0.003929316 0.04524654 -0.1525876 -0.003608286 0.03368961 -0.2155984 -0.004608392 0.02078604 -0.2546738 -0.005316257 0.01027995 -0.29 -0.005639314 -0.001202523 -0.1526604 -0.003610849 0.03367722 0.04469007 -0.004292786 0.0526157 0.3025778 -0.007948875 0.01467514 0.2997433 -0.008230268 0.01617348 0.2589374 -0.0075832 0.03404688 0.2607965 -0.007882535 0.0333485 0.2165072 -0.007377326 0.0452907 0.2114213 -0.007169842 0.046287 0.1740772 -0.006775259 0.05139666 0.1637067 -0.006353676 0.05233544 0.1068784 -0.005523979 0.05419695 0.1014414 -0.005204498 0.0542038 0.07033914 -0.004729568 0.05357623 0.05862891 -0.00461477 0.05317163 -0.0418033 -0.004232883 0.04751372 -0.06618797 -0.004091322 0.04525715 -0.1153712 -0.003835022 0.03936618 -0.1607197 -0.003755331 0.03227877 -0.1725655 -0.003838837 0.0300945 -0.2156715 -0.004649996 0.02076703 -0.2546828 -0.005429208 0.01027572 -0.29 -0.005759537 -0.001202523 -0.215955 -0.004809558 0.02069318 -0.2548601 -0.005544781 0.01022148 -0.29 -0.0058797 -0.001202523 -0.29 -0.009995043 -0.009869635 -0.29 -0.01001065 -0.01420319 -0.29 -0.01002305 -0.01765918 -0.2895817 -0.009089052 -0.01966184 -0.2883968 -0.009090244 -0.02132886 -0.29 -0.009087562 -0.01765984 -0.2883978 -0.007503092 -0.02132904 -0.289582 -0.007501959 -0.01966238 -0.29 -0.007500588 -0.01766097 -0.2883988 -0.005915999 -0.02132928 -0.2895822 -0.005914926 -0.01966285 -0.29 -0.005913615 -0.01766204 -0.29 -0.005671679 -0.01766222 -0.2895823 -0.005672991 -0.01966291 -0.2883989 -0.005674064 -0.02132928 -0.29 -0.001764774 -0.01766455 -0.2895828 -0.001765847 -0.01966404 -0.2884008 -0.0017668 -0.02132982 -0.2884016 -3.69303e-5 -0.02133005 -0.289583 -3.77762e-5 -0.01966446 -0.29 -3.8228e-5 -0.01766544 -0.2884008 0.001695096 -0.02132982 -0.2895828 0.001694202 -0.01966404 -0.29 0.001693129 -0.01766455 -0.395 0.003964126 -0.01813077 -0.395 0.01096415 -0.02220255 -0.395 -3.58315e-5 -0.01920253 -0.395 -0.01103579 -0.02220255 -0.395 -0.00403583 -0.01813077 -0.395 0.006892323 -0.007202565 -0.395 0.01096415 0.0137974 -0.395 0.007964134 -0.01120257 -0.395 0.006892323 -0.01520252 -0.395 -0.00403583 -0.004274368 -0.395 -0.006964027 -0.007202565 -0.395 -0.01103579 0.0137974 -0.395 -0.008035778 -0.01120257 -0.395 -0.006964027 -0.01520252 -0.395 -0.01036596 0.01629739 -0.395 -0.008535802 0.0181275 -0.395 0.003964126 -0.004274368 -0.395 0.008464157 0.0181275 -0.395 0.01029425 0.01629739 -0.395 -3.58315e-5 -0.003202557 -0.375 0.01029425 0.01629739 -0.375 0.008464157 0.0181275 -0.375 0.005964159 0.01879739 -0.375 0.01096415 0.0137974 -0.375 0.01096415 -0.02220255 -0.375 -0.01103579 -0.02220255 -0.375 -0.01103579 0.0137974 -0.375 -0.008535802 0.0181275 -0.375 -0.01036596 0.01629739 -0.3763397 0.004964113 0.01879739 -0.377 0.005964159 0.01879739 -0.7238018 0.2258753 0.1456107 -0.7247831 0.2259474 0.1455076 -0.7248605 0.2245169 0.1475507 -0.7254537 0.2244833 0.1475987 -0.7230912 0.2246622 0.1473432 -0.7217406 0.2248626 0.1470569 -0.7220869 0.2256718 0.1459013 -0.7216622 0.2248799 0.1470323 -0.7216066 0.2255767 0.1460371 -0.7250916 0.2259661 0.1454811 -0.7259224 0.2260085 0.1454204 -0.7269912 0.2244198 0.1476894 -0.7269867 0.2260493 0.1453621 -0.728059 0.2243914 0.1477299 -0.728052 0.2260778 0.1453215 -0.7291277 0.2243732 0.1477559 -0.7291179 0.2260961 0.1452953 -0.7351378 0.2244019 0.1477149 -0.7376505 0.2260107 0.1454172 -0.7376822 0.2244599 0.1476321 -0.7412197 0.2258996 0.1455759 -0.7547663 0.2252171 0.1465507 -0.7547028 0.2252576 0.1464928 -0.7547663 0.2252538 0.1464983 -0.720998 0.225126 0.1466808 -0.7209389 0.2252134 0.146556 -0.7209547 0.2252939 0.1464409 -0.7212144 0.2250083 0.1468489 -0.7210717 0.2253944 0.1462975 -0.7486678 0.2129839 0.1378698 -0.7486678 0.2128922 0.1380008 -0.7501766 0.2160523 0.1400256 -0.751717 0.2190729 0.1422496 -0.7540041 0.2237086 0.1454361 -0.7539484 0.2237234 0.145415 -0.7532417 0.2221634 0.144374 -0.753194 0.2221891 0.1443371 -0.7516853 0.2191208 0.1421813 -0.7547663 -0.2252888 0.1465507 -0.7547663 -0.2253254 0.1464983 -0.7547028 -0.2253293 0.1464928 -0.7376822 -0.2245316 0.1476321 -0.7412197 -0.2259714 0.1455759 -0.7351378 -0.2244736 0.1477149 -0.7376505 -0.2260825 0.1454172 -0.7291277 -0.2244449 0.1477559 -0.7291179 -0.2261678 0.1452953 -0.728059 -0.2244631 0.1477299 -0.728052 -0.2261494 0.1453215 -0.7269912 -0.2244915 0.1476894 -0.7269867 -0.226121 0.1453621 -0.7254537 -0.224555 0.1475987 -0.7250916 -0.2260378 0.1454811 -0.7248605 -0.2245885 0.1475507 -0.7247831 -0.2260192 0.1455076 -0.7238018 -0.225947 0.1456107 -0.7216066 -0.2256484 0.1460371 -0.7216622 -0.2249516 0.1470323 -0.7220869 -0.2257435 0.1459013 -0.7217406 -0.2249343 0.1470569 -0.7230912 -0.2247338 0.1473432 -0.7209547 -0.2253656 0.1464409 -0.7209389 -0.225285 0.146556 -0.7210717 -0.2254661 0.1462975 -0.720998 -0.2251976 0.1466808 -0.7212144 -0.22508 0.1468489 -0.7539484 -0.2237951 0.145415 -0.7540041 -0.2237802 0.1454361 -0.753194 -0.2222608 0.1443371 -0.7532417 -0.222235 0.144374 -0.7516853 -0.2191924 0.1421813 -0.751717 -0.2191447 0.1422496 -0.7501766 -0.216124 0.1400256 -0.7486678 -0.2129639 0.1380008 -0.7486678 -0.2130556 0.1378698 -0.6450001 -0.00253582 -0.01553267 -0.6450001 -0.004365921 -0.01370257 -0.6450001 -3.58315e-5 -0.01120257 -0.6450001 -0.005035817 -0.01120257 -0.6450001 -0.004365921 -0.008702516 -0.6450001 0.004294276 -0.01370257 -0.6450001 0.002464115 -0.01553267 -0.6450001 -3.58315e-5 -0.01620256 -0.6450001 0.002464115 -0.006872415 -0.6450001 0.004294276 -0.008702516 -0.6450001 0.004964113 -0.01120257 -0.6450001 -0.00253582 -0.006872415 -0.6450001 -3.58315e-5 -0.006202518 -0.7485094 0.2128826 0.1380144 -0.7516379 0.2190499 0.1422826 -0.7532021 0.2221335 0.1444166 -0.7539842 0.2236753 0.1454837 -0.6694974 0.2177359 0.1406099 -0.6643245 0.2132863 0.1374378 -0.6648377 0.2135311 0.1370882 -0.6699767 0.2179564 0.1402818 -0.666044 0.213862 0.1366158 -0.6699815 0.2168627 0.1418439 -0.6760814 0.220149 0.1440491 -0.6771273 0.2198309 0.1444222 -0.6711111 0.2165338 0.1422622 -0.6660519 0.2120185 0.1392486 -0.6648454 0.2123482 0.1387777 -0.7218148 0.2177323 0.1441674 -0.7173857 0.2249165 0.1437841 -0.7233253 0.2255212 0.1445498 -0.7220162 0.2256443 0.1446819 -0.7142323 0.2254112 0.1442666 -0.720709 0.2257505 0.144828 -0.7238818 0.2258965 0.1450926 -0.7194058 0.2258327 0.1449884 -0.7227021 0.2259168 0.1452016 -0.7215261 0.2259134 0.14533 -0.7054902 0.2232202 0.1419131 -0.7040501 0.2254293 0.1442784 -0.6970964 0.2247144 0.1434938 -0.7022645 0.2255815 0.1446411 -0.6912033 0.2248347 0.1448816 -0.6996712 0.2255878 0.1452441 -0.6988472 0.2255002 0.1454914 -0.7066196 0.2257211 0.1457904 -0.705949 0.2255661 0.1460655 -0.7080732 0.225852 0.1453995 -0.7095792 0.2258512 0.1450835 -0.7111132 0.2257636 0.1447968 -0.7181088 0.2258827 0.1451655 -0.7203563 0.2258781 0.1454845 -0.7168215 0.2258899 0.145365 -0.7155503 0.2258378 0.1456009 -0.7218381 0.2204452 0.1402943 -0.6903367 0.2238179 0.1464233 -0.6899704 0.2240007 0.1461853 -0.7055217 0.2252488 0.1465371 -0.6930825 0.223096 0.1470222 -0.6996636 0.2241466 0.1473017 -0.7005106 0.223956 0.1474081 -0.7066142 0.2247084 0.1472365 -0.7080643 0.2243855 0.1474931 -0.6921255 0.2233147 0.1469066 -0.6988421 0.2243491 0.147135 -0.7059453 0.2249144 0.1469962 -0.7203518 0.2244762 0.1474862 -0.7168142 0.2243674 0.1475384 -0.7155437 0.2245717 0.1474087 -0.709568 0.2240876 0.1476003 -0.7040349 0.223183 0.1474819 -0.7111009 0.2237874 0.1476157 -0.7181017 0.224177 0.1475999 -0.7215224 0.2243428 0.1475722 -0.7193995 0.2239929 0.1476135 -0.7142205 0.223167 0.1474655 -0.7054711 0.2201971 0.1462156 -0.7226997 0.224223 0.1476194 -0.7238812 0.2241133 0.1476377 -0.7207041 0.2238135 0.147591 -0.7220132 0.2236396 0.1475411 -0.717377 0.2225428 0.1471652 -0.7233247 0.2234729 0.1474705 -0.6754212 0.2206639 0.1433417 -0.6754839 0.2205055 0.143566 -0.6692655 0.2174167 0.1410702 -0.6693342 0.2172446 0.1413149 -0.6640751 0.2129384 0.1379348 -0.6641498 0.2127525 0.1382002 -0.6756381 0.2203665 0.1437593 -0.6695019 0.2170944 0.141526 -0.6643306 0.2125918 0.1384298 -0.6825306 0.2226035 0.1452667 -0.6829357 0.2224025 0.1455299 -0.6838922 0.2221037 0.1458637 -0.6903382 0.2246465 0.1452401 -0.68997 0.2244845 0.1454945 -0.6897932 0.2242462 0.1458426 -0.6911993 0.2235453 0.1467227 -0.6859799 0.2216184 0.1462037 -0.6794027 0.2193357 0.1448209 -0.6842123 0.218425 0.1450192 -0.6970803 0.2221981 0.1470821 -0.6942573 0.2165425 0.1443494 -0.6686285 0.2116063 0.1398372 -0.673918 0.2111442 0.1404972 -0.6845976 0.2107857 0.1410092 -0.7059884 0.2110027 0.1406992 -0.664146 0.2131248 0.1376686 -0.6693314 0.2175882 0.1408242 -0.675482 0.2208208 0.1431158 -0.6756353 0.2209554 0.1429182 -0.7060683 0.2148743 0.1351701 -0.7139323 0.2176611 0.137732 -0.6846319 0.2150956 0.1348539 -0.6942807 0.2202116 0.1391229 -0.6739223 0.2147376 0.1353653 -0.684224 0.2214803 0.1406607 -0.6686231 0.214275 0.136026 -0.6825289 0.2231398 0.1445007 -0.6760791 0.2211544 0.1426134 -0.6829357 0.2233194 0.1442204 -0.6771268 0.2213969 0.1421861 -0.6838945 0.2235314 0.1438251 -0.6794067 0.2216033 0.1415839 -0.6859873 0.2236858 0.1432526 -0.6921324 0.224929 0.1446019 -0.671107 0.218238 0.1398285 -0.6930918 0.2249633 0.144357 -0.7005205 0.2256229 0.1450288 -0.7022514 0.2235768 0.1475014 -0.7138814 0.2143676 0.1424345 -0.7436443 0.204794 0.1321317 -0.7436443 0.2046998 0.1322663 -0.7136443 0.2062767 0.1300141 -0.7136443 0.203219 0.134381 -0.6037207 0.03971248 0.02109998 -0.6037207 0.04391664 0.01509577 -0.6437207 0.04174304 0.01819998 -0.6437207 0.04188776 0.01799333 -0.7539842 -0.223747 0.1454837 -0.7054902 -0.2232919 0.1419131 -0.7218381 -0.2205168 0.1402943 -0.7139323 -0.2177328 0.137732 -0.7203518 -0.2245479 0.1474862 -0.7168142 -0.224439 0.1475384 -0.7181017 -0.2242486 0.1475999 -0.7181088 -0.2259544 0.1451655 -0.7194058 -0.2259044 0.1449884 -0.7142323 -0.225483 0.1442666 -0.720709 -0.2258222 0.144828 -0.7173857 -0.2249882 0.1437841 -0.7220162 -0.225716 0.1446819 -0.7233253 -0.2255929 0.1445498 -0.7022645 -0.2256532 0.1446411 -0.6970964 -0.2247861 0.1434938 -0.7005205 -0.2256946 0.1450288 -0.6930918 -0.225035 0.144357 -0.6996712 -0.2256595 0.1452441 -0.7066196 -0.2257928 0.1457904 -0.7080732 -0.2259237 0.1453995 -0.7155503 -0.2259095 0.1456009 -0.7168215 -0.2259616 0.145365 -0.7095792 -0.2259229 0.1450835 -0.7111132 -0.2258353 0.1447968 -0.7040501 -0.225501 0.1442784 -0.6903382 -0.2247181 0.1452401 -0.68997 -0.2245562 0.1454945 -0.7055217 -0.2253205 0.1465371 -0.7238818 -0.2259682 0.1450926 -0.7227021 -0.2259885 0.1452016 -0.7215261 -0.225985 0.14533 -0.7203563 -0.2259498 0.1454845 -0.7054711 -0.2202687 0.1462156 -0.7040349 -0.2232547 0.1474819 -0.6970803 -0.2222697 0.1470821 -0.7022514 -0.2236485 0.1475014 -0.7059453 -0.2249861 0.1469962 -0.6988421 -0.2244208 0.147135 -0.7066142 -0.2247802 0.1472365 -0.6996636 -0.2242183 0.1473017 -0.7155437 -0.2246434 0.1474087 -0.7215224 -0.2244144 0.1475722 -0.7193995 -0.2240646 0.1476135 -0.7226997 -0.2242946 0.1476194 -0.7220132 -0.2237113 0.1475411 -0.7238812 -0.224185 0.1476377 -0.7207041 -0.2238852 0.147591 -0.7080643 -0.2244572 0.1474931 -0.709568 -0.2241593 0.1476003 -0.7111009 -0.2238591 0.1476157 -0.7233247 -0.2235445 0.1474705 -0.717377 -0.2226145 0.1471652 -0.7142205 -0.2232387 0.1474655 -0.7218148 -0.217804 0.1441674 -0.6825306 -0.2226752 0.1452667 -0.6754212 -0.2207356 0.1433417 -0.6754839 -0.2205772 0.143566 -0.6756381 -0.2204382 0.1437593 -0.6760814 -0.2202207 0.1440491 -0.6829357 -0.2224741 0.1455299 -0.6771273 -0.2199026 0.1444222 -0.6838922 -0.2221753 0.1458637 -0.6794027 -0.2194074 0.1448209 -0.6859799 -0.22169 0.1462037 -0.6921255 -0.2233864 0.1469066 -0.7059884 -0.2110744 0.1406992 -0.7138814 -0.2144392 0.1424345 -0.6845976 -0.2108573 0.1410092 -0.6942573 -0.2166142 0.1443494 -0.673918 -0.2112159 0.1404972 -0.6842123 -0.2184967 0.1450192 -0.6686285 -0.211678 0.1398372 -0.6711111 -0.2166054 0.1422622 -0.6660519 -0.2120901 0.1392486 -0.6699815 -0.2169343 0.1418439 -0.6648454 -0.2124199 0.1387777 -0.6695019 -0.2171661 0.141526 -0.6643306 -0.2126635 0.1384298 -0.6693342 -0.2173163 0.1413149 -0.6641498 -0.2128242 0.1382002 -0.6692655 -0.2174884 0.1410702 -0.6640751 -0.2130101 0.1379348 -0.6693314 -0.2176598 0.1408242 -0.664146 -0.2131964 0.1376686 -0.6686231 -0.2143466 0.136026 -0.666044 -0.2139337 0.1366158 -0.671107 -0.2183097 0.1398285 -0.6846319 -0.2151673 0.1348539 -0.6739223 -0.2148093 0.1353653 -0.684224 -0.221552 0.1406607 -0.6648377 -0.2136029 0.1370882 -0.6699767 -0.2180281 0.1402818 -0.6771268 -0.2214686 0.1421861 -0.6760791 -0.221226 0.1426134 -0.6838945 -0.223603 0.1438251 -0.6829357 -0.2233911 0.1442204 -0.6643245 -0.2133581 0.1374378 -0.6694974 -0.2178076 0.1406099 -0.6756353 -0.2210271 0.1429182 -0.6825289 -0.2232115 0.1445007 -0.705949 -0.2256378 0.1460655 -0.6988472 -0.2255718 0.1454914 -0.6912033 -0.2249063 0.1448816 -0.6921324 -0.2250007 0.1446019 -0.6859873 -0.2237575 0.1432526 -0.6794067 -0.221675 0.1415839 -0.6942807 -0.2202833 0.1391229 -0.7060683 -0.214946 0.1351701 -0.7005106 -0.2240277 0.1474081 -0.6930825 -0.2231677 0.1470222 -0.675482 -0.2208924 0.1431158 -0.7532021 -0.2222052 0.1444166 -0.7516379 -0.2191215 0.1422826 -0.7485094 -0.2129543 0.1380144 -0.6897932 -0.2243178 0.1458426 -0.6899704 -0.2240724 0.1461853 -0.6903367 -0.2238896 0.1464233 -0.6911993 -0.223617 0.1467227 -0.7436443 -0.2047715 0.1322663 -0.7436443 -0.2048657 0.1321317 -0.7136443 -0.2032907 0.134381 -0.6037207 -0.03978413 0.02109998 -0.7136443 -0.2063484 0.1300141 -0.6037207 -0.04398828 0.01509577 -0.6437207 -0.04181468 0.01819998 -0.6437207 -0.0419594 0.01799333 -0.6436603 -0.008696079 -0.006202518 -0.6436603 -0.005035817 -0.002542316 -0.6436603 -3.58315e-5 -0.001202523 -0.6436603 0.004964113 -0.002542316 -0.6436603 0.008624374 -0.006202518 -0.6436603 0.009964168 -0.01120257 -0.6436603 0.008624374 -0.01620256 -0.6436603 0.004964113 -0.01986283 -0.6436603 -3.58315e-5 -0.02120256 -0.6436603 -0.005035817 -0.01986283 -0.6436603 -0.008696079 -0.01620256 -0.6436603 -0.01003581 -0.01120257 -0.6400001 -0.01186591 -0.004372417 -0.6400001 -0.006865918 6.27553e-4 -0.6400001 -3.58315e-5 0.002457678 -0.6400001 0.006794273 6.27553e-4 -0.6400001 0.01179426 -0.004372417 -0.6400001 0.01362437 -0.01120257 -0.6400001 0.01179426 -0.01803267 -0.6400001 0.006794273 -0.02303266 -0.6400001 -3.58315e-5 -0.02486282 -0.6400001 -0.006865918 -0.02303266 -0.6400001 -0.01186591 -0.01803267 -0.6400001 -0.01369607 -0.01120257 -0.4499999 -0.006964027 -0.007202565 -0.4499999 -0.00403583 -0.004274368 -0.4499999 -3.58315e-5 -0.003202557 -0.4499999 0.003964126 -0.004274368 -0.4499999 0.006892323 -0.007202565 -0.4499999 0.007964134 -0.01120257 -0.4499999 0.006892323 -0.01520252 -0.4499999 0.003964126 -0.01813077 -0.4499999 -3.58315e-5 -0.01920253 -0.4499999 -0.00403583 -0.01813077 -0.4499999 -0.006964027 -0.01520252 -0.4499999 -0.008035778 -0.01120257 -0.3849999 -0.01003581 0.01879739 -0.39 -0.008696079 0.01879739 -0.3799999 -0.008696079 0.01879739 -0.3936602 0.004964113 0.03379738 -0.395 -3.58315e-5 0.03379738 -0.3936602 -0.005035817 0.03379738 -0.39 -0.008696079 0.03379738 -0.3849999 -0.01003581 0.03379738 -0.3799999 -0.008696079 0.03379738 -0.3763397 -0.005035817 0.03379738 -0.375 -3.58315e-5 0.03379738 -0.3763397 0.004964113 0.03379738 -0.3799999 0.008624374 0.03379738 -0.3799999 0.008624374 0.01879739 -0.3849999 0.009964168 0.01879739 -0.3849999 0.009964168 0.03379738 -0.39 0.008624374 0.01879739 -0.39 0.008624374 0.03379738 -0.3828349 0.001214146 0.03379738 -0.38375 0.002129197 0.03379738 -0.3849999 0.002464115 0.03379738 -0.38625 0.002129197 0.03379738 -0.387165 0.001214146 0.03379738 -0.3874999 -3.58315e-5 0.03379738 -0.387165 -0.001285791 0.03379738 -0.38625 -0.002200841 0.03379738 -0.3849999 -0.00253582 0.03379738 -0.38375 -0.002200841 0.03379738 -0.3828349 -0.001285791 0.03379738 -0.3824999 -3.58315e-5 0.03379738 -0.38375 0.002129197 0.04029738 -0.3828349 0.001214146 0.04029738 -0.3824999 -3.58315e-5 0.04029738 -0.3828349 -0.001285791 0.04029738 -0.38375 -0.002200841 0.04029738 -0.3849999 -0.00253582 0.04029738 -0.38625 -0.002200841 0.04029738 -0.387165 -0.001285791 0.04029738 -0.3874999 -3.58315e-5 0.04029738 -0.387165 0.001214146 0.04029738 -0.38625 0.002129197 0.04029738 -0.3849999 0.002464115 0.04029738 -0.3849999 -3.58315e-5 0.04029738 0.186 -0.29384 0.003579199 0.186 -0.32384 0.003579199 0.186 -0.32384 0.01656466 0.186 -0.29384 0.01656466 0.1716699 -0.32384 0.01257193 0.1803301 -0.32384 0.01257193 0.1809999 -0.32384 0.01007193 0.1803301 -0.32384 0.007571935 0.1784999 -0.32384 0.005741834 0.1759999 -0.32384 0.005071938 0.171 -0.32384 0.01007193 0.1716699 -0.32384 0.007571935 0.1735 -0.32384 0.01440209 0.1759999 -0.32384 0.01507192 0.1784999 -0.32384 0.01440209 0.1735 -0.32384 0.005741834 0.171 -0.29384 0.01007193 0.1716699 -0.29384 0.01257193 0.1716699 -0.29384 0.007571935 0.1803301 -0.29384 0.007571935 0.1809999 -0.29384 0.01007193 0.1803301 -0.29384 0.01257193 0.1784999 -0.29384 0.01440209 0.1759999 -0.29384 0.01507192 0.1735 -0.29384 0.01440209 0.1735 -0.29384 0.005741834 0.1759999 -0.29384 0.005071938 0.1784999 -0.29384 0.005741834 0.1784999 -0.28884 0.01440209 0.1803301 -0.28884 0.01257193 0.1759999 -0.28884 0.01007193 0.1809999 -0.28884 0.01007193 0.1803301 -0.28884 0.007571935 0.1716699 -0.28884 0.01257193 0.1735 -0.28884 0.01440209 0.1759999 -0.28884 0.01507192 0.1735 -0.28884 0.005741834 0.1716699 -0.28884 0.007571935 0.171 -0.28884 0.01007193 0.1784999 -0.28884 0.005741834 0.1759999 -0.28884 0.005071938 0.1716699 -0.32884 0.01257193 0.1735 -0.32884 0.01440209 0.1759999 -0.32884 0.01507192 0.1784999 -0.32884 0.01440209 0.1803301 -0.32884 0.01257193 0.1809999 -0.32884 0.01007193 0.1803301 -0.32884 0.007571935 0.1784999 -0.32884 0.005741834 0.1759999 -0.32884 0.005071938 0.1735 -0.32884 0.005741834 0.1716699 -0.32884 0.007571935 0.171 -0.32884 0.01007193 0.1759999 -0.32884 0.01007193 0.186 0.2937684 0.01656466 0.186 0.3237683 0.01656466 0.186 0.3237683 0.003579199 0.186 0.2937684 0.003579199 0.1803301 0.3237683 0.01257193 0.1809999 0.3237683 0.01007193 0.1803301 0.3237683 0.007571935 0.1784999 0.3237683 0.005741834 0.1716699 0.3237683 0.007571935 0.1759999 0.3237683 0.005071938 0.1735 0.3237683 0.005741834 0.171 0.3237683 0.01007193 0.1716699 0.3237683 0.01257193 0.1784999 0.3237683 0.01440209 0.1759999 0.3237683 0.01507192 0.1735 0.3237683 0.01440209 0.1809999 0.2937684 0.01007193 0.1803301 0.2937684 0.007571935 0.1759999 0.2937684 0.01507192 0.1784999 0.2937684 0.01440209 0.1803301 0.2937684 0.01257193 0.1784999 0.2937684 0.005741834 0.1759999 0.2937684 0.005071938 0.1735 0.2937684 0.005741834 0.1716699 0.2937684 0.007571935 0.171 0.2937684 0.01007193 0.1716699 0.2937684 0.01257193 0.1735 0.2937684 0.01440209 0.1784999 0.2887684 0.005741834 0.1803301 0.2887684 0.007571935 0.1759999 0.2887684 0.01007193 0.1809999 0.2887684 0.01007193 0.1803301 0.2887684 0.01257193 0.1716699 0.2887684 0.007571935 0.1735 0.2887684 0.005741834 0.1759999 0.2887684 0.005071938 0.1735 0.2887684 0.01440209 0.1716699 0.2887684 0.01257193 0.171 0.2887684 0.01007193 0.1784999 0.2887684 0.01440209 0.1759999 0.2887684 0.01507192 0.1803301 0.3287683 0.01257193 0.1784999 0.3287683 0.01440209 0.1759999 0.3287683 0.01507192 0.1735 0.3287683 0.01440209 0.1716699 0.3287683 0.01257193 0.171 0.3287683 0.01007193 0.1716699 0.3287683 0.007571935 0.1735 0.3287683 0.005741834 0.1759999 0.3287683 0.005071938 0.1784999 0.3287683 0.005741834 0.1803301 0.3287683 0.007571935 0.1809999 0.3287683 0.01007193 0.1759999 0.3287683 0.01007193 -0.6187683 6.93705e-5 -0.03270536 -0.6167309 -3.58315e-5 -0.03483349 -0.6187683 -1.41033e-4 -0.03270536 -0.6205709 4.24015e-4 -0.0304107 -0.6205686 -4.07395e-5 -0.03041386 -0.6205709 -4.95678e-4 -0.0304107 -0.566685 -0.005035817 -0.03120255 -0.6132934 -0.005035817 -0.03120255 -0.6053562 -0.005035817 -0.03627359 -0.5729851 -0.005035817 -0.0380479 -0.5711138 -0.005035817 -0.0376845 -0.5695145 -0.005035817 -0.03664726 -0.596106 -0.005035817 -0.0380479 -0.5684196 -0.005035817 -0.03508681 -0.5695145 0.004964113 -0.03664726 -0.5711138 0.004964113 -0.0376845 -0.5684196 0.004964113 -0.03508681 -0.5729851 0.004964113 -0.0380479 -0.566685 0.004964113 -0.03120255 -0.596106 0.004964113 -0.0380479 -0.6132934 0.004964113 -0.03120255 -0.6053562 0.004964113 -0.03627359 -0.5621196 -3.58315e-5 -0.03324145 -0.5616208 5.79935e-6 -0.03212469 -0.5616208 -7.74623e-5 -0.03212469 -0.6233699 0.00235629 -0.0276792 -0.6232426 0.002258598 -0.02776992 -0.6227859 -3.99871e-5 -0.02815562 -0.628704 -0.00671339 -0.02477955 -0.6313593 -0.008750319 -0.02341377 -0.6317297 -0.009021937 -0.02321296 -0.6265324 -0.004959344 -0.02585279 -0.6233128 -0.002384126 -0.02771961 -0.625701 0.002067923 -0.02657312 -0.6255979 -3.93101e-5 -0.02670335 -0.6265112 -0.004942059 -0.02586346 -0.6317297 0.008950233 -0.02321296 -0.6265082 0.00486797 -0.02586501 -0.6284385 0.006430268 -0.0249108 -0.6285114 0.006488442 -0.0248748 -0.6313083 0.008641004 -0.02344119 -0.5536718 0.006144404 -0.02511239 -0.5598433 9.64091e-4 -0.02941346 -0.5566224 0.003554284 -0.02680808 -0.5560928 0.002787292 -0.02668374 -0.5502755 -0.009021639 -0.02321314 -0.5604828 -6.14306e-4 -0.03018993 -0.559326 -0.001410126 -0.02887755 -0.5578878 -0.002550005 -0.02766621 -0.5562012 -0.001376092 -0.02687424 -0.5555488 -0.004565596 -0.02616256 -0.5549551 -0.005089223 -0.02582389 -0.5523922 -0.00731337 -0.0244075 -0.5505018 -0.008846759 -0.02334314 -0.5502755 0.008949995 -0.02321314 -0.5508082 0.008535087 -0.02351826 -0.6317253 0.008959174 -0.02320629 -0.6164934 0.005270719 -0.02874547 -0.6204476 0.006331503 -0.02615499 -0.5661862 0.004991888 -0.03045803 -0.563526 0.005576908 -0.02775579 -0.6149913 0.005034267 -0.03002029 -0.5502802 0.008958995 -0.02320641 -0.5509522 0.008808255 -0.02332186 -0.6276924 0.008104562 -0.02392613 -0.5546927 0.007937252 -0.0240876 -0.5588018 0.006884336 -0.02531045 -0.5617067 0.006080508 -0.02661108 -0.6312054 0.008849501 -0.02328985 -0.6317253 -0.009030818 -0.02320629 -0.6312685 -0.008934438 -0.0232796 -0.6279398 -0.008229911 -0.02387595 -0.5502802 -0.00903064 -0.02320641 -0.5505649 -0.008966922 -0.02325469 -0.5661862 -0.005063533 -0.03045803 -0.564481 -0.005400657 -0.028526 -0.6205499 -0.006431043 -0.02610766 -0.5606354 -0.006452143 -0.0260722 -0.5529924 -0.008413076 -0.02370989 -0.6149913 -0.005105912 -0.03002029 -0.6164934 -0.005342364 -0.02874547 -0.5502786 -0.009027659 -0.02320867 -0.5505439 -0.008927226 -0.02328461 -0.5527899 -0.008072733 -0.02398008 -0.550277 -0.00902462 -0.02321094 -0.5505228 -0.008887171 -0.02331411 -0.5525891 -0.007705032 -0.02421331 -0.5585928 -0.004149198 -0.02761459 -0.5595476 -0.005505144 -0.02706068 -0.5612171 -0.00281161 -0.03025054 -0.5626527 -0.004530131 -0.02965307 -0.5622777 -0.002527773 -0.03201425 -0.5639426 -0.004346132 -0.03140646 -0.5644022 -0.004365921 -0.03222203 -0.5627312 -0.00253582 -0.03296828 -0.550277 0.008952975 -0.02321094 -0.5508561 0.008627891 -0.0234552 -0.5539982 0.00680387 -0.02487212 -0.5572369 0.004869043 -0.02665996 -0.5502786 0.008955955 -0.02320867 -0.5509042 0.008718967 -0.02338975 -0.5543413 0.007406294 -0.02452772 -0.5579845 0.006011486 -0.02614617 -0.5619068 0.004653155 -0.02889013 -0.560596 0.003011286 -0.02948015 -0.5639426 0.004274487 -0.03140646 -0.5622777 0.002456128 -0.03201425 -0.5638543 -3.58315e-5 -0.0371257 -0.5644659 -0.00253582 -0.03685253 -0.566137 -0.004365921 -0.03610628 -0.5644022 0.004294276 -0.03222203 -0.5627312 0.002464115 -0.03296828 -0.6317282 -0.009024918 -0.02321076 -0.631329 -0.008812487 -0.02337014 -0.6284564 -0.007262229 -0.02454876 -0.6226174 -0.004040718 -0.02769172 -0.6198491 -0.002739489 -0.03046721 -0.6317268 -0.009027838 -0.02320849 -0.6312987 -0.008873879 -0.02332538 -0.6282002 -0.007770538 -0.02424591 -0.6216551 -0.005450367 -0.02713018 -0.6183812 -0.004484415 -0.0298677 -0.5729851 -3.58315e-5 -0.0430479 -0.5692425 -3.58315e-5 -0.04232114 -0.5729851 -0.00253582 -0.042378 -0.5694932 -0.00253582 -0.04169994 -0.5729851 -0.004365921 -0.0405479 -0.5701782 -0.004365921 -0.04000282 -0.566044 -3.58315e-5 -0.0402466 -0.566509 -0.00253582 -0.03976434 -0.5677793 -0.004365921 -0.0384469 -0.5644659 0.002464115 -0.03685253 -0.566137 0.004294276 -0.03610628 -0.6168001 -0.00431931 -0.03149557 -0.6181699 -0.002518653 -0.03246939 -0.6150122 -0.004365921 -0.03301799 -0.6162704 -0.00253582 -0.03434705 -0.596106 -3.58315e-5 -0.0430479 -0.596106 -0.00253582 -0.042378 -0.596106 -0.004365921 -0.0405479 -0.5729851 0.004294276 -0.0405479 -0.5701782 0.004294276 -0.04000282 -0.5729851 0.002464115 -0.042378 -0.5694932 0.002464115 -0.04169994 -0.5677793 0.004294276 -0.0384469 -0.566509 0.002464115 -0.03976434 -0.6072062 -3.58315e-5 -0.0409187 -0.6069584 -0.00253582 -0.04029637 -0.6062812 -0.004365921 -0.03859615 -0.596106 0.002464115 -0.042378 -0.596106 0.004294276 -0.0405479 -0.6150122 0.004294276 -0.03301799 -0.6062812 0.004294276 -0.03859615 -0.6162704 0.002464115 -0.03434705 -0.6069584 0.002464115 -0.04029637 -0.6168001 0.004247605 -0.03149557 -0.6181699 0.002447009 -0.03246939 -0.6183812 0.00441277 -0.0298677 -0.6198491 0.002667844 -0.03046721 -0.6317268 0.008956193 -0.02320849 -0.6312397 0.008781015 -0.02334165 -0.6279724 0.00761789 -0.02432024 -0.6317282 0.008953213 -0.02321076 -0.631274 0.008711516 -0.02339214 -0.6282472 0.007075786 -0.02463847 -0.6225434 0.003929674 -0.02774733 -0.6215691 0.005349457 -0.02718436 0.1041492 0.03356117 -0.08120256 0.1031421 0.03427636 -0.08120256 0.1105573 0.04091322 -0.08120256 0.1018083 0.03628706 -0.08120256 0.1015235 0.03813922 -0.08120256 0.1015645 0.03862535 -0.08120256 0.1102852 0.04125404 -0.08120256 0.109279 0.04213488 -0.08120256 0.1107318 0.04065841 -0.08120256 0.1114664 0.03869456 -0.08120256 0.1114591 0.03719455 -0.08120256 0.1076002 0.03308159 -0.08120256 0.1059159 0.03300172 -0.08120256 0.1052582 0.03312671 -0.08120256 0.1069128 0.04294776 -0.08120256 0.1076427 0.04283547 -0.08120256 0.1045919 0.04257857 -0.08120256 0.1043931 0.04249024 -0.08120256 0.1112377 0.03631007 -0.08120256 0.1098442 0.03422904 -0.08120256 0.1027104 0.04120433 -0.08120256 0.1016414 0.03905659 -0.08120256 0.1083855 0.04260283 -0.08120256 0.1082168 0.03325992 -0.08120256 0.1085377 0.032319 -0.07148152 0.1088473 0.03303515 -0.07464778 0.1093168 0.03330945 -0.07459121 0.1097542 0.04109138 -0.07297372 0.1108782 0.03975647 -0.07325226 0.108213 0.04196202 -0.07279121 0.1049459 0.04200488 -0.07277923 0.1033453 0.04114174 -0.07295721 0.1052759 0.04128873 -0.06860637 0.102188 0.03980469 -0.07323414 0.1015805 0.03811419 -0.07358503 0.1016432 0.03628319 -0.07396578 0.1023736 0.03463166 -0.07430982 0.1036436 0.03336364 -0.07457464 0.1070127 0.03249645 -0.07475805 0.1066693 0.03191536 -0.0716111 0.1051692 0.03265655 -0.07472306 0.1110212 0.03948879 -0.07330805 0.1114953 0.03784173 -0.07365095 0.1113319 0.0360409 -0.07402521 0.110585 0.03451544 -0.07434165 0.1068058 0.04224407 -0.07273125 0.1071486 0.04139965 -0.06857061 0.1105573 -0.04098486 -0.08120256 0.1016414 -0.03912824 -0.08120256 0.1015645 -0.038697 -0.08120256 0.1052582 -0.03319835 -0.08120256 0.1041492 -0.03363281 -0.08120256 0.1031421 -0.03434801 -0.08120256 0.102734 -0.03476917 -0.08120256 0.1018083 -0.03635877 -0.08120256 0.1112377 -0.03638172 -0.08120256 0.1114664 -0.0387662 -0.08120256 0.1109026 -0.03562837 -0.08120256 0.1107318 -0.04073005 -0.08120256 0.1083855 -0.04267448 -0.08120256 0.1069128 -0.04301947 -0.08120256 0.1045919 -0.04265022 -0.08120256 0.1098442 -0.03430074 -0.08120256 0.1082168 -0.03333163 -0.08120256 0.1076002 -0.03315323 -0.08120256 0.1059159 -0.03307336 -0.08120256 0.1102852 -0.04132574 -0.08120256 0.109279 -0.04220652 -0.08120256 0.1019215 -0.03999966 -0.08120256 0.1027104 -0.04127603 -0.08120256 0.1085378 -0.03239077 -0.07148188 0.1114953 -0.03791344 -0.07365125 0.1066693 -0.03198707 -0.07161146 0.1023736 -0.03470337 -0.07431006 0.1036437 -0.03343534 -0.07457488 0.1051692 -0.03272819 -0.0747233 0.1016432 -0.03635483 -0.07396602 0.1015805 -0.03818589 -0.07358533 0.1049459 -0.04207658 -0.07277959 0.1033453 -0.04121345 -0.07295751 0.102188 -0.03987634 -0.07323443 0.1071485 -0.04147148 -0.06857109 0.1052759 -0.04136049 -0.06860685 0.1070127 -0.03256815 -0.07475835 0.1088473 -0.03310686 -0.07464802 0.1093168 -0.03338116 -0.07459145 0.110585 -0.03458714 -0.07434189 0.1113319 -0.03611266 -0.07402545 0.1110212 -0.03956049 -0.07330834 0.1108782 -0.03982824 -0.07325255 0.1097542 -0.04116308 -0.07297402 0.108213 -0.04203373 -0.07279157 0.1068058 -0.04231578 -0.07273161 -0.04126191 0.003284811 -0.08120256 -0.04098653 0.002946555 -0.08120256 -0.04976451 0.0014804 -0.08120256 -0.04007118 8.04096e-4 -0.08120256 -0.04004627 -7.08218e-4 -0.08120256 -0.0499776 4.26223e-4 -0.08120256 -0.04040491 -0.002008438 -0.08120256 -0.04845494 -0.003650426 -0.08120256 -0.04999488 -2.4304e-4 -0.08120256 -0.04931998 -0.002554774 -0.08120256 -0.04024225 0.001503884 -0.08120256 -0.04763776 -0.00428456 -0.08120256 -0.04540431 -0.005018472 -0.08120256 -0.04496657 -0.005034804 -0.08120256 -0.04345971 -0.004793345 -0.08120256 -0.04089915 -0.002897977 -0.08120256 -0.04264098 -0.004445374 -0.08120256 -0.0456162 0.004925608 -0.08120256 -0.04323744 0.004643499 -0.08120256 -0.04794532 0.004004895 -0.08120256 -0.04923743 0.002620041 -0.08120256 -0.04017156 0.001558899 -0.08065009 -0.04257655 -0.004756152 -0.07841348 -0.03957873 -0.004698276 -0.07504332 -0.04078966 -0.005034804 -0.07368534 -0.02913296 0.002154707 -0.07137149 -0.0437119 -0.002409756 -0.07040828 -0.04408675 -6.21857e-4 -0.06998789 -0.04294151 -0.003840744 -0.07127225 -0.04189509 -0.004748463 -0.07244569 -0.02891844 3.70501e-4 -0.07180881 -0.0289874 -0.001345813 -0.07166826 -0.03767836 0.00177145 -0.07717436 -0.03828334 0.003267288 -0.07649588 -0.03842324 0.00349164 -0.076339 -0.03938728 0.004504978 -0.07525789 -0.04263865 0.004114687 -0.07161182 -0.04350739 0.002835094 -0.07063758 -0.04400563 0.00120753 -0.0700789 -0.03992891 -2.73106e-4 -0.08072048 -0.03745448 -4.71814e-5 -0.07742536 -0.0376538 -0.001744389 -0.0772019 -0.03994715 -0.001900613 -0.07985395 -0.03963387 -2.14356e-4 -0.08002579 -0.04418587 -0.005031645 -0.07753211 -0.04563748 -0.004689931 -0.07673722 -0.04699289 -0.003730118 -0.07599514 -0.04796826 -0.002261221 -0.07546132 -0.04841077 -4.55493e-4 -0.07521933 -0.04824966 0.00136882 -0.0753079 -0.0475437 0.002970397 -0.07569479 -0.04635852 0.004205644 -0.07634401 -0.04149019 0.004849374 -0.07289963 -0.04482007 0.004882276 -0.0771867 -0.04053449 0.00494945 -0.07397139 -0.04355478 0.004934191 -0.0778796 -0.03987598 0.001614511 -0.07989358 -0.04063099 0.003139913 -0.0794804 -0.04080915 0.003371179 -0.07938283 -0.04205268 0.00443238 -0.07870209 -0.02932137 -0.002943992 -0.07098746 -0.03824573 -0.003273606 -0.07653808 -0.04077398 -0.003399252 -0.07940083 -0.02947467 -0.003377497 -0.07067483 -0.03850084 -0.003676533 -0.07625204 -0.04112279 -0.003789126 -0.0792098</float_array>
          <technique_common>
            <accessor source="#base_link-mesh-positions-array" count="2929" stride="3">
              <param name="X" type="float"/>
              <param name="Y" type="float"/>
              <param name="Z" type="float"/>
            </accessor>
          </technique_common>
        </source>
        <source id="base_link-mesh-normals">
          <float_array id="base_link-mesh-normals-array" count="8781">0.01202714 0.6549576 -0.7555699 -0.03368949 0.6626079 -0.7482084 -0.1366275 0.8631498 -0.4861124 0.2873799 0.8295032 -0.478892 0.02902138 0.4981536 -0.866603 0.2882839 0.4793574 -0.8289203 0.05345833 0.3473604 -0.9362068 0.2895392 2.37911e-4 -0.9571662 0.0899167 0.1749533 -0.9804623 0.08650344 0.02624708 -0.9959058 0.289556 -0.478769 -0.828817 0.07504147 -0.2942832 -0.9527677 0.09810441 -0.1137824 -0.9886502 0.006320893 -0.6592132 -0.7519297 -0.136627 -0.8631496 -0.4861131 -0.03387427 -0.6707079 -0.7409477 -0.1624415 -0.4903888 -0.856231 -0.005265414 -0.5556915 -0.831372 -0.1024668 0.1525202 -0.9829742 -0.08336013 -0.04493981 -0.9955056 -0.1524436 0.005332708 -0.9882978 -0.09226715 -0.2561718 -0.9622177 -0.02768623 -0.4667285 -0.8839673 -0.1467771 0.4798812 -0.8649685 -0.05192524 0.4541755 -0.8893977 -0.11353 0.3319705 -0.9364329 -0.3799548 -0.3222021 0.8670756 -0.1329571 -0.4917281 0.8605381 -0.8659788 -0.3877945 0.3157469 -0.1362141 -0.8599509 0.491864 0.2889684 -0.9569474 -0.02736836 0.2163002 -0.9679741 -0.1274387 0.2877417 -0.9577081 3.91641e-4 0.1429575 -0.9619702 -0.2327586 0.08351063 -0.9486308 -0.305165 0.02070683 -0.9186408 -0.3945509 -0.02241617 -0.9177237 -0.3965867 -0.1292286 -0.9916144 -9.05632e-4 -0.05588239 -0.9337367 -0.353572 -0.3395339 -0.9370259 0.08184903 0.02497708 0.01670432 0.9995485 0.06874406 -0.04029411 0.9968203 0.291005 -0.47614 0.8298234 0.1198428 -0.11164 0.986496 0.1871973 -0.2034583 0.9610214 0.2909197 -0.3810626 0.877586 0.412795 -0.7485511 0.5189139 0.2899299 -0.8304274 0.4757426 0.4154114 -0.6368497 0.6495044 0.3814759 -0.5262097 0.7599865 0.4001195 -0.8334245 0.3811928 0.3736071 -0.9066321 0.196051 0.3401495 -0.9389055 0.05248546 -0.02438557 0.03263932 0.9991697 -5.51144e-5 0.1638656 0.9864827 -0.1278971 4.94384e-6 0.9917874 -0.133139 0.4914832 0.8606499 -0.3275802 0.3102262 0.892441 -0.1366471 0.8601078 0.4914695 -0.8534585 0.4270895 0.2986689 0.2874273 2.86249e-6 0.9578025 0.2905566 0.4765848 0.8297252 0.0195713 -0.1435723 0.9894463 -0.02295976 -0.03183001 0.9992296 0.3641109 0.8968723 0.2510845 0.4040949 0.8265777 0.391761 0.2934373 0.827748 0.4782552 0.4239993 0.732408 0.5327318 0.4229833 0.629694 0.651591 0.3740978 0.5122938 0.7730497 0.3276008 0.3905832 0.8603037 0.2789955 0.3242488 0.903894 0.2096645 0.2365687 0.9487234 0.1386394 0.1354162 0.9810411 0.08185446 0.0657224 0.994475 0.02514839 0.9211259 -0.3884516 0.07003444 0.9421244 -0.3278675 0.2905316 0.9568624 -0.002401888 -0.3422413 0.9361338 0.08077466 -0.05459254 0.9334695 -0.3544774 -0.1291769 0.9916213 -8.64976e-4 -0.02347278 0.9177201 -0.3965337 2.03685e-6 0.9104534 -0.4136116 0.1234275 0.9585079 -0.2569597 0.1902052 0.9682073 -0.1624709 0.2818263 0.9566362 0.07362979 0.2882533 -0.8296111 -0.4781795 0.02949887 -0.4776147 -0.8780742 -0.4745305 0.5756339 0.6659328 -0.6788766 0.09583067 0.7279719 -0.6083515 0.2736285 0.7450074 -0.9964266 -2.87533e-6 0.0844646 -0.6788498 -0.09583842 0.7279959 -0.6083413 -0.2736271 0.7450161 -0.4745259 -0.5756278 0.6659414 0.4745238 -0.5756471 0.6659262 0.6788754 -0.09584999 0.7279706 0.6083405 -0.2736352 0.7450138 0.9964268 1.79347e-6 0.08446073 0.7699183 0.3187045 -0.5528593 0.6532263 1.31723e-6 -0.7571628 0.7702593 -1.42173e-6 -0.6377308 0.6733976 -0.3011079 -0.6751813 0.7699209 -0.3187042 -0.5528558 -0.6771278 -0.4111314 -0.6103023 0.7699245 -0.5528514 -0.3187029 -0.7634523 -0.56779 -0.3078231 -0.7702593 -0.6377309 -1.42174e-6 0.7702667 -0.6377219 1.46558e-6 -0.7702682 -0.5522821 0.3188597 0.7702708 -0.5522728 0.3188697 -0.7702608 -0.3188624 0.5522909 0.7702483 -0.318874 0.5523015 -0.7702558 -8.99897e-7 0.637735 0.7702578 3.07439e-6 0.6377326 -0.7702604 0.3188613 0.5522921 0.7702578 0.3188712 0.55229 -0.7702665 0.5522792 0.3188687 0.7702648 0.5522841 0.3188646 -0.770259 0.6377313 1.428e-6 0.7702633 0.6377261 -1.37789e-6 -0.7634477 0.5677966 -0.3078227 0.7699272 0.552848 -0.3187025 -0.6771302 0.4111088 -0.6103149 0.6734116 0.3011134 -0.6751648 0.09629333 0.04457831 -0.9943543 0.1520001 0.0632869 -0.9863523 0.3023329 0.07597476 -0.9501699 -0.4282881 0.2963857 0.8536539 -0.1639184 0.02263838 0.9862141 -0.124791 -0.01533234 0.9920647 -0.1163433 0.02800214 0.9928143 -0.1599541 0.008350729 0.9870892 -0.4278016 -0.2219314 0.8762033 -0.7640264 0.03639537 0.6441577 -0.6549106 -0.5568515 0.51089 -0.3076124 0.3281193 -0.8931475 -0.3060714 -0.2709367 -0.912641 -0.002788484 0.03292673 -0.999454 -0.7096244 0.08738034 -0.6991409 -0.5408734 0.6046329 -0.5847009 -0.01300352 0.03590643 -0.9992706 -0.6015864 -0.5519719 -0.577426 -0.6892642 0.03592884 -0.7236188 -0.005901336 0.02798914 -0.9995908 -0.1767323 0.01984208 0.984059 -0.5971195 0.6127833 0.5176341 -0.7731475 0.06959021 0.630397 0.3822825 -0.727934 0.5691856 0.364939 0.05538111 0.9293829 0.5011861 -0.7122556 0.4914311 0.4730284 0.05340731 0.879427 0.6074808 0.02549552 0.7939251 0.7710363 0.07009303 0.6329218 0.5765803 -0.7016773 0.4185739 0.6307287 -0.7181845 0.293926 0.6930473 -0.7034098 0.1577976 0.9504884 0.09433043 0.2960973 0.7003837 -0.7136443 0.01320952 0.9931147 0.1003192 -0.06049221 0.6652814 -0.7238194 -0.1829925 0.9600351 0.09833663 -0.2620357 0.6028923 -0.7127336 -0.3585133 0.8850679 0.09207755 -0.4562637 0.5346962 -0.7065597 -0.4635446 0.7293981 0.07794815 -0.6796342 0.4992424 0.0482276 -0.8651192 0.4050188 -0.7295189 -0.5511461 0.3189479 0.01151031 -0.9477024 0.288603 -0.7127081 -0.63934 0.1946503 -0.7180477 -0.6682206 0.1859924 -0.2409016 -0.9525614 0.1001443 -0.02599912 -0.9946332 0.1560318 -0.2732971 -0.9491906 0.1543074 0.04633051 -0.986936 0.1015133 0.0380159 -0.9941076 0.07570219 0.04792219 -0.9959783 0.2517691 0.7507342 -0.6107458 0.5244402 0.08885926 -0.8467978 0.4034466 0.7457598 -0.5301634 0.7474007 0.09941637 -0.6568932 0.5009378 0.7437241 -0.4426464 0.5706846 0.7512847 -0.3314977 0.8759601 0.1021164 -0.4714512 0.6222621 0.7660803 -0.1609687 0.9524604 0.08598762 -0.2922761 0.6532301 0.7569114 0.0193845 0.9971609 0.06469881 -0.03852772 0.6480051 0.7466824 0.1501826 0.9767398 0.05790001 0.2064635 0.5901275 0.7583383 0.2768983 0.8960171 0.04968738 0.4412307 0.498234 0.7554145 0.4255727 0.7827518 0.04311841 0.6208387 0.3670812 0.7526009 0.5466656 0.634275 0.0265308 0.7726523 0.2627903 0.09369766 0.9602927 0.3996734 0.004999518 0.9166441 0.2182697 0.005800366 0.9758713 0.2856535 -0.05235463 0.9569019 0.2531478 0.03626042 0.9667479 0.1434342 0.02051359 0.9894472 0.08890587 0.01358819 0.9959474 0.05822694 0.0282427 0.9979039 -0.03310763 0.03149044 0.9989556 -0.0322808 0.02239203 0.999228 -0.09615373 0.02277868 0.9951058 0.03435128 0.05313503 -0.9979963 0.04726839 0.05625343 -0.997297 0.0255528 0.05463188 -0.9981796 0.01042449 0.05335688 -0.9985212 -0.002169847 0.05155771 -0.9986677 -0.008843779 0.04252886 -0.9990562 -0.9985146 0.04872703 -0.02437907 -0.7633147 -0.03590905 0.6450281 -0.6544682 0.5566682 0.5116562 -0.9985102 -0.04883342 -0.02434742 -0.6016445 0.5520074 -0.5773317 -0.6854024 -0.04252278 -0.7269219 -0.7746195 -0.07379597 0.6281074 -0.7097325 -0.08713877 -0.6990613 -0.597121 -0.6127715 0.5176463 -0.5408741 -0.6046377 -0.5846952 0.1530022 0.7154403 -0.6817151 0.08957594 0.01970696 -0.9957851 0.1808509 0.2534048 -0.9503047 -0.1478621 -0.005689978 0.9889917 -0.09759783 -0.02838855 0.994821 -0.4272859 -0.296499 0.8541166 -0.1742054 -0.02287805 0.9844436 -0.008029818 -0.02951395 -0.9995321 -0.3060318 0.2709748 -0.9126431 -0.001783907 -0.04691886 -0.9988972 -0.005920112 -0.04768294 -0.998845 -0.3079345 -0.3281162 -0.8930376 -0.01494836 -0.03773796 -0.9991759 -0.4353588 0.2186596 0.8732988 0.07046198 -0.05532956 -0.9959789 0.0962345 -0.05694729 -0.9937283 0.1747075 -0.04705387 -0.9834954 0.1379694 -0.7233774 -0.6765277 0.1903663 -0.06821072 -0.9793406 0.08494132 -0.03010082 -0.9959313 0.1304984 -0.06473463 -0.9893329 0.08447217 -0.06232672 -0.9944747 0.2411395 0.7173411 -0.6536616 0.3161621 -0.01142829 -0.9486364 0.3828319 0.7359449 -0.558413 0.4987793 -0.0477221 -0.8654143 0.5319712 0.7075821 -0.4651176 0.7295638 -0.07886916 -0.67935 0.6032272 0.7131984 -0.3570224 0.885325 -0.09168773 -0.4558435 0.6648796 0.7277117 -0.1684363 0.9817185 -0.09941321 -0.1623142 0.7002148 0.7129981 0.03651052 0.6867914 0.7041769 0.1801462 0.9551833 -0.09232044 0.2812505 0.6182531 0.7184233 0.3187965 0.7694905 -0.06986385 0.6348256 0.5498026 0.705619 0.4470112 0.2971889 0.06034779 0.9529097 0.6095967 -0.03063166 0.7921197 0.4844442 -0.0522589 0.8732599 0.4036061 -0.05326515 0.913381 0.3449563 -0.05138254 0.9372114 0.2838857 -0.1023908 0.9533757 0.4164291 0.7303779 0.5414195 0.241441 -0.01546078 0.9702923 0.38091 -0.01700556 0.9244557 0.5857889 -0.03554987 0.8096837 0.4042056 -0.7589973 0.5104322 0.7472661 -0.04864019 0.6627424 0.5259205 -0.741686 0.4163048 0.5840647 -0.759162 0.2873004 0.8670622 -0.04944014 0.4957406 0.64523 -0.7480591 0.1551964 0.9603639 -0.05602324 0.2730616 0.6513096 -0.7586462 0.0158717 0.9977599 -0.06341034 0.02131271 0.6169667 -0.7677469 -0.1729646 0.9666313 -0.08488869 -0.2416983 0.5648795 -0.7496647 -0.344839 0.8965878 -0.1020576 -0.4309461 0.5015898 -0.7409809 -0.4464919 0.7759205 -0.1001024 -0.622838 0.3688828 -0.7588788 -0.5366829 0.575863 -0.09037637 -0.8125355 0.2274566 -0.7349995 -0.6387795 0.3996962 -0.08122563 -0.9130418 0.3387757 -0.07958042 -0.9374956 0.2779226 -0.07442432 -0.9577161 0.2953107 -0.03683596 0.9546909 0.2361101 -0.02619493 0.9713733 0.1394484 -0.02000463 0.9900273 0.09693533 -0.02567362 0.9949596 0.05244153 -0.02699637 0.998259 0.005670845 -0.04237812 0.9990856 -0.03593766 -0.03356856 0.9987902 -0.1186834 -0.03562837 0.9922928 -0.1631852 -0.02243411 0.9863405 0.0500679 -0.05455195 -0.997255 0.05976903 -0.06089413 -0.9963532 0.02558887 -0.05372661 -0.9982278 0.01052641 -0.05512589 -0.998424 0.03972965 -0.05977433 -0.997421 0.007016777 0.3032013 0.9529007 0.005339622 0.3832402 0.9236334 0.03011655 0.834304 0.5504815 0.01301783 0.5053216 0.862833 0.01543664 0.6319046 0.7748925 0.0151894 0.9339339 0.357123 0.01563602 0.9742331 0.225001 0.007255315 0.9990622 0.04268521 0.02041405 0.998636 -0.04805588 0.008874654 0.9981155 -0.06071841 -0.007572591 0.9842836 -0.1764324 -0.01226687 0.985482 -0.1693363 -0.7068176 0.5902637 0.3898688 -0.5877203 0.7988692 -0.1280351 -0.5865272 0.1470791 0.7964632 -0.04332464 0.1784585 0.9829931 -0.007009029 0.1948967 0.9807987 0.02271145 0.8100038 0.5859849 0.02539962 0.8256086 0.5636713 0.02660524 0.7918782 0.6100993 0.01041483 0.7404873 0.6719896 0.0315026 0.9018275 0.4309463 0.01773875 0.9012446 0.4329475 0.02800452 0.9432864 0.3307968 0.02876645 0.8432346 0.5367755 0.03066456 0.8610889 0.5075289 0.02846944 0.872685 0.4874532 -0.7068837 -0.5902131 0.3898256 -0.5876297 -0.7988754 -0.1284114 -0.01520085 -0.9856412 -0.1681678 0.01358669 -0.7509373 0.6602337 0.01128321 -0.7302411 0.6830964 0.03382259 -0.8323707 0.5531863 0.01540869 -0.6318014 0.7749772 0.008874177 -0.9981113 -0.06078696 0.02041584 -0.9986399 -0.04797524 0.007255315 -0.9990606 0.04272252 0.01563102 -0.9740117 0.2259579 0.02791798 -0.8261573 0.5627475 0.02271699 -0.8100085 0.5859779 0.02660489 -0.7918866 0.6100883 0.01302254 -0.5052877 0.8628528 0.005339801 -0.3832613 0.9236246 -0.01994943 -0.2482985 0.9684782 -0.004207193 -0.9850912 -0.1719815 -0.5890688 -0.151968 0.7936647 -0.03102147 -0.1782422 0.9834976 7.6674e-4 -0.1863589 0.9824815 0.01518976 -0.9339715 0.3570248 0.0280115 -0.9435099 0.3301583 0.01773929 -0.901222 0.4329947 0.04146766 -0.8604127 0.5079081 0.03428792 -0.8515526 0.5231469 0.02598732 -0.883385 0.4679273 0.05275416 -0.9107347 0.4096089 0.0234009 0.6985059 0.7152216 0.03249669 0.5295171 0.8476766 0.04996556 0.3301984 0.9425882 0.0353012 0.09459561 0.9948897 -0.7778795 -0.2942988 0.5552402 0.2877677 0.6172764 -0.7322292 0.3911924 0.5773361 -0.7166948 0.2274599 0.5063242 -0.831804 0.04901289 0.6824811 -0.729258 0.05845344 0.6062689 -0.7931086 0.02659422 0.5877491 -0.8086062 0.1761316 0.7225123 -0.6685461 0.1042523 0.6552881 -0.7481504 0.0899595 0.7532846 -0.6515134 0.3734351 0.8824816 -0.2859591 0.2794039 0.8138929 -0.5094231 0.2313293 0.8799566 -0.4149256 0.3249533 0.9292359 -0.1758586 0.4210827 0.8301908 0.3653389 0.4537172 0.8903192 -0.0383709 0.2717727 0.9609208 -0.05263924 0.225111 0.9245746 -0.3073871 0.1958582 0.975701 -0.09821963 0.1527183 0.9872928 0.04393398 0.1668286 0.9227506 0.3474187 0.3192893 0.4760066 -0.819434 0.4584194 0.3963966 -0.7954378 0.2595731 0.3604305 -0.8959418 -0.1143134 -0.009557843 0.9933989 -0.1125289 -0.1498104 0.9822903 -0.1480534 -0.1029272 0.9836087 0.0285499 -0.1662133 0.9856765 0.5204651 -0.003881752 0.8538742 0.7796171 0.08678287 0.6202146 0.7760322 0.1337817 0.6163414 -0.05475205 0.003611564 0.9984935 0.06062394 -0.0446434 0.9971619 0.1701476 -0.1526187 0.9735283 0.1979081 -0.0521695 0.9788313 0.3057072 -0.1092491 0.9458371 0.3351609 -0.04217916 0.9412163 0.4392101 -0.05121523 0.8969234 0.5930266 0.01869297 0.8049659 0.07316452 0.3156189 -0.9460611 0.08012354 0.4396475 -0.8945895 0.1468953 0.3416659 -0.9282705 0.1380785 0.4696233 -0.8720025 0.07101148 0.1772888 -0.9815937 0.1533412 0.1966778 -0.9684029 0.284895 0.2152397 -0.9340807 0.4983695 0.2394763 -0.833234 0.7369262 0.2547082 -0.6261497 -0.7983314 -0.1286455 0.5883175 -0.7811029 -0.02843225 0.6237547 -0.1481849 -0.2753058 0.9498674 -0.1229707 -0.2949442 0.9475686 -0.01315593 -0.2923319 0.9562264 0.1149105 -0.247237 0.9621172 0.2398815 -0.1798952 0.9539888 0.3640339 -0.09524267 0.9265033 0.5047736 0.007330477 0.8632208 0.7150269 0.1553428 0.6816197 0.9160087 0.2771915 0.2899883 0.9459148 0.1802973 0.2697002 0.9320946 0.08095234 0.3530528 0.7500708 0.1464983 -0.644928 0.8956663 0.260433 -0.3604947 0.9685009 0.2430953 -0.05395048 0.8389706 0.4177774 -0.3486984 0.0379405 0.2884004 -0.956758 0.02573782 0.165758 -0.9858306 0.02630209 0.2268196 -0.9735816 0.007578492 0.1125558 -0.9936165 0.01077181 0.1343427 -0.9908764 -0.6918859 0.03357422 -0.7212259 -0.6712417 0.1723081 -0.7209332 0.02952617 0.3222227 -0.9462034 0.04626548 0.3757153 -0.9255796 0.05475342 0.4171744 -0.9071756 0.09092968 0.966445 0.2402416 0.1076861 0.8910667 0.4409126 0.09722423 0.7423239 0.66295 0.06286364 0.9561164 -0.2861638 0.05106252 0.9968321 -0.06098055 0.052549 0.9783172 0.200335 0.1391391 0.8209523 0.553785 0.2236212 0.646873 0.729074 0.3368074 0.7439692 0.5771228 0.3022351 0.5207176 0.7984404 0.4272221 0.3874099 0.8169425 0.2410629 0.9219898 0.3030239 0.2980139 0.9332991 0.2003515 0.1567789 0.8376974 -0.5231477 0.1384826 0.9090853 -0.3929206 0.5115743 0.81646 0.2677403 0.08540517 0.9963449 0.001704216 0.07795566 0.8684777 -0.4895606 0.04450285 0.7724634 -0.6334983 0.03770554 0.991569 -0.1239729 0.02947688 0.9038817 -0.4267657 0.02730631 0.7198369 -0.693606 0.03697925 0.9948373 0.0945068 0.05639505 0.8940355 -0.4444324 0.03576356 0.8408908 -0.5400218 0.1144844 0.9597126 -0.2566034 0.2580846 0.7474576 -0.6121271 0.4194657 0.8266359 -0.3751291 0.6146209 0.642459 0.4576981 0.6755328 0.7268067 0.1241269 0.04890596 0.5187304 -0.8535379 0.0724889 0.5352767 -0.8415606 0.1208823 0.5699661 -0.8127276 0.1984949 0.6191443 -0.7597764 0.6737315 0.557458 0.4851046 0.6662752 0.6993958 -0.2586946 0.8222919 0.5690639 -0.001503646 0.8290792 0.4204119 0.3686214 0.5502669 0.524589 -0.6496251 0.875622 0.3569482 0.3253832 0.9267599 0.3717266 -0.05418103 0.2230039 0.8754135 0.4288598 0.5198211 0.6482349 0.5563969 0.5531569 0.2816173 0.784034 0.5890511 0.1729418 0.7893732 0.6921595 0.1956387 0.6947235 0.6760059 0.4245786 -0.6022865 0.8739918 0.483578 -0.04786193 0.7182068 0.6250799 -0.3057029 0.5665456 0.621703 -0.5408434 0.7738493 0.4831754 0.4095107 0.5152107 0.6956771 -0.5005911 0.5893595 0.7807815 -0.2074505 0.4632221 0.7643988 -0.448464 0.003050088 0.6344443 -0.7729626 -0.005793333 0.710799 -0.7033714 0.02244067 0.5247694 -0.8509486 -0.6778705 0.3554803 -0.6435258 0.008553981 0.5193677 -0.8545081 0.02421355 -0.1596439 0.9868777 -0.005346417 -0.3945415 0.9188626 0.05225479 0.6413227 0.7654898 0.05796521 0.5140581 0.8557946 0.08404093 0.07019084 0.9939871 0.08317422 0.2291885 0.969822 0.1510774 0.6663601 0.7301644 0.1128709 0.444738 0.8885203 0.1527185 0.3365966 0.9291824 0.1106671 5.03976e-4 0.9938575 0.04595422 -0.2097655 0.9766713 0.04792916 -0.03297948 0.9983062 0.04558444 0.1579247 0.9863985 0.3094795 0.139988 0.9405456 0.1978064 0.33566 0.9209806 0.2197557 -0.02412784 0.9752565 0.1826747 0.1903961 0.9645618 0.1388645 -0.1555089 0.9780254 0.05565804 -0.2809671 0.9581022 -0.02025741 -0.402862 0.9150366 0.03740292 0.3276606 0.9440549 0.0403735 -0.06776314 0.9968842 0.02891582 -0.2915306 0.9561244 -0.01626783 -0.4077947 0.9129287 -0.01578289 -0.4933476 0.8696891 0.3943897 0.03312009 0.9183464 0.2765702 -0.1108489 0.9545792 0.1737629 -0.2148683 0.961061 0.07031524 -0.3035306 0.9502237 -0.02941364 -0.3749738 0.9265687 -0.08508074 -0.4382656 0.8948098 -0.1088947 -0.4894064 0.8652302 0.3292261 0.7061946 -0.6268168 -0.9999741 0.003727257 -0.006156563 -0.9998967 0.002877831 -0.01408648 -0.9997464 6.94036e-4 -0.02251064 0.6137462 0.3232992 0.720273 0.6192641 0.3045252 0.723724 0.8050253 0.4051512 0.433344 0.8864533 0.4545429 0.08712857 0.870937 0.4871953 0.06410729 0.793498 0.429888 0.4307635 0.8301419 0.5488246 0.09826594 0.7494049 0.5114805 0.4204523 0.6883895 0.718508 0.09932869 0.6502436 0.6592744 0.3775454 0.5256356 0.846394 0.08558374 0.5155784 0.7948508 0.3199864 0.3954066 0.9152621 0.07712841 0.398288 0.8787898 0.2628598 0.3056017 0.9487506 0.08049917 0.3066694 0.925273 0.2232124 0.2300392 0.9714208 0.05851066 0.2274977 0.9552236 0.1891902 0.1799818 0.9689522 0.1695235 0.1772086 0.9642347 0.1971006 0.1654342 0.960579 0.2234265 0.1649703 0.9629859 0.2131735 0.1650937 0.9598757 0.2266781 0.1649273 0.9625611 0.2151172 0.166147 0.9496035 0.2657976 0.1657221 0.9526238 0.2550374 0.1657361 0.9524814 0.2555598 0.1783068 0.9512425 0.2516836 0.2339521 0.9170111 0.3230434 0.3079029 0.860963 0.4048931 0.3839939 0.7853483 0.4855685 0.4694408 0.6687911 0.5764929 0.5508691 0.5222965 0.6509606 0.5951815 0.386222 0.7046925 0.5604648 0.2665217 0.7841209 0.5661352 0.2828472 0.7742664 0.5739197 0.286099 0.7673093 0.5616005 0.2879506 0.7756865 0.5743006 0.2942613 0.7639301 0.5517238 0.3075748 0.775241 0.574585 0.3143648 0.7556632 0.5330345 0.3862589 0.7527804 0.5553377 0.3965384 0.7309975 0.4879987 0.5117675 0.7070724 0.5050274 0.4842061 0.7144871 0.4281941 0.6342982 0.6436736 0.4271753 0.5712035 0.7008907 0.3611957 0.7380661 0.5699089 0.3665716 0.7462109 0.5556929 0.2998901 0.8207139 0.4863071 0.3192175 0.7804316 0.5376121 0.2787275 0.859347 0.4287583 0.2843357 0.8403905 0.4614078 0.2195692 0.9221417 0.3185032 0.2243112 0.9019415 0.3690338 0.1768612 0.9472183 0.2673904 0.1832054 0.9519757 0.2453128 0.1680783 0.9502572 0.2622231 0.558942 0.254579 0.78916 0.5711532 0.2623719 0.7777821 0.5572124 0.2443007 0.7936193 0.5780261 0.255071 0.775129 0.5606316 0.2385761 0.7929525 0.5829043 0.2465448 0.7742339 0.5711539 0.2329099 0.7871062 0.5883153 0.2379009 0.7728443 0.580985 0.2268334 0.781667 0.5940061 0.2296555 0.7709833 0.5901783 0.2207688 0.7764992 0.5863077 0.2248809 0.7782493 0.5980095 0.2146208 0.7722193 0.5776946 0.20603 0.7898232 0.6116544 0.1979881 0.7659502 0.5775681 0.1847944 0.7951517 0.6015256 0.103337 0.7921417 0.5831311 0.1112419 0.8047258 0.6257927 0.04790455 0.778517 0.5653185 0.03957045 0.8239231 0.8744555 -0.4781911 0.08161509 0.886379 -0.4547662 0.08671832 0.8043425 -0.4063113 0.4335253 0.6188168 -0.3055419 0.7236781 0.6142575 -0.3221741 0.7203413 0.7942817 -0.4285074 0.4306947 0.59464 -0.3854598 0.7055664 0.7498885 -0.511331 0.4197714 0.5500885 -0.5217301 0.652074 0.6503512 -0.659606 0.3767802 0.467901 -0.6684575 0.5781292 0.5150888 -0.7954531 0.3192774 0.3835482 -0.7809296 0.4929909 0.3976821 -0.8792271 0.262314 0.3074666 -0.860889 0.405382 0.3061691 -0.9255281 0.2228418 0.2336578 -0.9170128 0.3232516 0.2271785 -0.9553363 0.1890035 0.1782448 -0.9512165 0.2518258 0.1772073 -0.9641947 0.1972972 0.1657586 -0.952634 0.2549759 0.165001 -0.9631493 0.2124109 0.1656537 -0.9522527 0.256464 0.1649374 -0.9624763 0.2154877 0.1661449 -0.9495989 0.2658155 0.1651648 -0.960115 0.2256104 0.165448 -0.9606115 0.2232766 0.1800451 -0.9689019 0.1697437 0.2300007 -0.9714311 0.05849266 0.3088687 -0.947966 0.07720446 0.3904714 -0.9179197 0.07039558 0.5254378 -0.846566 0.08509409 0.6883845 -0.7185928 0.09874808 0.824814 -0.5546643 0.1096796 0.5604627 -0.2665207 0.7841227 0.5732497 -0.2858741 0.7678937 0.5654188 -0.2826016 0.7748793 0.5749237 -0.2944491 0.7633888 0.5621588 -0.2881103 0.7752225 0.5746845 -0.3144375 0.7555573 0.5518542 -0.3076685 0.775111 0.5526053 -0.3973379 0.7326323 0.5345405 -0.3912417 0.7491304 0.5058566 -0.4757826 0.7195417 0.4898232 -0.5041896 0.7112426 0.4344829 -0.6123734 0.6604721 0.423302 -0.6456404 0.6355816 0.3490757 -0.7120147 0.6092464 0.3652609 -0.7378354 0.567612 0.3198562 -0.779897 0.538008 0.299957 -0.8209282 0.485904 0.2842202 -0.8402399 0.461753 0.2703721 -0.8641244 0.4244856 0.2138814 -0.8960958 0.3889307 0.2371374 -0.9358596 0.2606388 0.1910449 -0.9481102 0.2541438 0.1775074 -0.9465858 0.2691959 0.1674035 -0.9499678 0.2636994 0.5715773 -0.262565 0.7774054 0.5546506 -0.2495569 0.7937784 0.5778374 -0.2550565 0.7752742 0.5502423 -0.2435 0.7987122 0.5827717 -0.2464542 0.7743628 0.5604825 -0.2384763 0.793088 0.5885837 -0.2379966 0.7726105 0.5714114 -0.2329988 0.7868931 0.5937656 -0.2295892 0.7711883 0.5807247 -0.2267573 0.7818824 0.6003956 -0.222294 0.7681865 0.5903157 -0.2208221 0.7763794 0.5869402 -0.2185478 0.7795757 0.5980526 -0.2146514 0.7721775 0.5773802 -0.1847371 0.7953014 0.6114404 -0.1979225 0.7661379 0.586428 -0.1083601 0.8027207 0.6088953 -0.1102636 0.7855498 0.5698361 -0.04513394 0.820518 0.6291009 -0.04436451 0.7760566 -0.9999741 -0.003711044 -0.006181538 -0.7764713 0.3011514 0.5535343 -0.9998967 -0.002882957 -0.01408755 -0.7898814 0.1380619 0.597517 -0.9997475 -7.10667e-4 -0.02246618 -0.7785034 0.02150332 0.6272721 -0.6711683 -0.3502171 -0.6533614 -0.6551736 -0.1650569 -0.7372272 -0.6812717 -0.0385189 -0.7310166 -2.02905e-4 -0.1518785 -0.9883992 0.05253523 -0.6415391 0.7652893 0.09699177 -0.7377498 0.6680702 0.1509215 -0.6611537 0.734914 0.515233 -0.6956382 -0.5006222 0.4618051 -0.7651093 -0.4487136 0.3295108 -0.7105101 -0.6217701 0.02730703 -0.7198498 -0.6935926 0.003350973 -0.7267916 -0.6868499 0.009825408 -0.6345716 -0.7728016 0.1144651 -0.959684 -0.2567187 0.07794946 -0.8684085 -0.4896843 0.09080755 -0.7557294 -0.6485578 0.02172595 -0.1689121 -0.9853917 -0.02088391 -0.121675 -0.9923503 0.5142649 0.01596438 0.8574828 0.338141 0.04476082 0.9400304 0.3035241 0.1099562 0.9464581 0.5036317 -0.005182564 0.8639029 0.5898162 -0.02230137 0.8072296 0.3631572 0.09616482 0.926752 0.4372974 0.05119526 0.8978586 0.2383826 0.1818826 0.9539877 -0.1025899 0.1204409 0.9874054 -0.1172503 0.3025465 0.9458953 0.03288382 0.1553829 0.9873068 -0.014032 0.2976164 0.9545825 0.1666975 0.1515625 0.97429 0.1122848 0.2514659 0.9613308 0.1876727 0.06550204 0.9800451 0.779811 -0.08306396 0.62048 0.07336705 0.04494553 0.9962917 -0.05701583 0.03444242 0.997779 -0.07959425 0.0255208 0.9965006 0.7772037 -0.1391525 0.6136702 0.7148365 -0.1549128 0.6819171 0.8756406 -0.3572079 0.325048 0.2278628 -0.5066075 -0.8315211 0.3194854 -0.4761156 -0.8192943 0.3913171 -0.5774313 -0.7165501 0.8740013 -0.4835368 -0.04810363 0.9162086 -0.2765154 0.2900018 0.9464356 -0.18174 0.2668901 0.8388878 -0.4182091 -0.3483796 0.6757014 -0.4252336 -0.6021661 0.7372685 -0.2543954 -0.6258741 0.968322 -0.2426306 -0.059017 0.9267449 -0.3717854 -0.05403286 0.8948387 -0.2604017 -0.3625668 0.4986305 -0.2402054 -0.8328679 0.4584859 -0.3972947 -0.7949514 0.285036 -0.2161493 -0.9338276 0.5502142 -0.5245618 -0.6496918 0.7501427 -0.1463534 -0.6448772 0.9304893 -0.07980793 0.3575198 0.1530689 -0.1984987 -0.9680745 0.06952792 -0.1864679 -0.9799978 0.02445453 -0.3100669 -0.9504002 0.04658454 -0.3675803 -0.9288243 0.02187335 -0.2246294 -0.9741988 0.04962694 -0.4098753 -0.9107906 0.03226995 -0.2901877 -0.9564255 0.07782125 -0.4356991 -0.8967219 0.07016438 -0.3151444 -0.9464465 0.1374495 -0.4682381 -0.8728464 0.1459787 -0.3413216 -0.9285418 0.2596955 -0.3610596 -0.8956531 0.1054028 -0.8931194 0.4372962 0.09061908 -0.9647153 0.24721 0.08745235 -0.9961658 0.002422928 0.05255132 -0.978356 0.200145 0.05106788 -0.9968901 -0.06001788 0.03698498 -0.9950273 0.0924822 0.06287086 -0.9562272 -0.2857919 0.2425093 -0.8812955 -0.4055954 0.2682083 -0.9619365 -0.05236965 0.2189173 -0.9450564 -0.2427833 0.2432381 -0.9258145 0.2893144 0.1976554 -0.9750536 -0.1010091 0.1517174 -0.9872286 0.04859638 0.1764274 -0.9272468 0.3302828 0.1779989 -0.8113129 0.5568554 0.5114215 -0.8162493 0.2686729 0.3321944 -0.8603081 0.3866741 0.4209944 -0.8301889 0.3654453 0.3067968 -0.9379815 0.1614511 0.3247812 -0.929427 -0.1751649 0.1384108 -0.9087809 -0.3936492 0.1558921 -0.8403955 -0.5190694 0.1756305 -0.7240372 -0.6670264 0.03770273 -0.9914776 -0.1247028 0.0563299 -0.8930103 -0.4464971 0.02946686 -0.9036405 -0.4272769 0.03575605 -0.8407309 -0.5402713 0.5888788 -0.172186 0.789667 0.5515488 -0.283341 0.7845456 0.6728949 -0.5586322 0.484915 0.427325 -0.3826531 0.8191276 0.5198059 -0.6474007 0.5573815 0.2975385 -0.5247477 0.7975655 0.3419836 -0.7331744 0.5877947 0.6191947 -0.6419667 0.4521911 0.4536361 -0.8903686 -0.03818672 0.4213958 -0.8255128 -0.3754386 0.3733296 -0.8825899 -0.2857624 0.5894561 -0.7806512 -0.2076669 0.6753918 -0.7269034 0.1243277 0.104247 -0.6545939 -0.7487586 0.1206653 -0.5683609 -0.8138831 0.1993436 -0.6195692 -0.7592076 0.04451411 -0.7726382 -0.6332842 0.04762452 -0.6803402 -0.7313475 0.05772417 -0.6059992 -0.7933681 0.07162803 -0.5314282 -0.8440696 0.7740275 -0.4831805 0.4091675 0.7180606 -0.6251993 -0.3058019 0.8222414 -0.5691365 -0.001695096 0.2795636 -0.8243393 -0.492249 0.2784832 -0.7543318 -0.5945005 0.6658008 -0.6997036 -0.2590837 0.8290408 -0.4208396 0.3682193 0.6920276 -0.1951008 0.6950061 0.2879002 -0.6174523 -0.7320289 0.5664459 -0.6218237 -0.540809 0.0252493 -0.5188075 -0.8545182 0.04660505 -0.5126205 -0.8573496 0.02700942 -0.589296 -0.8074656 0.005839586 -0.5103702 -0.8599351 0.03272873 -0.529242 0.8478395 0.03725802 -0.3264961 0.944464 0.03529185 -0.09458041 0.9948915 0.02421414 0.1596444 0.9868776 0.04037839 0.0677247 0.9968867 0.0455653 -0.1578181 0.9864164 0.02340108 -0.698613 0.715117 0.04995948 -0.3301707 0.9425983 0.04792946 0.03298044 0.9983062 0.02891725 0.2915377 0.9561222 -0.01172357 0.3942079 0.9189465 0.05793565 -0.5137931 0.8559557 0.2161612 -0.311773 0.9252416 0.1749761 -0.1267946 0.9763742 0.1500714 -0.3299341 0.931999 0.1112764 0.00194323 0.9937876 0.1127437 -0.4507489 0.8855023 0.04794448 0.2022521 0.9781592 0.07461124 -0.08805066 0.9933179 0.08876556 -0.2594527 0.9616678 0.3090766 -0.1437438 0.9401113 0.2193357 0.0238099 0.9753589 0.1392099 0.1538171 0.9782438 0.05759865 0.2800849 0.9582457 -0.01702284 0.4076271 0.9129898 -0.01859396 0.4002143 0.916233 -0.0529744 0.5230413 0.8506596 0.2419306 -0.6738482 0.6981393 -0.1012265 0.4884719 0.8666883 -0.1609762 0.08867734 0.9829664 -0.1523954 0.2867821 0.9457969 -0.1000025 0.4347432 0.8949849 -0.02606111 0.380616 0.924366 0.07086014 0.3069001 0.9491002 0.1734659 0.2157275 0.9609221 0.2759997 0.1110631 0.9547194 0.3932267 -0.03636133 0.9187223 0.8248476 0.5510551 -0.1263513 0.8726909 0.4795339 -0.09196686 0.7849149 0.4375174 -0.4387336 0.4433431 0.8311449 -0.3356265 0.3153483 0.878043 -0.3599945 0.3576337 0.9102244 -0.2087813 0.294893 0.9463497 -0.132138 0.2794784 0.9562807 -0.08613425 0.2146431 0.9765951 -0.01380515 0.2152658 0.9753186 -0.04913789 0.1927709 0.9783759 0.0749675 0.1820468 0.9808473 -0.06926524 0.1880156 0.9820746 0.01340734 0.1846651 0.9777119 -0.09989172 0.2415407 0.9702708 0.01526123 0.2170674 0.9655941 -0.143212 0.2750822 0.9578714 -0.08253586 0.2704203 0.9391277 -0.2119252 0.3742102 0.9245567 -0.07184517 0.3413657 0.9066805 -0.2477899 0.4632477 0.8773054 -0.1254465 0.4330716 0.845936 -0.3111935 0.6039063 0.78415 -0.1428499 0.5543602 0.7488573 -0.3631772 0.7236565 0.6763678 -0.1372881 0.6660187 0.6231634 -0.4099836 0.7455163 0.5117349 -0.4270046 0.6052054 0.3420267 -0.7188493 0.58175 0.4012377 -0.7075135 0.5392906 0.500328 -0.6773755 0.4738364 0.6466927 -0.5977187 0.390961 0.7567867 -0.5238547 0.3026313 0.8476679 -0.4357448 0.2629917 0.8831434 -0.3884496 0.1971313 0.9397239 -0.2793894 0.179723 0.954827 -0.2366538 0.1658729 0.9650076 -0.2030929 0.2055872 0.9592665 -0.1937567 0.2375088 0.9354952 -0.2616072 0.3282924 0.8715616 -0.3641493 0.3710271 0.8042672 -0.4642126 0.4238939 0.6597139 -0.6205576 0.4916998 0.6817728 -0.5416799 0.4785851 0.5346064 -0.6965288 0.5193939 0.5586773 -0.646614 0.4592532 0.4113619 -0.7873169 0.4622346 0.3926131 -0.7951064 0.4900554 0.3629173 -0.7925508 0.4916778 0.3944348 -0.7763209 0.5627503 0.5799238 -0.5890676 0.5426695 0.6801903 -0.4927991 0.5466335 0.794861 -0.2634159 0.4594971 0.8193666 -0.3427841 0.3636609 0.002343416 -0.9315285 0.2959956 0.002715826 -0.9551855 0.3634619 0.01708573 -0.9314524 0.3121417 0.03305494 -0.9494605 0.329092 0.0616948 -0.9422804 0.3903831 0.06297969 -0.9184958 0.4155628 0.108061 -0.9031226 0.4388582 0.1332025 -0.8886285 0.4441713 0.1985542 -0.8736637 0.4389561 0.2230738 -0.8703767 0.4712466 0.2945896 -0.8313505 0.4943571 0.3215905 -0.8075832 0.4668948 -0.5691103 -0.6768477 0.6241138 0.2475973 -0.7410652 0.6743986 0.1023051 -0.7312458 0.8291549 0.3279383 -0.4527239 0.898037 0.1550519 -0.41169 0.976414 0.1399115 -0.16444 0.9178425 0.3791093 -0.1176493 0.9805074 0.1948778 -0.02505987 0.8954561 0.4330805 -0.1029552 0.8110144 0.3868275 -0.438885 0.6160228 0.2922093 -0.7315256 0.7983992 0.4106286 -0.4403894 0.6197488 0.3237573 -0.7149075 0.8863967 0.4530851 -0.09494602 0.8862088 0.4532848 -0.09574443 0.7983193 0.4107968 -0.4403777 0.8860407 0.453573 -0.09593462 0.7985156 0.4104557 -0.4403397 0.6154743 0.3092591 -0.7249485 0.4084745 0.02322745 -0.9124743 -0.1649714 0.06631666 0.9840664 -0.1635983 0.1411687 0.9763744 -0.1403372 0.1450026 0.9794284 0.2484677 -0.490512 0.8352617 0.3441519 -0.4932287 0.7989273 0.3300849 0.3683801 0.8691031 0.1260887 -0.4748874 0.8709672 0.2192721 -0.5055888 0.8344459 0.2068171 0.3087767 0.928377 0.1832738 0.9067206 0.3798267 0.1716771 0.80827 0.5632289 0.1654911 0.8008581 0.5755336 0.126547 0.6548385 0.745099 0.05373471 0.483738 0.8735618 0.05205649 0.5123178 0.8572168 -0.0143758 0.3908091 0.9203596 0.006134927 0.3928281 0.9195915 -0.00834912 0.4211654 0.9069455 -0.1420463 -0.5386631 0.8304607 -0.1548879 0.2547506 0.9545219 -0.1929528 0.2718105 0.9428088 -0.255181 0.2118777 0.9433931 0.486081 0.1496593 0.8610036 0.4482946 0.2887387 0.845968 0.3900737 0.4210246 0.81889 0.3360962 0.5409919 0.7709521 0.2343962 0.8641561 0.4453005 0.2675855 0.6635562 0.6986352 0.2272107 0.7699545 0.5962765 0.1893561 0.8943125 0.4054005 0.166067 0.9495477 0.2660472 0.442658 0.426647 0.7886865 0.3818998 0.5844684 0.7159254 0.3164563 0.7164596 0.6217243 0.2485892 0.8172113 0.5199703 0.4452934 -0.02343451 0.895078 -0.4850865 0.7317969 0.4787111 -0.3796501 0.8214016 0.4256353 -0.2895373 0.4370673 0.8515518 -0.2853783 0.3651069 0.8861469 -0.2684686 0.3662611 0.8909419 -0.2053113 0.3275562 0.922255 -0.5879154 0.629716 0.5077532 -0.2921372 0.2990909 0.9084054 -0.2102234 0.2908285 0.9333943 -0.1588335 0.2939407 0.9425343 -0.7307611 0.4748466 0.4904171 -0.05631858 0.2729856 0.9603682 -0.06351709 0.2053561 0.976624 0.01951831 0.3076583 0.9512967 -0.03024339 0.2632096 0.9642646 0.1189157 0.6628733 0.739228 -0.01264733 0.4279628 0.9037079 -0.001856327 0.3886717 0.9213746 0.0628519 0.4652789 0.88293 -0.01283234 0.3809812 0.9244937 -0.02248358 0.2707091 0.9623986 0.01049554 0.3027107 0.9530248 -0.03151726 0.1780728 0.9835125 0.01832735 0.2279788 0.9734936 0.07654869 0.398417 0.9140046 0.08873206 0.3306548 0.9395713 0.123765 0.2057777 0.9707409 0.1403695 0.5917584 0.7937999 0.1650456 0.4958671 0.8525701 0.1867275 0.4015154 0.896615 0.2047817 0.7223283 0.660535 0.250676 0.6119105 0.7501514 0.2910799 0.4920939 0.8204366 0.04489988 0.2491586 0.9674213 0.03910148 -0.3733605 0.926862 0.01202595 -0.6016174 0.7986939 -0.04324603 0.1209118 0.9917209 -0.04767012 -0.5058437 0.8613071 -0.1101464 0.05136156 0.9925874 -0.1292849 0.2291631 0.9647641 -0.1338413 0.2726593 0.9527558 0.3166087 0.117206 0.9412873 0.2381661 0.07371306 0.9684231 0.1894758 0.05976271 0.9800651 0.1142832 0.1013009 0.9882701 0.2185248 0.1791153 0.9592522 0.1259677 0.3025119 0.944785 0.1543976 0.2320677 0.9603676 0.07734507 0.1382632 0.9873709 0.0769447 0.16179 0.9838209 0.05722767 0.2102712 0.9759668 0.02744168 0.2931771 0.9556642 -0.008054792 0.3060948 0.951967 0.1199644 0.3606743 0.9249446 0.08486688 0.4466393 0.8906801 0.141972 0.5974938 0.7892053 -0.192656 0.06651496 0.9790095 -0.7668353 0.1548883 0.6228749 -0.185247 0.1357109 0.973276 -0.2547764 0.128556 0.9584166 -0.760097 0.3103438 0.570911 -0.6871048 0.4830721 0.5427048 -0.2833831 0.214397 0.9347342 -0.2045496 0.2177808 0.9543223 -0.1635341 0.2230395 0.9609944 -0.04468077 0.1389181 0.9892955 0.6229043 0.2952375 0.7244482 0.8105875 0.3933349 0.4338614 0.8922469 0.4417089 0.09374916 0.5930067 0.6974178 0.4024319 0.7597265 0.5229725 0.3864138 0.6332861 0.4148325 0.6533474 0.4364144 0.8840368 0.1673958 0.4412872 0.8084189 0.3895182 0.2683025 0.9156198 0.2994232 0.7330432 0.5305297 -0.4256593 0.651888 0.4925218 -0.5765972 0.5600912 0.2068024 -0.8022036 0.7118935 0.1975655 0.6739254 0.9525917 0.3042502 9.70581e-4 0.9017707 0.4195578 0.1038316 0.9143033 0.388337 0.1150822 0.9259583 0.3574379 0.1218166 0.9381406 0.3234515 0.1235767 0.7820256 0.6232323 -0.004201531 0.5947926 0.8035231 -0.02392554 0.4107511 0.910094 -0.05488592 0.303148 0.9529027 -0.008815765 0.2006824 0.9758037 0.08679753 0.1908972 0.9636434 0.186948 0.5386788 0.6533929 0.5318862 0.4506331 0.7274986 0.5173739 0.5676539 0.7830226 -0.2542532 0.4643328 0.8822597 0.07754313 0.2812258 0.9327026 0.2257836 0.2069151 0.9626331 0.1747102 0.978682 0.2051424 -0.009910643 0.8782332 0.2852702 -0.3838328 0.9511896 0.2990894 -0.0760523 0.8142005 0.5783892 0.05043286 0.6273347 0.7604745 0.1677197 0.7906667 0.5788866 -0.1993403 0.6276113 0.7785266 6.36813e-4 0.7497349 0.2543529 -0.6109027 0.6057467 0.784367 -0.1335645 0.4719846 0.5373402 -0.698925 0.8955622 0.270281 0.3534353 0.9998497 0.01587301 -0.006972134 0.9980973 -0.06141877 0.005434095 0.9885749 0.1503317 0.01096314 0.9997934 0.01413935 -0.01460677 0.9444819 0.3046334 0.1230959 0.9417291 0.3214022 0.09923261 0.9506258 0.3033409 0.06553572 0.9866716 0.1302381 0.09755682 0.9921413 -0.0280686 -0.1219336 0.9995143 0.01022708 -0.02944028 0.9932699 2.27798e-4 0.1158235 0.9950347 0.01028555 -0.0989955 0.9931632 -0.004532516 -0.116646 0.9935694 -0.01926928 -0.1115733 0.9928782 -0.006213903 0.1189722 0.9926621 -0.004884183 -0.1208227 0.9927641 -0.002004802 0.1200643 0.9928666 -0.004903674 -0.1191293 0.9929745 -0.002051413 0.1183114 0.9932343 -0.002214014 0.1161069 0.9947908 -0.005266666 -0.1018018 0.9998469 -0.01258707 -0.01216119 0.9995948 -0.0191825 -0.02103501 0.9926574 0.01828473 -0.11957 0.9997143 -0.02390092 -3.99834e-4 0.9886788 -0.1478924 0.0253387 0.9928487 0.01173728 0.1188019 0.9928526 0.002065718 0.1193297 0.9926516 0.004935145 -0.1209071 0.9928653 0.00471729 -0.1191483 0.9930767 0.001714408 0.1174561 0.9213366 -0.3727959 0.1102818 0.9275349 -0.3724805 0.03061711 0.9075263 -0.3898648 0.1562101 0.9334298 -0.3582232 0.01962584 0.9859248 -0.1671615 0.003062665 0.9855395 0.1002871 -0.1365812 0.9944807 0.02936017 -0.1007277 0.998486 -0.05357944 -0.01245808 0.9636411 -0.1888853 0.1889923 0.9754738 -0.1233815 -0.1822848 0.9805108 -0.1948559 -0.02509939 0.9792041 -0.2025794 -0.01100271 0.9518742 -0.306469 0.003527045 0.5381152 -0.6097446 0.581931 0.6325264 -0.4172719 0.6525294 0.7592425 -0.5236529 0.3864434 0.7500403 -0.2550987 -0.6102166 0.5600244 -0.2136373 -0.8004574 0.6521438 -0.4908459 -0.577736 0.490031 -0.362899 -0.7925743 0.490364 -0.3955591 -0.7765799 0.8891229 -0.4469881 -0.09829759 0.9004368 -0.4213121 -0.1082128 0.9151996 -0.3850285 -0.1190072 0.9252161 -0.3603138 -0.1189498 0.4270704 -0.9037253 -0.02985799 0.5968099 -0.7897484 -0.1418294 0.5866881 -0.8092498 -0.03019917 0.7252194 -0.6740666 -0.1403253 0.7842916 -0.6203693 -0.005356073 0.832009 -0.5431869 -0.1127352 0.8682849 -0.4905659 -0.07366561 0.3062752 -0.9519358 -0.003735363 0.3563141 -0.9285376 -0.1042039 0.478298 -0.8712753 -0.1100477 0.200256 -0.9758585 0.08716565 0.2311595 -0.9728811 -0.008216977 0.2802917 -0.9557545 -0.08927619 0.1950091 -0.9629766 0.1861389 0.1869019 -0.9806337 0.05852568 0.1910442 -0.9815716 0.004422008 0.3112593 -0.8793408 -0.3603851 0.2958419 -0.9461471 -0.1314663 0.2793429 -0.9332639 0.225801 0.2149749 -0.9765214 -0.01385486 0.2082346 -0.9625466 0.173616 0.4485746 -0.8934441 -0.02320909 0.4568853 -0.8895212 -0.002816379 0.4689664 -0.8121007 -0.347222 0.5787763 -0.7931246 -0.1896614 0.5291555 -0.7010518 -0.4780386 0.3636789 -0.002412736 -0.9315214 0.3636565 -0.01748257 -0.9313691 0.3550963 -0.05683821 -0.9331002 0.4294428 -0.1213514 -0.8949038 0.4434762 -0.1994513 -0.8738123 0.4652141 -0.2864274 -0.837577 0.7115628 -0.2002502 0.6734822 0.2643868 -0.9164862 0.3002542 0.1660669 -0.9495475 0.2660477 0.8996239 -0.4252953 0.09899961 0.8896486 -0.4473405 0.09171622 0.8895254 -0.4476692 0.09130626 0.8895172 -0.4477996 0.09074562 0.4369976 -0.8835447 0.1684693 0.4351274 -0.8189675 0.3741075 0.5938875 -0.6973837 0.4011904 0.4300061 -0.7342839 0.5252828 0.6288449 -0.7591137 0.1682277 0.6283481 -0.7779323 4.04537e-4 0.6062479 -0.7837957 -0.1346396 0.4719855 -0.5373412 -0.6989236 0.5617005 -0.5825714 -0.5874548 0.7332533 -0.5294466 -0.4266451 0.8785982 -0.2861807 -0.3823165 0.9512106 -0.2989776 -0.07623034 0.8950517 -0.2716488 0.3536798 0.7900453 -0.5803202 -0.1976282 0.8130412 -0.5799661 0.05102223 0.8063582 -0.4018197 0.4339672 0.6198024 -0.3008341 0.7248062 0.8069624 -0.4005213 0.4340441 0.8072401 -0.3999806 0.4340267 0.8202861 -0.3752009 0.4316886 0.6199936 -0.3001473 0.7249274 0.6200209 -0.3002732 0.7248518 0.6284403 -0.2803452 0.7255821 0.3079933 -0.09603488 0.9465292 -0.04434829 -0.1176937 0.9920592 -0.02979034 0.5418279 0.8399615 -0.04105526 -0.279717 0.9592044 -0.03235614 -0.1773536 0.9836152 0.01494413 -0.2301983 0.973029 -0.01685774 -0.1717279 0.9850002 0.07762759 -0.4001518 0.9131553 0.09001719 -0.331872 0.9390196 0.01153182 -0.303753 0.9526811 0.1873246 -0.4023759 0.8961044 -0.1142003 -0.05136078 0.9921292 -0.07815903 -0.2215737 0.9720063 -0.2997887 -0.4298332 0.8516867 -0.2582435 -0.3482646 0.9011227 -0.2570804 -0.2093092 0.9434509 -0.7247648 -0.4738075 0.5002224 -0.3834431 -0.7800523 0.4944592 0.2192049 -0.8672215 0.447075 0.1832544 -0.9088169 0.3747928 0.4406539 -0.2733108 0.8550587 0.4431982 -0.4279852 0.7876573 0.3166107 -0.7143549 0.6240631 0.1894429 -0.894461 0.4050321 0.278813 -0.6661961 0.6916981 0.326454 -0.5320628 0.7812407 0.3847341 -0.4046229 0.8296144 0.4399932 -0.278999 0.8535606 0.4813563 -0.1410021 0.8651096 -0.4818702 -0.7308643 0.4833618 -0.5865811 -0.6246188 0.5155328 -0.2854952 -0.3608002 0.8878715 -0.294188 -0.2966833 0.9085332 -0.2085512 -0.3253143 0.9223216 -0.208427 -0.2886866 0.9344615 -0.1580956 -0.2933537 0.9428412 -0.1753382 -0.1294761 0.9759573 -0.2076389 -0.2618712 0.9425018 -0.1486434 -0.2432144 0.9585155 -0.1351967 -0.2244338 0.9650655 -0.1361686 -0.2715599 0.95274 -0.06358987 -0.2746806 0.9594305 0.03510135 -0.3026742 0.9524475 -0.004895091 -0.2571977 0.9663465 0.06275045 -0.4666329 0.8822223 -5.94795e-4 -0.391694 0.9200954 -0.01204913 -0.4287015 0.903366 -0.01610785 -0.4261363 0.9045156 -0.001214504 -0.3839307 0.9233611 -0.008450746 -0.3085796 0.951161 0.06537377 -0.3968191 0.9155659 0.05161035 -0.4730681 0.879513 0.127533 -0.649555 0.7495424 0.1192744 -0.6560935 0.7451946 0.1668701 -0.7975578 0.5797034 0.2045711 -0.7203679 0.6627374 0.2485865 -0.815965 0.5219252 0.3814145 -0.5870051 0.7141065 0.291074 -0.4922699 0.8203331 0.2503594 -0.6112696 0.7507793 0.1650654 -0.4960268 0.8524735 0.1397976 -0.5903378 0.7949579 0.05002719 -0.5052195 0.8615397 -0.01458072 -0.3900861 0.9206631 0.02477049 -0.2944842 0.9553353 0.3289698 0.545139 0.7711046 0.3310419 -0.3721336 0.8671377 0.2684865 -0.2491375 0.9305082 0.2077132 -0.313387 0.9266303 0.2021969 0.5640278 0.8006179 0.1430354 -0.230465 0.9625107 0.1046893 -0.2538509 0.9615613 0.05755954 -0.2284601 0.9718503 0.03306537 0.3773291 0.9254887 -0.02845168 -0.3664008 0.9300221 0.08282852 -0.1642435 0.9829362 0.2163345 -0.07347244 0.9735508 0.1297168 -0.1048229 0.9859948 0.1987096 -0.04639756 0.9789596 0.2073973 -0.1741593 0.9626291 0.08305597 -0.1459033 0.9858062 0.1528974 -0.2345608 0.960002 0.1263501 -0.2971431 0.9464363 0.05904853 -0.2096483 0.9759923 0.1108598 -0.3731059 0.9211419 0.1726994 -0.8082461 0.5629504 0.2240891 -0.779389 0.5850956 0.1576321 -0.5967509 0.7867913 -0.7599623 -0.3152867 0.5683763 -0.7683236 -0.1521772 0.6217083 -0.2571516 -0.1359246 0.9567642 -0.1908176 -0.06415194 0.9795271 -0.1719142 -0.06996113 0.9826245 -0.1674486 -0.1374306 0.9762551 -0.1814193 -0.1402201 0.9733578 -0.6868381 -0.48264 0.5434262 -0.287082 -0.2141371 0.9336644 -0.1993515 -0.2170215 0.9555945 -0.1635608 -0.2230123 0.960996 -0.1389909 -0.1393605 0.9804388 -0.04569804 -0.1420248 0.9888077 0.2930424 -0.002834975 -0.9560953 0.2929734 -0.01422125 -0.9560148 0.3449609 -0.0757963 -0.9355517 0.4122223 -0.1461091 -0.8992913 0.4316126 -0.2072817 -0.8779209 0.4879198 -0.3246212 -0.810281 0.5819969 -0.4029654 -0.7063275 0.6008552 -0.3343191 -0.7260881 0.7857348 -0.4371553 -0.4376255 0.7439514 -0.514054 -0.4269484 0.665159 -0.6227061 -0.412069 0.5543607 -0.7479866 -0.3649662 0.4336182 -0.8452328 -0.3123412 0.3418451 -0.9063293 -0.248413 0.2707097 -0.9389804 -0.212208 0.2172508 -0.9655454 -0.1432632 0.1846987 -0.9777176 -0.09977388 0.1822189 -0.9808333 -0.06901031 0.2160661 -0.9751541 -0.04888808 0.2809683 -0.955847 -0.08610248 0.3553618 -0.9118027 -0.2057523 0.4522019 -0.8279402 -0.3317055 0.4751915 -0.6874789 -0.5491501 0.5165034 -0.5613407 -0.6466227 0.459715 -0.3936147 -0.7960715 0.4563357 -0.3952162 -0.7972215 0.4670459 -0.5390595 -0.7009159 0.4219272 -0.6577843 -0.623937 0.3755578 -0.7832344 -0.4954798 0.3132078 -0.8690963 -0.3828478 0.2386708 -0.931162 -0.2756329 0.1969211 -0.9581959 -0.2075636 0.1660408 -0.9649832 -0.2030711 0.1733571 -0.9598281 -0.2206296 0.2044065 -0.9398956 -0.2735221 0.2580039 -0.8992918 -0.3531405 0.3146091 -0.8474397 -0.4276295 0.391895 -0.7675422 -0.5072451 0.4805077 -0.6457045 -0.593446 0.5430065 -0.5054922 -0.6705383 0.6075494 -0.3133019 -0.7298806 0.6105901 -0.3054852 -0.7306563 0.802748 -0.401888 -0.440547 0.6520717 -0.1141737 -0.7495111 0.7755819 -0.1199514 -0.6197454 0.833391 -0.3328497 -0.4412148 0.9093654 -0.1552577 -0.3859401 0.633769 -0.2381141 -0.7359609 0.4713298 0.5696817 -0.6732838 0.826925 -0.3449278 -0.4440944 0.8135557 -0.3773334 -0.4424329 0.6294299 -0.2605392 -0.7320774 0.6194438 -0.2893266 -0.7297805 0.8934171 0.0230472 -0.4486368 0.638876 0.009293317 -0.7692536 0.8886455 -0.04288899 -0.4565851 0.8850681 4.84524e-4 -0.4654613 0.9730774 0.06291174 -0.2217265 0.6312844 -0.03674238 -0.7746806 0.5775888 0 -0.816328 0.6089152 0 -0.7932353 0.6313951 0 -0.7754614 0.702778 0 -0.7114093 0.7704715 0.003022134 -0.6374673 0.6493703 6.91464e-5 -0.7604724 0.6498044 3.28802e-4 -0.7601016 0.8896099 0.002829313 -0.4567123 0.6503632 3.32449e-4 -0.7596234 0.8908272 0.00279504 -0.4543337 0.8799371 0.002900004 -0.4750815 0.8910703 0.04403018 -0.4517245 0.6387096 0.03083223 -0.76883 0.8905011 -0.002828299 -0.4549725 0.8917291 -0.002950072 -0.4525601 0.6541827 0.003489732 -0.7563286 0.6500338 -3.11123e-4 -0.7599053 0.650601 -3.28137e-4 -0.7594197 0.6584713 0.005889534 -0.7525828 -0.06648707 0.04503697 -0.9967705 -0.02794671 0.1010948 -0.9944843 -0.03281992 0.09133994 -0.9952788 0.03424102 0.1442354 -0.9889509 0.4286473 -0.05995559 -0.9014803 -0.4169098 7.01452e-4 -0.9089476 -0.4149069 0.002146005 -0.9098614 -0.2918323 0.01169258 -0.956398 -0.299965 0.03825652 -0.9531829 -0.2524363 0.06153607 -0.9656548 0.4474055 0.1150593 -0.886899 0.3126442 0.5525704 -0.7726057 0.2798238 0.1487486 -0.948458 0.2648668 0.06205648 -0.9622861 0.1833841 0.5628749 -0.8059418 0.150601 0.1676211 -0.9742806 0.1436895 0.1296252 -0.9810967 0.09448844 0.1706822 -0.9807852 0.09309828 0.1405047 -0.9856932 0.04102522 0.1654318 -0.9853676 -0.02501595 0.1113649 -0.9934647 -0.06602108 0.1129629 -0.9914034 -0.09362989 0.423254 -0.9011601 -0.1133828 0.1197798 -0.9863048 -0.1056167 0.0699051 -0.9919468 -0.13151 0.07794857 -0.9882456 -0.1312 0.1226645 -0.9837378 -0.1586704 0.08199971 -0.9839206 -0.1577349 0.1090823 -0.9814382 -0.1952467 0.03282058 -0.9802049 -0.41692 6.18183e-4 -0.908943 -0.2971844 2.65832e-4 -0.9548201 -0.2523161 -0.01859962 -0.9674661 -0.2119462 0.3267201 -0.9210499 -0.1995865 0.09813016 -0.9749543 -0.1560102 0.1259745 -0.9796894 -0.1313669 0.1365247 -0.9818878 0.03854256 0.2391496 -0.9702175 0.01081895 0.2244123 -0.9744342 -0.02713501 0.7047189 -0.7089676 -0.02968358 0.6053183 -0.7954298 -0.07046306 0.6057098 -0.7925595 0.1455374 0.2550163 -0.9559214 0.08939033 -0.563486 -0.8212751 0.08874517 0.344635 -0.9345326 0.03402954 0.2493444 -0.9678169 0.3433243 0.554396 -0.7581382 0.1673693 0.925633 -0.3393982 -0.4418163 0.3593881 -0.8219724 -0.6170223 0.5691252 -0.5434888 -0.3297578 0.8756207 -0.352914 0.4181699 0.4805325 -0.7708584 0.3301933 0.6706637 -0.6642158 0.3982089 0.311544 -0.8627689 0.2299034 0.8438941 -0.4847549 0.1598773 0.9406093 -0.2994889 0.196043 0.8616121 -0.4681793 0.213548 0.9102453 -0.3547548 0.3495847 0.3796474 -0.8565387 0.3188757 0.2242813 -0.9208781 0.1059991 0.1882311 -0.9763879 0.6558878 -0.01457685 -0.7547177 0.07823514 0.4927945 -0.8666215 0.5901652 -0.1396562 -0.7951108 0.5012502 -0.2447542 -0.8299661 0.6372988 0.5818471 -0.5052764 0.5705623 0.6589096 -0.4902008 0.06010586 0.663484 -0.7457724 0.688389 0.1158282 -0.7160339 0.6814026 0.3222613 -0.657144 0.6579771 0.4992995 -0.5637076 0.4333075 0.7762315 -0.4579402 0.2785572 0.8727454 -0.400901 0.09271359 0.9291787 -0.3578144 -0.09413677 0.9230456 -0.3729949 -0.008663117 0.625054 -0.7805336 -0.2949718 0.8626075 -0.4109744 -0.4416308 0.7829673 -0.4380918 -0.5294402 0.7095425 -0.4650188 -0.6120728 0.6120421 -0.5007708 -0.6743093 0.5014435 -0.5420898 -0.734694 0.3415108 -0.58617 -0.7531949 0.1498467 -0.6405025 -0.0324406 0.4133936 -0.9099745 -0.6676653 0.02494508 -0.7440436 -0.5796072 -0.1015725 -0.808541 -0.4418327 -0.2425616 -0.8636828 -0.310105 -0.3475822 -0.884885 -0.1615781 -0.4195379 -0.8932416 -0.04539036 -0.4273415 -0.9029502 0.1187458 -0.4137747 -0.9026018 -0.005139231 0.2852448 -0.9584409 0.303893 -0.3569142 -0.8833241 0.1448381 0.9030113 -0.4044658 0.1398543 0.8831847 -0.4476895 0.1827284 0.7864286 -0.5900343 0.248262 0.6107236 -0.7519193 0.3061544 0.4176663 -0.8554674 0.2711887 0.2769579 -0.9218195 -0.02182489 0.212706 -0.9768726 -0.1326299 0.4381523 -0.8890624 -0.1232675 0.6030602 -0.7881139 -0.1115662 0.4016276 -0.908982 -0.0655539 0.3891879 -0.9188229 -0.03214174 0.401389 -0.9153436 -0.2020702 0.7188556 -0.6651424 -0.2218275 0.5833986 -0.7813057 -0.2549272 0.6444074 -0.7209378 -0.2112899 0.4555629 -0.8647653 -0.2326465 0.5794317 -0.7811111 -0.1798123 0.3864041 -0.9046322 -0.1662185 0.5632626 -0.8093867 -0.1298146 0.5871084 -0.799032 -0.4314748 0.8179415 -0.3805276 -0.2937567 0.6197777 -0.7277243 -0.2572435 0.5907016 -0.7647859 -0.1641956 0.5931583 -0.7881645 -0.1157988 0.62823 -0.769362 -0.1115021 0.6611186 -0.7419499 -0.05737912 0.6853274 -0.7259712 -0.0157476 0.711997 -0.7020059 -0.7474728 0.1929093 -0.6356653 -0.1258954 0.1313298 -0.9833122 -0.02241867 0.1452111 -0.9891468 -0.6489558 0.5705323 -0.503338 -0.7269566 0.3859266 -0.5679743 -0.3405862 0.4104297 -0.845901 -0.2561819 0.2704271 -0.9280303 -0.2553214 0.4247194 -0.8685761 -0.103769 0.2923173 -0.9506749 -0.02028095 0.1660351 -0.9859113 0.05428826 0.1291191 -0.9901419 -0.1207034 0.4427529 -0.8884822 -0.04241025 0.3326137 -0.9421091 -0.01499825 0.2083408 -0.9779413 0.1064346 0.3162044 -0.9427017 -0.002705991 0.2710223 -0.9625693 0.01516819 0.4699752 -0.8825493 0.1271788 0.4177045 -0.899638 0.1081405 0.8531745 -0.5102929 0.0979743 0.8252446 -0.5562126 0.1208605 0.7190654 -0.684352 0.1582826 0.5446359 -0.8236009 0.1907028 0.3644251 -0.911497 0.04525971 0.7647765 -0.6427041 0.05696254 0.783823 -0.6183662 0.1038104 0.7323585 -0.6729595 -0.001167833 0.7201908 -0.6937751 0.006790816 0.7312569 -0.6820684 0.01819419 0.6585544 -0.7523133 0.118461 0.5827071 -0.8040021 0.2874619 0.7338126 -0.6155362 0.01012605 0.4585371 -0.8886176 -0.009925723 0.6204002 -0.7842226 -0.01196181 0.4478386 -0.8940345 -0.03752982 0.6124971 -0.7895815 -0.04671001 0.4156759 -0.9083127 -0.08398824 0.5792644 -0.8108013 -0.07125395 0.4819115 -0.8733179 -0.09550642 0.588418 -0.8028965 -0.1504941 0.5475146 -0.8231521 -0.002610981 0.6339671 -0.7733557 -0.1912487 0.6821912 -0.7057189 -0.2676116 -0.4176467 -0.8683059 -0.1830478 0.2850018 -0.9408866 -0.1467447 0.2508723 -0.9568328 -0.1287881 0.2589957 -0.9572539 -0.1172177 0.2370926 -0.9643895 -0.07062518 -0.2469863 -0.9664419 -0.0520156 -0.2921118 -0.9549688 -0.5408639 0.7187147 -0.4369386 -0.3287776 0.5354529 -0.7779433 -0.2725662 0.5303195 -0.8027882 -0.4105198 -0.008129417 -0.9118155 -0.2308394 0.6673645 -0.7080521 -0.1285719 0.8263463 -0.5482891 -0.4126185 6.93769e-4 -0.9109038 0.3453162 0.7458865 -0.5695702 0.2382476 0.7381631 -0.6311524 0.4007648 0.229808 -0.8868911 0.1404799 0.7324718 -0.6661461 0.2742804 0.233021 -0.9329906 -0.01005786 0.7095528 -0.7045806 0.03351217 0.1931166 -0.9806033 0.04983037 0.7782705 -0.625949 0.1449428 0.2226607 -0.9640611 -0.1264468 0.164971 -0.9781594 -0.1081619 0.1414719 -0.9840156 -0.08878839 0.7317559 -0.6757588 -0.04811733 0.4819858 -0.8748568 -0.0224927 0.1382076 -0.990148 -0.1610186 0.2912334 -0.9430039 -0.1467971 0.1567219 -0.9766724 -0.1276195 0.4933289 -0.8604301 -0.2662681 0.3014164 -0.9155596 -0.125612 0.7337794 -0.6676747 -0.1825161 0.1298947 -0.9745846 -0.2932385 0.5435221 -0.786508 0.4576207 0.01521986 -0.8890173 0.471784 0.01409423 -0.8816016 0.3651332 -0.5849537 -0.7242286 0.498525 0.01776659 -0.8666933 0.5173667 -0.1306893 -0.8457258 0.3611688 -0.5924885 -0.7200796 0.3565799 -0.5974629 -0.718254 0.3743303 -0.564509 -0.7356674 -0.6354701 0.7721254 -6.49771e-4 -0.7805495 0.5442861 -0.3074008 -0.8386422 0.5295926 -0.1273224 -0.5037094 0.8638724 0.001260995 0.4234064 0.4526738 0.7847378 -0.1591646 0.786063 0.5973038 -0.8093351 9.13712e-4 0.5873466 -0.1775254 0.3356622 0.9251031 -0.1882166 0.3727734 0.9086334 -0.2488172 0.03236991 0.9680094 -0.1161516 0.5339622 0.8374922 -0.1078675 -0.03868752 0.9934123 -0.05969244 0.6745422 0.7358191 -0.0448265 0.0387147 0.9982444 -0.03320521 0.3223854 0.9460259 -1.16192e-4 0.3466333 0.9380007 0.04409849 0.1608412 0.9859947 0.06615293 0.7182654 0.6926172 0.1635285 0.5710157 0.8044872 0.2752516 0.5520819 0.7870465 0.8388389 0.3199062 0.440465 0.9394143 0.01217603 0.342568 0.6206435 0.2348504 0.7480956 0.5966176 0.6949491 0.4013642 0.6226171 0.2420085 0.7441639 0.6392428 0.2410789 0.7302395 0.5969744 0.2111927 0.7739634 0.6108782 0.2147977 0.7620301 0.6484149 0.2392172 0.7227263 0.7724689 -0.08116346 0.6298446 0.8294036 0.3465658 0.4381575 0.8189479 0.3731327 0.4360004 0.634221 0.2606009 0.7279086 0.6280405 0.2812888 0.7255631 0.7634683 0.1885859 0.6176987 0.8804697 0.2975232 0.3691248 0.8543258 0.3106487 0.4166833 0.9026872 0.1711668 0.3947882 0.9367494 0.2570273 0.2375662 0.5637275 0.1966693 0.8022047 0.5697279 0.1968583 0.797908 0.7679432 0.4332128 0.4717946 0.6219781 0.1821066 0.7615645 0.6181111 0.2375546 0.7493374 0.5698501 0.09975814 0.815671 0.675088 0.1751918 0.7166338 0.6515885 -0.009284079 0.7585159 0.6621199 -3.00698e-4 0.7493979 0.6620219 8.44291e-5 0.7494845 0.8942402 3.07423e-4 0.4475874 0.8920324 -0.03486901 0.4506244 0.6599048 -2.42102e-4 0.7513492 0.8918032 -0.00123161 0.4524219 0.6609109 2.61843e-4 0.7504643 0.8927168 -0.001231312 0.4506165 0.8940865 -0.001469433 0.4478921 0.8935065 9.0018e-4 0.4490496 0.8905488 0.007349193 0.4548283 0.8162282 -0.1985951 0.5425235 0.6608749 0.003143012 0.7504895 0.5095701 -0.4323725 0.7439035 0.6804229 -0.1357229 0.7201417 0.6618742 1.56505e-4 0.749615 0.6621998 8.33843e-4 0.749327 0.8926575 0.001224458 0.4507341 0.6349553 -0.2482439 0.7315783 0.9062451 -0.1990032 0.372985 0.4519881 -0.2244649 0.8633205 0.2769141 -0.1668618 0.9462958 0.147479 -0.16205 0.9756997 0.05722463 -0.1225576 0.9908103 -0.005788147 -0.3665438 0.9303829 -0.05993551 -0.6744716 0.735864 -0.04983419 0.0259245 0.998421 -0.02087306 -0.1228235 0.9922091 -0.1073035 0.03892332 0.9934641 -0.1631127 -0.04186314 0.9857189 -0.2398415 -0.04081332 0.9699538 -0.8047015 -0.005344808 0.5936557 -0.6343371 -0.7730563 -6.96987e-4 -0.503123 -0.8642148 1.7082e-4 -0.3319053 -0.8785601 -0.3434693 -0.8560993 -0.4839971 -0.1812204 -0.7823157 -0.5327414 -0.3227518 -0.6167948 -0.5758594 -0.5366099 -0.7432409 -0.1787385 -0.6447058 -0.7209575 -0.3836529 -0.5770883 -0.6454592 -0.5722886 -0.5058343 -0.5405665 -0.7229984 -0.4301875 -0.4339996 -0.8242937 -0.3635715 0.3596008 -0.3761607 -0.8539265 0.09585529 -0.2948762 -0.9507155 0.1231709 -0.4231253 -0.8976603 0.1435347 -0.1956318 -0.9701165 -0.2599689 -0.278536 -0.9245723 -0.01953399 -0.1695396 -0.9853298 -0.1148375 -0.2303977 -0.9662967 -0.08383297 -0.1926289 -0.9776841 -0.1104149 -0.4024795 -0.9087458 -0.1893857 -0.6523252 -0.7338971 -0.2456831 0.4490923 -0.8590436 -0.2239711 -0.5909621 -0.7749844 -0.2667229 -0.5346612 -0.8018706 -0.3298705 -0.5416676 -0.7731635 -0.2957289 -0.6259469 -0.7216197 -0.06440407 -0.6863449 -0.7244189 -0.09807455 -0.6579549 -0.7466437 -0.1207955 -0.6036826 -0.7880203 -0.008632302 -0.6256268 -0.7800748 -0.0276516 -0.6063789 -0.794695 -0.03202867 -0.4039608 -0.9142155 0.1211354 -0.7220937 -0.6811072 0.06134402 -0.6668868 -0.7426297 0.07829451 -0.4924015 -0.8668396 -0.221169 -0.7294376 -0.6473061 -0.4045282 -0.3921941 -0.8261603 0.3137073 -0.4078956 -0.8574433 0.2857369 -0.7143249 -0.6388226 0.1695707 -0.9393949 -0.2979648 0.1597155 -0.9384753 -0.3061945 0.1650222 -0.9244514 -0.3437403 0.2301426 -0.8428545 -0.4864472 0.3280377 -0.6686642 -0.6672927 0.4109689 -0.4690825 -0.7817074 -0.4257494 0.2755864 -0.8618525 -0.5274587 0.185162 -0.8291576 -0.02413684 -0.4218909 -0.9063253 -0.6242024 0.02841538 -0.7807459 -0.7519658 -0.1273903 -0.6467759 -0.7743566 -0.2412999 -0.5849326 -0.7255038 -0.3928806 -0.5650568 -0.6649581 -0.52744 -0.5288079 -0.5840195 -0.6429097 -0.4955688 -0.4494654 -0.7694056 -0.453868 -0.3401707 -0.8478468 -0.4067431 -0.2547683 -0.8890773 -0.3803086 -0.1455207 -0.9248552 -0.3513782 -0.04643023 -0.9380871 -0.3432738 0.1118735 -0.927558 -0.3565398 0.2932853 -0.867752 -0.4012359 0.4596775 -0.7606801 -0.4583256 0.5945267 -0.6157047 -0.5171516 0.6685127 -0.4694384 -0.5768175 0.7031524 -0.3352638 -0.6270366 0.6854916 -0.1975748 -0.7007606 0.6536892 -0.0373156 -0.7558426 0.5810655 0.1529824 -0.7993493 0.2875765 0.3548281 -0.8896048 0.09826809 0.420606 -0.9019057 0.005069971 -0.2811233 -0.9596583 -0.04336118 0.4402593 -0.896823 -0.1882882 0.4217926 -0.8869265 -0.3214691 0.3407118 -0.8835005 0.09725499 -0.827669 -0.5527256 0.1016902 -0.8492724 -0.518069 0.04525423 -0.7680962 -0.6387334 0.06285232 -0.7997062 -0.5970928 3.2985e-4 -0.7224062 -0.691469 0.4071363 -0.3097312 -0.8592478 0.2641856 -0.2907541 -0.9196022 0.0409379 -0.2786812 -0.9595108 0.09044355 -0.2510322 -0.9637442 0.08700543 -0.3385094 -0.936932 0.4782321 0.2595469 -0.8390051 0.1580367 -0.544633 -0.82365 0.2035239 -0.3429052 -0.9170573 0.1510159 -0.2708788 -0.9506939 -0.05497014 0.2961763 -0.9535502 -0.02850639 -0.2039536 -0.9785655 -0.07073438 -0.3887502 -0.9186239 -0.07537907 -0.6081413 -0.7902418 -0.02543604 -0.7054969 -0.7082564 0.008744955 -0.7334732 -0.6796622 0.1049201 -0.7308311 -0.6744462 -0.153375 -0.5439521 -0.8249803 -0.2495626 -0.5949472 -0.7640396 -0.1568711 -0.5964564 -0.7871666 -0.2242717 -0.5828315 -0.7810312 -0.1558088 -0.566951 -0.8088821 -0.2012698 -0.4598456 -0.8648887 -0.1570667 -0.4220543 -0.8928608 -0.1815361 -0.2706531 -0.9454056 -0.145245 -0.2506374 -0.9571232 -0.2578238 -0.6519098 -0.7131203 -0.1307657 -0.2569577 -0.9575349 -0.3432136 -0.4138561 -0.8431652 -0.2529948 -0.4215369 -0.8708044 -0.1154264 -0.2989584 -0.9472596 -0.1305581 -0.4391813 -0.8888614 -0.075311 -0.4818421 -0.8730158 -0.1007281 -0.5799216 -0.8084212 -0.1212843 -0.6281217 -0.7686049 -0.1325089 -0.5865222 -0.7990202 -0.1338909 -0.440374 -0.8877747 -0.01259469 -0.2555338 -0.9667181 0.0425902 -0.1111663 -0.9928889 0.03798604 -0.2353252 -0.9711742 -0.005879938 -0.2140782 -0.9767988 0.008218109 -0.2248009 -0.9743701 0.1908882 -0.8569836 -0.4786866 0.3122716 -0.4034479 -0.8600676 0.2483299 -0.6111745 -0.7515305 0.1822829 -0.7889062 -0.5868562 0.1386079 -0.883687 -0.4470854 0.1447569 -0.9012669 -0.4083667 -0.002575635 -0.6340005 -0.7733284 0.01299738 -0.4722915 -0.8813466 -0.01019233 -0.6238914 -0.7814446 0.01012951 -0.4584479 -0.8886636 -0.04453384 -0.6149656 -0.7872954 -0.01539593 -0.4468475 -0.8944777 -0.06343215 -0.5781943 -0.8134296 -0.02934616 -0.4144175 -0.9096136 -0.04510343 -0.3342548 -0.9414029 -0.03381967 -0.1374247 -0.9899348 -0.125428 -0.1130424 -0.9856416 -0.01293236 -0.7127056 -0.7013441 0.01737153 -0.6543141 -0.7560234 0.1257386 -0.5872579 -0.7995737 0.338327 -0.5536022 -0.7609596 0.03266191 -0.192654 -0.9807231 -0.2932428 -0.5435439 -0.7864913 0.4150277 -0.1601145 -0.895609 -0.2301546 -0.6679968 -0.7076787 -0.2538604 -0.3650476 -0.8957093 -0.1949263 -0.08031302 -0.9775242 -0.1502903 -0.1758475 -0.9728775 -0.1298301 -0.1827956 -0.9745409 -0.1100728 -0.1583178 -0.9812337 -0.0790165 -0.09687221 -0.9921553 -0.1091911 -0.07615172 -0.9910995 -0.1265714 -0.1607812 -0.9788408 -0.1499106 -0.1186708 -0.9815519 -0.02516698 -0.1250007 -0.9918375 0.09131139 -0.2049252 -0.9745091 0.1542412 -0.2185767 -0.9635528 0.2804668 -0.1787399 -0.9430751 0.2808026 -0.2373234 -0.929961 0.4266647 -0.2566313 -0.8672356 0.4699658 0.3921943 -0.7907692 -0.4128403 -0.001250207 -0.9108026 -0.4152945 -0.001826226 -0.9096853 -0.2732778 0.3018302 -0.9133553 -0.4005157 0.01423192 -0.9161794 -0.2215683 -0.1841674 -0.9575959 -0.1145572 0.7607582 -0.6388456 -0.1380048 0.009235203 -0.9903886 -0.09360331 -0.09813237 -0.9907616 -0.06721442 -0.07025396 -0.9952621 -0.04936474 0.3359873 -0.940572 0.004029572 0.4168758 -0.9089545 0.04500013 -0.167604 -0.9848269 0.09452855 -0.1706483 -0.9807872 0.1485873 -0.167836 -0.9745528 0.2005165 0.3895606 -0.8989081 0.3558861 -0.2489588 -0.9007578 -0.03941071 -0.001485824 -0.999222 -0.09909301 -0.5154913 -0.851146 -0.1255472 -0.249037 -0.9603222 -0.1315107 -0.07794821 -0.9882454 -0.1501868 -0.2013965 -0.9679274 0.3748536 -0.4566335 -0.8068276 -0.2928181 0.02668088 -0.9557958 -0.2331322 -0.3242229 -0.9168036 -0.294851 -0.2505127 -0.9221206 -0.415928 1.83551e-4 -0.9093976 -0.2337313 -0.008769869 -0.9722617 -0.1536338 -0.5486074 -0.8218435 -0.1710835 -0.05184561 -0.9838915 -0.09221827 -0.05668359 -0.9941241 -0.06581932 -0.04258805 -0.9969224 -0.02420854 -0.4411045 -0.8971292 0.03903615 -0.140814 -0.9892662 0.09254032 -0.1409646 -0.9856801 0.1555246 -0.1236373 -0.9800643 0.2128362 -0.5420742 -0.8129307 0.3535091 -0.05988734 -0.9335121 -0.2753328 -4.61954e-5 -0.961349 -0.4148738 -6.00204e-4 -0.9098789 -0.4150003 3.22295e-5 -0.9098213 -0.5325566 -0.708962 -0.4623379 -0.3120804 -0.7692354 -0.5575686 -0.1753519 -0.7615287 -0.6239598 -0.09163725 -0.7490941 -0.656095 0.003099024 -0.6890129 -0.7247425 0.1025257 -0.521672 -0.8469634 0.1556071 -0.3360801 -0.92889 0.1694784 -0.003700435 -0.985527 -0.05729573 0.001346468 -0.9983564 0.1711752 -0.08213585 -0.9818109 0.1679165 -0.1991808 -0.9654694 -0.1191295 3.9921e-6 -0.9928787 -0.9336757 0.0406332 -0.3558074 -0.8855173 -0.2862419 -0.3659575 -0.6844804 -0.6112477 -0.3973196 -0.8044036 -0.4611135 -0.3745787 -0.2170157 0 -0.9761681 -0.1751844 -1.55017e-7 -0.9845357 -0.144267 0 -0.9895388 0.5267714 -0.02205771 -0.8497207 0.3224905 0.001563906 -0.9465715 -0.03008317 0 -0.9995474 -0.002148926 0 -0.9999978 0.03687804 0 -0.9993198 0.09023499 2.60213e-4 -0.9959205 0.1669446 -0.007757902 -0.9859358 -0.4159568 -3.14303e-4 -0.9093844 -0.8671897 0.3411852 -0.3627323 -0.6716003 0.6030328 -0.4304701 -0.5079801 0.7122245 -0.4844508 -0.343041 0.7710897 -0.5364174 0.11787 0.506025 -0.854427 0.07528704 0.5665471 -0.8205829 0.1747639 0.08418387 -0.981005 0.1646549 0.1693522 -0.971704 0.1367052 0.2960634 -0.9453349 0.08930093 0.3229793 -0.9421835 0.1560965 0.3705482 -0.9156025 0.1434633 0.475968 -0.8676825 0.005902767 0.6646154 -0.7471624 -0.04591029 0.7156791 -0.6969189 -0.1814039 0.7615921 -0.6221497 -0.6798088 4.92518e-4 -0.7333893 -0.6797405 4.36567e-4 -0.7334526 -0.9164466 3.37885e-4 -0.4001569 -0.9164714 3.47736e-4 -0.4001004 -0.9947085 1.28501e-4 -0.1027377 -0.9947091 9.11169e-5 -0.1027318 -0.6682338 0.007909774 -0.7439094 -0.9139978 -0.01499247 -0.4054424 -0.9959202 -0.01465654 -0.08904141 -0.8611649 0.5077727 -0.02370691 -0.9947059 6.96765e-5 -0.1027634 -0.9164042 2.95612e-4 -0.4002543 -0.6795755 5.25851e-4 -0.7336055 -0.908604 0.4176559 0.001500785 -0.9632179 0.2687221 -1.62256e-4 -0.07624852 -0.06874877 0.994716 0.5159947 -0.113686 0.8490142 -0.8090369 4.57471e-6 0.587758 -0.2835492 0.01425802 0.9588517 -0.2280827 0.03277683 0.9730899 -0.1089056 -0.04818832 0.9928835 -0.1632652 0.05601012 0.9849911 -0.05376452 -0.440416 0.8961825 -0.03780764 0.06413102 0.9972251 -0.01431816 -0.1396126 0.9901027 0.0665006 -0.476313 0.8767575 0.1713312 0.1925293 0.9662184 0.3146106 0.1875727 0.9305035 0.4123259 0.3902341 0.8232283 0.4703154 0.2442772 0.8480167 -0.8090637 3.05656e-5 0.5877211 -0.8092653 2.60732e-4 0.5874434 -0.2928978 0.0244739 0.9558305 -0.1390672 -0.5076842 0.8502453 -0.21953 -0.0149908 0.9754906 -0.2761687 0.002267956 0.9611066 -0.2428575 0.06280779 0.9680266 -0.1622399 0.4311477 0.8875753 -0.1111802 0.605567 0.7879896 -0.104616 -0.1131759 0.988052 -0.07609599 -0.08581632 0.9934008 -0.04927313 0.02528148 0.9984653 -0.03758269 0.4862808 0.872994 -0.007490754 0.3034552 0.9528163 0.007772028 0.4499364 0.8930269 0.06613254 0.1771654 0.9819567 0.3192307 0.4590623 0.8290679 0.2984526 -0.2225227 0.9281216 0.1704481 0.5978324 0.7832905 0.1665865 -0.3582106 0.918659 0.07954567 0.5820589 0.8092466 0.4629565 -0.00669831 0.8863557 -0.809283 -2.83647e-4 0.5874191 -0.2839987 -4.02116e-4 0.9588247 -0.2307655 -6.35126e-4 0.9730093 -0.1879183 -0.03162491 0.9816754 -0.1338668 -0.08679866 0.9871908 -0.0782302 6.93827e-4 0.9969351 -0.03493028 -0.01787471 0.99923 0.00850296 -0.009405255 0.9999197 0.09563094 -0.01356852 0.9953244 0.2038786 -0.00542736 0.9789812 0.3342055 -6.26213e-6 0.9425003 0.4915245 -0.2983694 0.8181562 0.2831623 -0.2834991 0.9162137 0.180839 -0.1498699 0.972027 0.03168708 -0.4839842 0.8745028 -0.01955372 -0.2255317 0.9740396 -0.04597628 -0.08580785 0.9952504 -0.05470097 -0.4997661 0.8644315 -0.07756417 0.08486074 0.9933693 -0.1084613 0.1107116 0.9879166 -0.1397805 -0.353637 0.9248797 -0.2241424 -0.04185646 0.9736571 -0.2843834 -0.01240324 0.9586304 -0.8090494 -7.3157e-6 0.5877407 -0.1810541 0.1709841 0.9684957 -0.03341865 0.1197255 0.9922444 0.4674072 -0.1073155 0.8775044 0.4482917 0.1764998 0.876289 0.3322286 -0.1491739 0.9313278 0.3810582 0.02186316 0.9242925 0.2153893 0.3657304 0.905455 0.1325213 -0.5800104 0.8037576 0.1118999 0.3325133 0.9364366 0.08649873 -0.1911318 0.9777458 0.02339833 0.2222338 0.9747126 0.005673885 0.02741646 0.999608 -0.02133876 0.2400482 0.9705265 -0.0316115 0.1094154 0.9934934 -0.07647079 0.06857293 0.9947111 -0.1109666 0.0514608 0.992491 -0.1057577 0.593176 0.7980964 -0.1838464 0.3104127 0.9326546 -0.2037283 0.2627969 0.9430974 -0.2321938 -0.03811913 0.9719223 -0.2767266 -0.02736622 0.960559 -0.8090532 1.71684e-5 0.5877355 -0.2357734 -0.02390754 0.971514 -0.2870233 -0.1233153 0.9499532 -0.8090691 2.2892e-6 0.5877135 -0.9635593 -0.267495 -1.21682e-4 -0.9088817 -0.4170539 3.90813e-4 -0.8611651 -0.5077724 -0.02370697 -0.9241315 -0.0124706 -0.3818711 -0.6783379 0.009321808 -0.7346909 -0.9950556 0.009968578 -0.09881836 -0.6795501 -5.31143e-4 -0.733629 -0.9163886 -2.98702e-4 -0.4002897 -0.9947038 -7.62295e-5 -0.1027829 -0.6797224 -5.04503e-4 -0.7334694 -0.9164375 -3.65054e-4 -0.400178 -0.9947071 -1.32524e-4 -0.1027511 -0.9947086 -9.55515e-5 -0.1027365 -0.9164565 -3.23138e-4 -0.4001342 -0.6797887 -4.03606e-4 -0.733408 0.1025167 -6.48796e-4 -0.9947311 -0.916555 -2.60903e-4 -0.3999086 -0.6801578 -5.03215e-4 -0.7330656 -0.6802816 3.49428e-5 -0.7329509 -0.91659 8.55389e-6 -0.3998287 0.1025664 -2.55057e-5 -0.9947263 -0.680146 3.73256e-4 -0.7330765 -0.9165738 2.33695e-4 -0.3998653 0.1027378 6.46924e-4 -0.9947083 -0.7702536 0.3188703 -0.5522964 -0.5772947 0.5773643 -0.5773919 -0.7702595 1.36536e-6 -0.6377307 -0.577309 -0.577367 -0.577375 -0.7702536 -0.3188678 -0.5522977 -0.7702623 0.5522867 0.318866 -0.6788582 0.7279876 0.09584248 -0.7702497 0.6377426 1.37748e-6 -0.7702537 0.5522978 -0.3188676 -0.77026 -0.3188629 0.5522916 -0.7702634 -0.5522862 0.318864 -0.6788411 -0.7280039 0.09583854 -0.7702527 -0.6377389 -1.37787e-6 -0.7702556 -0.5522931 -0.318871 -0.6532215 -0.6557266 0.3785822 -0.6532183 -0.3785907 0.6557248 -0.7702503 0.3188693 0.5523016 -0.6532155 0.378575 0.6557367 -0.6532359 0.6557095 0.3785868 -0.770258 2.81841e-7 0.6377325 0.6532229 0.6557244 0.3785833 0.653224 0.3785713 0.6557303 0.6788495 0.09584432 0.7279955 0.6788776 0.7279692 0.09584403 0.5773099 0.5773649 -0.5773761 0.5772967 -0.5773604 -0.5773938 0.6788815 -0.7279655 0.0958445 0.6532096 -0.3785972 0.6557297 0.6532359 -0.6557129 0.3785811 0.6083315 0.2736309 0.7450228 0.4745191 0.5756411 0.6659347 0.01457333 0.880446 0.4739224 0.0211057 0.9200433 0.3912479 0.02063119 0.677581 0.7351588 0.02269273 0.5867915 0.8094201 0.01444482 0.7527673 0.6581283 0.008280158 0.7970219 0.6038939 0.008036792 0.8428751 0.5380493 8.29563e-4 0.8181836 0.5749565 0.002210259 0.8231554 0.5678119 0.02015841 0.9265194 0.3757066 0.02204447 0.9643013 0.2638884 0.02038758 0.4814933 0.8762126 0.02035748 0.987966 0.1533262 0.01542282 0.3971542 0.9176223 0.01553446 0.9980963 0.05968677 -0.008118271 0.2271834 0.9738182 -0.01274865 0.9920638 -0.1250877 -0.02382481 0.1989992 0.97971 -0.0343365 0.9859108 -0.1637098 -0.05141866 0.1610167 0.9856114 -0.05513536 0.9794701 -0.1939035 -0.706514 0.07070809 0.704158 -0.07203131 0.9779669 -0.1959397 -0.7112074 0.6817462 -0.1714827 9.06786e-4 0.8187484 0.5741518 3.84192e-4 0.8188678 0.5739821 3.96684e-4 0.8194664 0.5731272 8.25517e-4 0.8183252 0.5747549 8.66786e-4 0.8198415 0.57259 -0.6796702 0.1339941 -0.7211754 -0.6874152 -0.6284962 0.3639409 -0.6429549 0.1994624 -0.7394754 -0.8668578 -0.4894886 0.09464931 -0.8527101 -0.0628547 -0.5185894 -0.2546164 0.4661455 -0.8472775 -0.9232113 -0.2610355 -0.2820309 -0.3962097 0.3852757 -0.8334149 -0.5669252 0.2684251 -0.7788093 -0.7042241 -0.07265132 0.706251 -0.7097631 -0.6842911 -0.1672782 -0.06965476 -0.978849 -0.1923615 -0.05139428 -0.1610878 0.9856011 -0.05442368 -0.9799294 -0.1917725 -0.02382987 -0.1989687 0.9797162 -0.03433632 -0.9859054 -0.1637422 -0.008121848 -0.227195 0.9738155 -0.01274287 -0.992065 -0.1250798 0.01541584 -0.3971813 0.9176107 0.01554024 -0.9980927 0.05974608 0.02038294 -0.4814942 0.8762123 0.02050799 -0.9879604 0.153342 0.02269726 -0.5867768 0.8094307 0.02286082 -0.958532 0.2840667 0.02063846 -0.6776122 0.7351298 0.02109837 -0.9200969 0.3911221 0.01457422 -0.8804363 0.4739406 0.002212584 -0.823186 0.5677676 8.31459e-4 -0.8181334 0.5750279 0.008037149 -0.8428711 0.5380555 0.008281052 -0.7969963 0.6039274 0.01444536 -0.7527673 0.6581283 0.001023292 -0.8191567 0.5735689 2.27294e-4 -0.8194263 0.5731845 8.72644e-4 -0.8198363 0.5725975 4.73963e-4 -0.8186277 0.5743243 8.29546e-4 -0.8183153 0.5747691 -0.2517402 -0.4686383 -0.8467616 -0.8521218 0.06463974 -0.5193362 -0.3951072 -0.3878388 -0.8327494 -0.9225729 0.2626017 -0.2826651 -0.5664427 -0.2657082 -0.7800909 -0.8659963 0.4915643 0.09173464 -0.642983 -0.1994795 -0.7394464 -0.6874826 0.6294447 0.3621701 -0.6786103 -0.133557 -0.7222539 -0.988414 -0.07588934 -0.1314485 -0.9884144 -0.1314442 -0.07589167 -1 -1.5522e-6 0 -0.9884136 -0.1517847 3.36254e-7 -0.9884132 -0.1314529 0.07589215 -0.9884148 0.1314401 -0.07589232 -0.9884136 0.07589268 -0.1314488 -0.9884138 -2.94462e-6 -0.151784 -0.9884147 0.07587945 0.1314487 -0.9884138 0.1314482 0.07589173 -0.9884136 0.1517847 -2.89418e-7 -0.9884141 -0.07588809 0.1314489 -0.9884137 6.89199e-6 0.151784 -0.09147095 -0.6024717 0.7928815 -0.268247 -0.6354904 0.7240135 -0.4618805 -0.6496972 0.6037881 -0.5783164 -0.6401518 0.5057232 0.5499122 0.8346925 -0.02974694 0.6339604 0.757622 -0.155252 0.4893239 0.7801754 -0.3897289 0.4375668 0.8579881 -0.2690573 0.3366049 0.752851 -0.5656083 0.4365965 0.03802067 0.8988537 0.3497002 0.226002 0.9091936 0.2555412 -0.009622037 0.9667503 0.2759638 -0.1911478 0.9419695 0.3359944 -0.2735272 0.9012717 0.4874824 -0.1006401 0.8673133 -0.05400729 -0.5507618 0.8329133 -0.02353078 0.6958203 -0.7178304 -0.02258408 0.7117008 -0.7021197 -0.005802273 0.8009904 -0.5986492 -0.006497919 0.7971252 -0.6037793 -7.10415e-4 0.8516677 -0.524082 0.002081632 0.9108632 -0.4127033 0.001379847 0.929564 -0.3686583 0.01174116 0.9808602 -0.1943596 0.01147001 0.9995888 0.02628189 -0.01501888 0.6808084 -0.7323076 0.002074122 0.8291773 -0.558982 0.03188401 0.7972759 -0.6027725 0.02669572 0.9331466 -0.3585037 0.1322245 0.9902265 0.04436534 0.05704009 0.9973205 0.04580909 0.09039109 0.8468911 0.5240276 0.01961952 0.9380556 0.3459288 0.02900952 0.8713588 0.4897881 0.01796317 0.9964746 0.08194983 0.00793159 0.9823682 -0.1867886 0.004819273 0.8869537 -0.4618331 0.006894648 0.9778158 -0.2093532 0.01393675 0.951153 0.308405 2.53325e-4 0.9963539 0.08531683 0.005005955 0.9394292 0.3427065 -0.05374079 0.5928799 -0.8034958 0.1409466 0.58016 0.8022148 0.1550675 0.7046802 0.6923728 0.0538727 0.8177844 0.5729978 0.07226109 -0.01441794 0.9972816 0.05699402 0.3837106 0.921693 0.04518771 0.1789582 0.9828184 0.01936334 0.6463093 0.7628298 0.01775485 0.4179921 0.9082772 0.1071994 0.1980234 0.9743178 0.09062308 0.781805 0.6169022 0.02917623 0.7584639 0.6510617 0.01386767 0.6197139 0.7847054 -0.001897335 0.4322292 0.9017618 0.004750251 0.6408377 0.7676618 0.007668495 0.1609429 0.986934 0.001634061 -0.2406503 0.9706105 0.004548311 -0.1297742 0.9915332 0.006793379 0.1379279 0.990419 0.007536113 0.400599 0.9162226 0.001276552 -0.02795767 0.9996083 -0.006738901 -0.2935682 0.9559144 -0.01528567 -0.4517147 0.8920315 0.01185661 0.1482948 0.9888721 4.19156e-4 -0.05036741 0.9987307 -8.04461e-4 -0.2003488 0.9797243 -0.005894005 -0.2876852 0.9577069 -0.02373194 -0.4351783 0.9000315 -0.02259421 -0.415248 0.9094277 0.4624097 0.725317 0.5099927 0.4507448 0.594517 0.6658669 0.6474304 0.6225273 0.4396518 0.6192842 0.4484831 0.6444765 0.770201 0.5198084 0.3695807 0.7303337 0.3189287 0.6040672 0.4165922 0.4338307 0.7989004 0.5485721 0.2541276 0.7965475 0.631392 0.1090886 0.7677525 0.3061856 0.8708523 0.3845344 0.2502403 0.4066255 0.8786556 0.1931316 0.1649431 0.9672093 0.1417279 0.952561 0.2693339 0.1554147 0.8915179 0.4254904 0.1672908 0.8075044 0.5656418 0.1342605 0.3718034 0.9185513 0.109697 -0.1126974 0.9875556 0.1565276 -0.2374331 0.95871 0.06763559 -0.3873932 0.9194303 0.028719 -0.2744755 0.9611651 0.001092314 -0.4761974 0.8793377 0.2020911 -0.3933206 0.8969159 0.1050372 -0.4602462 0.8815558 0.02014404 -0.520216 0.8537971 -0.04273056 -0.5546489 0.8309867 0.7323617 0.6734803 0.1003524 0.6203442 0.7567627 0.2061148 0.4511291 0.8277183 0.333714 0.4170272 0.8985647 0.1366375 -0.03865498 0.5988046 -0.7999618 -0.05168569 0.5918053 -0.8044222 0.02395552 0.6376696 -0.7699374 0.001253366 0.6643043 -0.7474612 0.1052821 0.6782482 -0.7272518 0.06554591 0.7243336 -0.6863269 0.200478 0.7095469 -0.6755381 0.305846 0.6590102 0.6871418 0.3499483 0.9317516 -0.09682613 0.2501834 0.9646921 0.08232569 0.2567356 0.8942148 -0.3666972 0.1931502 0.9656622 -0.1737513 0.1602014 0.8125015 -0.5605148 0.1039618 0.884869 -0.4540912 0.1070315 0.983077 -0.1486737 0.2573598 0.8171002 -0.5158618 0.07626903 0.9230627 -0.3770124 0.04068893 0.9894962 -0.1387147 0.02755254 -0.01685076 0.9994784 -0.05296772 -0.5539525 0.8308618 -0.4447426 -0.2379804 -0.8634636 -0.4425466 -0.8935906 0.07515716 -0.3279048 0.09722459 -0.9396947 -0.3317146 -0.8467953 0.4158163 -0.3161259 -0.4630535 0.8280375 -0.3153252 0.6227715 -0.7160488 -0.7250887 0.05290967 0.68662 -0.7254371 0.663163 -0.1842712 -0.5763494 0.6401083 0.5080185 -0.01501274 -0.6827296 -0.730517 -0.05392527 -0.5928338 -0.8035175 -0.05302095 -0.5897437 -0.8058482 0.01386731 -0.6197028 0.7847142 -0.001896739 -0.4322401 0.9017566 0.006794273 -0.1379362 0.9904178 0.006894767 -0.977829 -0.2092919 0.00137943 -0.9295601 -0.3686679 -0.006498694 -0.7971292 -0.6037739 -7.10371e-4 -0.8516601 -0.5240942 -0.02353107 -0.6958261 -0.7178248 -0.005802273 -0.8009943 -0.598644 -0.02258467 -0.7117326 -0.7020874 0.02795541 -0.9331063 -0.3585124 0.02913182 -0.808728 -0.5874611 0.04554212 -0.984613 -0.1687111 0.0726602 -0.9318468 -0.3555026 0.05728292 -0.997352 0.04480814 0.01929455 -0.9377676 0.3467271 0.01796311 -0.9964774 0.08191573 0.005006194 -0.9394388 0.3426804 2.52622e-4 -0.996349 0.08537316 0.00793153 -0.982366 -0.1868 0.004819333 -0.8869607 -0.46182 0.002074778 -0.8291809 -0.5589765 0.1411206 -0.9523884 0.2702616 0.1552151 -0.8916094 0.4253718 0.05386948 -0.8183699 0.5721617 -0.001055479 -0.9301007 -0.3673031 0.01118111 -0.9808766 -0.1943092 0.01147025 -0.9995899 0.02624398 0.01393824 -0.9511699 0.3083532 -0.01530069 0.4541012 0.8908188 0.001633107 0.2406527 0.9706099 0.03149282 0.2927868 0.955659 0.02628517 0.0168091 0.9995132 0.02907145 -0.7584245 0.6511122 0.09036409 -0.7823061 0.6163048 0.01972615 -0.6455732 0.7634437 0.05673164 -0.3846429 0.9213205 0.004750311 -0.6408484 0.7676529 0.007534801 -0.4005814 0.9162303 0.001276433 0.027951 0.9996085 0.01186013 -0.14827 0.9888758 -0.005898594 0.2876842 0.9577072 4.21766e-4 0.0503664 0.9987308 -8.0483e-4 0.2003607 0.9797219 0.01775395 -0.4179866 0.9082797 0.00766766 -0.1609302 0.986936 0.004548132 0.1297773 0.9915328 -0.0225932 0.4152522 0.9094259 -0.02373111 0.435179 0.9000313 -0.006739735 0.2935703 0.9559139 -0.05374503 0.5507343 0.8329486 0.3060351 -0.8709698 0.3843882 0.4624886 -0.7253065 0.509936 0.4507238 -0.5945562 0.6658462 0.4164602 -0.4341328 0.7988051 0.3495485 -0.2271418 0.9089679 0.2499497 -0.4075503 0.8783097 0.2565323 0.03871089 0.9657602 0.1929199 -0.1677167 0.9667746 0.1600527 0.248547 0.9553049 0.1035537 0.123409 0.9869382 0.1067169 -0.1973928 0.9744987 -0.03835636 0.5457647 0.8370602 -0.0516225 0.5519344 0.8322882 0.02421814 0.5048605 0.8628612 0.001102745 0.474518 0.8802451 0.1054131 0.4512499 0.8861499 0.06534039 0.3968523 0.9155539 0.20036 0.3922981 0.8977518 0.2567338 0.2060415 0.9442641 0.3359711 0.2748098 0.9008901 0.4367091 -0.03899252 0.8987573 0.4877042 0.1015881 0.8670782 0.5485581 -0.2544582 0.7964517 0.6314595 -0.1089287 0.7677198 0.6192286 -0.4485484 0.6444846 0.7303503 -0.3188961 0.6040644 0.6474298 -0.6224921 0.4397026 0.7702136 -0.519816 0.3695436 0.6203984 -0.7567471 0.2060091 0.732302 -0.6735448 0.1003558 0.2021989 -0.7084138 -0.6762142 0.3366016 -0.753679 -0.5645063 0.2764722 -0.8200233 -0.5011239 0.01992464 -0.6241077 -0.7810843 0.104889 -0.6708724 -0.7341175 0.06782197 -0.7311267 -0.6788622 0.4890709 -0.7807459 -0.388903 0.437486 -0.8577343 -0.2699965 0.255757 -0.9050547 -0.3398005 0.3501248 -0.9315661 -0.09796571 0.1933583 -0.9651269 -0.1764729 0.2504626 -0.9647037 0.08133423 0.6338374 -0.7577493 -0.1551333 0.5499506 -0.8346527 -0.03015792 0.4171745 -0.8985529 0.136265 0.3059962 -0.6591399 0.6869505 0.02911722 -0.871325 0.4898419 0.09064763 -0.847263 0.5233818 0.1345011 -0.990318 0.03435117 0.1075053 -0.9831209 -0.14804 0.1100558 -0.8890963 -0.4442923 0.1567002 -0.8194898 -0.5512546 0.001179993 -0.6627089 -0.7488762 -0.04286384 -0.5904569 -0.8059301 0.04031646 -0.2088333 0.9771199 0.07591325 0.03773927 0.9964001 0.4512317 -0.8276844 0.3336597 -0.4596287 0.6490728 0.6061732 -0.2664199 0.6346269 0.7254441 -0.09210234 0.6024536 0.7928222 0.1672889 -0.8075099 0.5656343 0.1552916 -0.7047167 0.6922852 0.141586 -0.5792543 0.8027566 0.1319777 -0.3812101 0.9150195 -0.4446807 0.8928253 0.07156962 -0.4426198 0.2348913 -0.8653982 -0.3277353 0.8498179 0.4127944 -0.3190184 0.4692307 0.8234378 -0.3317829 -0.1009899 -0.9379346 -0.3161678 -0.6219348 -0.7164043 -0.723838 -0.05120515 0.6880674 -0.725066 -0.6633212 -0.1851601 -0.8474308 -0.4597799 0.2654498 -0.847433 -0.2654535 0.4597736 -0.8474341 4.4133e-7 0.5309009 -0.8474345 0.2654487 0.4597738 -0.8474331 0.4597756 0.2654495 -0.8474339 0.5309012 -6.61996e-7 -0.8474341 0.4597734 -0.2654505 -0.8474348 0.2654462 -0.4597746 -0.8474339 -3.69297e-6 -0.5309011 -0.8474347 -0.2654475 -0.4597739 -0.8474335 -0.4597753 -0.2654492 -0.8474339 -0.5309011 6.59459e-7 -0.482347 -0.7586218 0.4379894 -0.482348 -0.4379889 0.7586212 -0.4823483 -4.55157e-7 0.8759796 -0.4823479 0.4379892 0.7586212 -0.482349 0.7586191 0.4379914 -0.4823496 0.8759788 6.19956e-7 -0.4823455 0.7586231 -0.4379884 -0.4823475 0.4379903 -0.7586207 -0.4823485 -1.87033e-6 -0.8759794 -0.4823487 -0.437988 -0.7586212 -0.4823494 -0.7586187 -0.4379918 -0.4823497 -0.8759788 -4.44694e-7 0.3158756 -0.8216853 0.4744005 0.3158753 -0.4744017 0.8216848 0.3158757 1.35841e-6 0.9488007 0.315876 0.4744005 0.8216851 0.3158771 0.8216848 0.4744006 0.3158763 0.9488005 -2.63865e-7 0.3158752 0.8216857 -0.4744002 0.3158755 0.4744009 -0.8216851 0.3158759 -9.38185e-7 -0.9488006 0.3158761 -0.4743999 -0.8216855 0.3158758 -0.8216855 -0.4744001 0.3158761 -0.9488005 7.9648e-7 6.2836e-6 -0.7571539 -0.6532366 -0.3564416 -0.6624678 -0.6588518 0.3564439 -0.6624593 -0.6588593 -0.6554563 0.3739949 0.6561287 -0.7571676 5.35419e-6 0.6532208 -0.6554663 -0.3739946 0.6561189 -0.3742355 -0.6557171 0.6557309 -4.40975e-6 -0.757166 0.6532226 0.3742317 -0.6557289 0.6557212 0.6554577 -0.3739945 0.6561275 0.7571667 -1.86652e-6 0.6532218 0.6554664 0.3739973 0.6561172 0.3742312 0.6557193 0.6557311 0.3564435 0.6624667 -0.658852 -4.42455e-6 0.7571536 -0.6532369 6.48424e-6 0.7571662 0.6532223 -0.3564435 0.6624597 -0.658859 -0.3742343 0.6557276 0.655721 0.5522866 0.3188618 0.770264 0.3188598 0.5522832 0.7702674 -2.7049e-6 0.637721 0.7702674 -0.318865 0.5522798 0.7702676 -0.5522864 0.3188538 0.7702675 -0.6377256 -1.96663e-6 0.7702637 -0.5522833 -0.3188575 0.7702682 -0.3188558 -0.5522836 0.7702688 5.93746e-6 -0.6377217 0.770267 0.3188641 -0.5522811 0.770267 0.5522823 -0.3188727 0.7702626 0.6377137 -1.29771e-5 0.7702736 0.3785863 0.6557214 0.6532242 0.655715 0.3785911 0.6532279 0.7571712 1.5408e-5 0.6532166 0.6557198 -0.3785788 0.6532302 0.3785822 -0.6557237 0.6532242 -2.3201e-6 -0.7571641 0.6532248 -0.3785864 -0.655723 0.6532226 -0.6557279 -0.3785751 0.6532242 -0.7571622 2.34239e-6 0.653227 -0.6557255 0.3785793 0.6532242 -0.378578 0.6557272 0.6532232 7.04952e-6 0.7571645 0.6532242 0 0 1 0.5773617 0.5773262 -0.577363 0.5773574 -0.5773237 -0.5773698 0.5773619 -0.5773266 0.5773623 0.577357 0.5773237 0.5773702 -0.5522885 -0.7702544 0.3188819 0.5522909 -0.7702577 0.3188701 0.6377179 -0.7702701 -2.91235e-6 0.5522827 -0.7702694 -0.3188558 0.3188638 -0.7702633 -0.5522866 2.36749e-6 -0.770263 -0.6377265 -0.63772 -0.7702683 -2.4207e-6 -0.5522772 -0.7702657 -0.3188745 -0.3188557 -0.7702687 0.5522835 -2.31739e-6 -0.7702646 0.6377245 0.31886 -0.7702627 0.5522895 -0.3188537 -0.7702724 -0.5522797 -0.637711 0.7702758 2.05428e-6 -0.5522888 0.7702573 0.3188744 -0.5522944 0.7702577 -0.3188638 0.5522928 0.7702584 -0.3188648 0.6377178 0.7702701 1.32152e-6 0.5522831 0.7702691 0.3188558 0.3188647 0.7702609 0.5522894 2.5366e-6 0.7702637 0.6377256 -0.3188589 0.7702817 0.5522635 -0.3188638 0.7702832 -0.5522589 -2.60547e-6 0.7702546 -0.6377365 0.3188608 0.7702614 -0.5522909 0.3785786 0.6532253 0.6557248 0.6557219 0.6532255 0.3785833 0 1 0 0.7571632 0.6532259 2.9373e-6 0.6557248 0.6532254 -0.3785784 -0.6557248 0.6532254 0.3785784 -0.3785829 0.6532251 0.6557226 -2.4837e-6 0.6532253 0.7571637 -0.3785786 0.6532253 -0.6557249 -0.6557217 0.6532256 -0.3785834 -0.7571633 0.6532258 -3.04513e-6 0.378583 0.6532251 -0.6557224 2.54319e-6 0.6532253 -0.7571637 -0.6557232 -0.6532249 0.3785821 -0.3785794 -0.6532254 0.6557243 2.74396e-6 -0.6532253 0.7571637 0.3785846 -0.6532255 0.6557212 0.6557254 -0.6532251 0.3785781 0.7571634 -0.6532257 -2.78114e-6 0.655723 -0.653225 -0.3785822 0.3785793 -0.6532254 -0.6557242 -2.81089e-6 -0.6532253 -0.7571637 -0.3785847 -0.6532255 -0.6557211 -0.6557253 -0.6532251 -0.3785782 -0.7571634 -0.6532257 2.69934e-6 0 -1 0 0.5773693 -0.5773264 0.5773552 0.5773472 0.5773307 0.577373 0.5773686 0.5773255 -0.5773567 0.5773464 -0.5773296 -0.5773749 0.5522828 0.7702687 0.318857 0.6377165 0.7702713 -2.34553e-6 0.552281 0.7702687 -0.3188605 0.3188609 0.7702635 -0.552288 -0.5522871 0.7702677 -0.318852 -2.36746e-6 0.7702527 -0.6377388 -0.3188602 0.7702757 -0.5522714 -0.6377198 0.7702686 -6.90824e-6 -0.5522906 0.7702575 0.3188707 0.3188663 0.7702661 0.5522812 2.31739e-6 0.7702634 0.6377261 -0.3188542 0.7702719 0.55228 0.6377165 -0.7702713 2.06682e-6 0.5522815 -0.7702663 -0.3188652 -2.31113e-6 -0.7702635 0.6377258 0.3188652 -0.7702727 0.5522727 0.5522801 -0.7702674 0.3188649 0.3188664 -0.7702662 -0.5522809 2.3675e-6 -0.7702648 -0.6377242 -0.3188579 -0.77028 -0.5522668 -0.5522937 -0.7702514 -0.3188803 -0.637717 -0.7702708 -4.4656e-6 -0.5522927 -0.7702614 0.3188581 -0.3188544 -0.7702621 0.5522935 0.3785799 -0.6532256 -0.6557238 0.655722 -0.6532242 -0.3785855 0 -1 0 0.7571633 -0.6532258 -3.04513e-6 0.6557247 -0.6532241 0.3785809 -0.6557247 -0.6532241 -0.3785809 -0.3785847 -0.6532254 -0.6557211 -0.37858 -0.6532255 0.6557238 -0.6557222 -0.6532241 0.3785852 -0.7571632 -0.6532259 2.9373e-6 2.7514e-6 -0.6532253 0.7571638 0.6557229 0.6532264 0.3785802 0.3785801 0.6532278 0.6557214 -2.74396e-6 0.6532253 0.7571637 -0.3785834 0.6532264 0.6557209 -0.6557252 0.6532255 0.3785776 -0.7571634 0.6532257 -2.78114e-6 -0.6557227 0.6532264 -0.3785803 -0.3785802 0.6532279 -0.6557214 2.81089e-6 0.6532253 -0.7571637 0.3785835 0.6532265 -0.6557208 0.6557251 0.6532256 -0.3785777 0.7571634 0.6532257 2.69934e-6 0 1 0 -0.7428718 0.1217972 -0.6582605 -0.6307942 0.001994729 -0.7759477 -0.7430436 -0.1170216 -0.6589326 -0.7231377 0.09307509 -0.684404 -0.749232 0.002718627 -0.6623021 -0.7227261 -0.09912264 -0.6839896 0.1114577 -0.9907081 -0.07794028 -0.06853359 -0.9876795 -0.1406853 -0.05399966 -0.9892933 -0.1355834 0.01416748 -0.9902878 -0.1383088 0.05468815 -0.9892664 -0.1355038 0.1014243 -0.9892666 -0.1051887 -0.01397663 -0.9903041 -0.138212 0.1205034 -0.9902889 -0.06933259 0.1014178 0.9892677 -0.1051861 0.05468797 0.989266 -0.1355062 0.1205043 0.9902887 -0.06933355 0.01416701 0.9902883 -0.138306 0.105937 0.991252 -0.07871973 -0.01397693 0.9903038 -0.1382145 -0.07990741 0.9867001 -0.1415548 -0.05399751 0.9892941 -0.1355785 0.9109401 -9.3234e-4 -0.4125375 0.8695247 0.1099262 -0.4815008 0.8743941 -0.1185848 -0.4705028 -0.452069 0.1219424 -0.8836084 -0.5849061 0.1171835 -0.8025914 -0.615759 0.002784848 -0.7879297 -0.1612288 -0.3993406 -0.9025145 -0.006858527 -0.5711545 -0.820814 -0.01777267 -0.5816143 -0.8132706 -0.2942888 -0.2094911 -0.9324739 -0.5193115 -0.128489 -0.8448706 -0.3126897 0.09401917 -0.9451907 -0.3221197 -0.02422976 -0.9463889 -0.3180339 -0.1253725 -0.9397532 -0.04922384 0.5564193 -0.8294425 -0.3151143 0.2117711 -0.925125 -0.1192002 0.3633496 -0.9239959 -0.1063742 0.4270619 -0.8979436 -0.05163496 0.5435907 -0.8377608 0.1528254 0.3634423 -0.9189963 0.6928948 0.09836912 -0.7142971 0.4253421 0.2326 -0.8746321 0.3753814 0.1268994 -0.9181423 0.04641687 -0.560137 -0.8270987 0.7856014 -0.1303417 -0.6048483 0.6437302 -0.1133446 -0.7568121 0.4951106 -0.1423792 -0.8570843 0.3243272 -0.03975474 -0.9451093 0.3581842 -0.1670121 -0.9185919 0.3004171 -0.2378715 -0.9236704 0.09141612 -0.4466714 -0.8900157 0.04886817 -0.5529748 -0.8317638 0.04386031 0.5564097 -0.8297497 0.0374363 0.5446774 -0.8378097 -4.92413e-4 0.6007866 -0.7994093 -0.08443742 0.9173557 -0.3890104 -0.05165153 0.7977784 -0.6007345 0.09251415 0.9747328 -0.2033153 0.08126515 0.9145563 -0.3962107 -0.09155863 0.9665668 -0.2395113 0.00140655 0.6009997 -0.799248 0.00706005 0.6115216 -0.7911964 -0.02034789 0.6550143 -0.7553425 0.01928824 0.6662963 -0.7454376 0.03281241 0.7490845 -0.6616613 0.04381817 0.8481194 -0.5279901 -0.004134714 0.607986 -0.793937 -5.20122e-4 -0.6010504 -0.799211 -0.004782497 -0.6082668 -0.7937183 -0.02383679 -0.65697 -0.7535399 6.74217e-4 -0.6002313 -0.7998262 0.003362536 -0.6045438 -0.7965649 0.1102826 -0.9758878 -0.1883639 0.08627557 -0.92175 -0.3780655 -0.05337297 -0.8032181 -0.5932891 0.04768508 -0.7883687 -0.6133522 0.01925146 -0.6439259 -0.7648457 -0.08096146 -0.9717366 -0.2217504 -0.07462859 -0.9242644 -0.3743876 0.001091182 -0.6025092 -0.7981113 0.008811295 -0.6009737 -0.7992202 0.06349217 -0.6069609 -0.7921915 0.0011366 -0.6004077 -0.7996933 0.01390254 -0.5911843 -0.8064168 0.1106818 -0.5131605 -0.8511263 0.4074264 -0.3780994 -0.8312909 0.1963459 -0.6754307 -0.7108036 0.6414297 -0.4342809 -0.6324304 0.3377448 -0.7925657 -0.5077088 0.7537478 -0.4829364 -0.445687 0.4240091 -0.8520438 -0.3069819 0.4482306 -0.8682898 -0.212514 0.7874507 -0.5004101 -0.3598763 2.99858e-4 0.5980426 -0.8014644 0.01954168 0.5739429 -0.8186622 0.1449285 0.4694525 -0.8709822 0.3379861 0.4066796 -0.8487503 0.001885533 0.602652 -0.7980019 0.01692581 0.5977479 -0.8015055 0.07568317 0.5960943 -0.7993396 0.1617991 0.6458311 -0.7461389 0.3212333 0.7654721 -0.5575498 0.5878452 0.4176563 -0.6928213 0.4124833 0.8436236 -0.3437393 0.7439655 0.4720495 -0.472953 0.8705643 6.77692e-6 -0.4920549 0.7576311 -0.4918677 -0.4290238 0.4458919 -0.8582671 -0.254083 0.4472464 0.8670561 -0.2195096 0.7869477 0.4987871 -0.3632146 -2.91732e-4 -0.598712 -0.8009644 -0.01027876 -0.5804052 -0.814263 -0.1341177 -0.4979235 -0.8567875 -0.4160034 -0.3778241 -0.8271579 -0.6120695 -0.4145447 -0.6734418 -9.89593e-4 -0.6011801 -0.7991129 -0.01100033 -0.597437 -0.8018404 -0.07721006 -0.5942281 -0.8005821 -0.2209227 -0.670782 -0.7079864 -0.3312976 -0.7770789 -0.5351544 0.09428209 2.16882e-6 -0.9955455 0.3742528 3.13094e-6 -0.9273267 0.08278113 -0.4918804 -0.8667185 0.3269051 -0.4868507 -0.8100059 0.05016982 -0.8582677 -0.5107443 0.1957111 -0.8523741 -0.4849285 0.6941087 -2.83951e-6 -0.7198702 0.606292 -0.4868515 -0.6287971 0.3629701 -0.8523754 -0.3764424 0.7576256 0.4918796 -0.4290199 0.4458898 0.8582682 -0.2540832 -0.3653872 -0.8277714 -0.425778 -0.6368377 -0.4635273 -0.6161009 -0.3074808 -0.8551934 -0.4172527 -0.5427774 -0.4871751 -0.6841441 -0.09317672 4.47671e-6 -0.9956496 -0.08179503 -0.4919885 -0.8667508 -0.049542 -0.8583696 -0.5106343 0.05016887 0.8582686 -0.5107428 0.1957113 0.8523722 -0.4849318 0.08278042 0.4918861 -0.8667154 0.3269057 0.4868512 -0.8100053 0.3629751 0.8523707 -0.3764484 0.6062932 0.4868449 -0.6288011 -0.3700077 -5.0324e-6 -0.9290287 -0.3231649 -0.4869998 -0.8114159 -0.1933934 -0.8525322 -0.48558 -0.08179622 0.4919927 -0.8667483 -0.04954236 0.8583716 -0.5106309 -0.3163726 0.8579958 -0.4046624 -0.1933959 0.8525326 -0.4855784 -0.5475035 0.4902482 -0.6781567 -0.3231719 0.4869931 -0.8114172 -0.3623154 0.8308374 -0.4224178 -0.6357113 0.4684817 -0.6135113 -0.3260359 0.7823965 -0.5306187 -0.5994039 0.4197533 -0.6815587 -0.001216292 0.6026006 -0.7980421 -0.012667 0.6004277 -0.7995787 -0.07463693 0.6002562 -0.7963176 -0.001269698 0.6027897 -0.7978991 -0.02099317 0.5838503 -0.8115899 -0.1401891 0.4716521 -0.8705695 -0.42135 0.3844332 -0.8213862 -0.2063652 0.6763582 -0.7070735 -0.3493713 -0.6233199 -0.69958 -0.5281152 -0.5112784 -0.6780035 0.5896635 0.4381022 -0.678501 -0.6985953 -0.263732 -0.6651392 -0.7339538 -0.0248503 -0.6787446 -0.7194201 0.104342 -0.6866932 0.5394761 0.5150077 -0.6661325 0.4218323 0.6274064 -0.654537 0.6608574 0.3482598 -0.6648178 0.7392119 0.1367397 -0.6594454 0.7315701 -0.09389001 -0.6752702 0.1137046 -0.7015656 -0.7034749 -0.04398202 -0.7095224 -0.7033091 -0.1944424 -0.6736288 -0.7130333 9.75945e-4 0.7670053 -0.6416401 0.1669972 0.733457 -0.6589027 -0.2157933 0.7291077 -0.6494883 -0.3885204 0.6521161 -0.6509966 0.6835713 -0.2915546 -0.6691235 0.5181841 -0.5233466 -0.6764567 -0.5967257 0.4964876 -0.6304115 -0.7154561 0.2411243 -0.6557298 0.2899861 0.6954378 -0.6574758 0.2788432 -0.6523174 -0.7047897 0.2297278 -0.9458659 -0.229266 0.4055752 -0.9072517 -0.1113697 0.6103478 -0.7824981 -0.1231767 0.6402176 0.7570298 0.1304895 0.8320118 0.5470038 0.09242928 0.3510854 0.9228461 0.1584116 -0.3121588 0.9410622 0.1302267 -0.6320813 0.7685288 0.09918069 -0.2748585 0.9354674 0.2221564 -0.8577997 0.510956 0.05571055 -0.9882643 0.151062 0.02267152 -0.977711 -0.2054589 -0.04322057 -0.8345598 -0.5416132 -0.1008227 -0.5879639 -0.8001357 -0.1186651 0.1020646 -0.9869331 -0.1246832 0.07752031 -0.9730045 -0.2173771 -0.2561592 -0.9570248 -0.1359641 0.9302456 0.3619046 0.06056624 0.9942601 0.1031842 0.02828282 0.9672182 -0.2509461 -0.03892499 0.8111152 -0.5743492 -0.1105222 0.04047369 0.9874172 0.1528698 0.2347897 0.9512939 0.1997845 0.588549 -0.4385603 -0.6791723 -0.7076627 -0.1813355 -0.6828844 -0.7345359 -0.03501445 -0.677666 -0.198746 0.6750292 -0.7105179 -0.3473172 0.6275519 -0.6968138 -0.4621576 0.5459855 -0.698792 -0.5699198 0.4335717 -0.6980022 -0.7029097 0.2228893 -0.6754541 0.7094902 0.1834743 -0.6804123 0.7450553 -0.1060188 -0.6585231 0.6185534 0.3673561 -0.69458 0.6568861 -0.349542 -0.6680728 0.2666797 -0.7121254 -0.64943 0.02906161 -0.7704298 -0.6368621 -0.2924667 -0.7167376 -0.6330486 0.477248 0.5398939 -0.6933608 0.2785336 0.6528311 -0.7044364 0.1215909 0.695848 -0.7078215 -0.05218869 0.7024077 -0.709859 0.539477 -0.5150039 -0.6661349 0.4218351 -0.6274056 -0.654536 -0.6762478 -0.3120434 -0.6673215 -0.5559328 -0.5194054 -0.648966 0.3420472 0.9205316 -0.1887463 0.9959866 -0.08750784 0.01879125 0.1108353 0.9688305 -0.2215467 -0.8310117 0.5497036 -0.08512043 -0.5836508 0.802385 -0.1246199 -0.2640963 0.9553191 -0.1327349 -0.9775181 0.2082549 -0.03298836 -0.9871332 -0.1582925 0.02262371 -0.3144342 -0.9394537 0.1362279 -0.6278741 -0.7685898 0.1226534 -0.8636632 -0.4978731 0.078794 0.1621737 -0.9581283 0.235987 -0.2936325 -0.9303272 0.2197074 0.1017715 0.9869844 -0.1245164 0.407149 0.9049887 -0.1233905 0.6041632 0.7886075 -0.1143895 0.8151243 0.5730514 -0.08476257 0.9694653 0.2443479 -0.02076327 0.9265173 -0.3718398 0.05745369 0.832824 -0.5465906 0.08742421 0.6404508 -0.7583901 0.1211089 0.3579326 -0.9235526 0.137604 0.03527152 -0.9903293 0.1341789 0.4425516 0.4955858 -0.7473573 0.5355611 0.3542605 -0.766599 -0.7698055 0.2510026 -0.5868537 0.7615768 0.04692679 -0.6463736 0.6571655 -0.05817747 -0.7514979 -0.8024268 0.08836001 -0.5901728 0.5835968 -0.2609757 -0.7689647 -0.5680984 -0.5536958 -0.6088392 -0.8104419 -0.1000071 -0.5772197 -0.7280601 -0.3679655 -0.5783856 0.6353294 0.2350594 -0.7355976 -0.387847 -0.6773668 -0.6250992 -0.1421 -0.7347902 -0.6632429 0.03381794 -0.7236063 -0.6893841 0.1803922 -0.6858056 -0.705074 0.5245436 -0.4033675 -0.7497658 0.3440131 -0.5947062 -0.7266221 -0.1336986 0.7511625 -0.6464361 0.2293084 0.6772226 -0.6991332 -0.4753681 0.6434803 -0.5999652 -0.6783267 0.4429404 -0.5862395 0.9205014 0.2837503 -0.2686317 0.2739957 -0.9519338 -0.1369252 0.2362719 -0.9371207 -0.2568668 -0.006939172 -0.9999735 0.002257168 0.4393346 0.4337912 -0.7866451 -0.6407122 -0.4693775 0.6075959 -0.7244165 -0.1227313 0.6783493 -0.4692381 -0.756847 0.4549707 -0.2484012 -0.9374836 0.2437655 0.491995 0.08716326 -0.8662237 0.4754573 -0.2624909 -0.839666 0.6223251 0.3646423 -0.6926381 0.5311179 0.6091294 -0.5889611 0.4361662 0.7620823 -0.4785288 0.2785478 0.914438 -0.2936227 -0.4039434 0.8220865 0.4012526 -0.5630466 0.5883627 0.5803515 -0.7034716 0.2466526 0.6665511 0.9443916 0.02312999 -0.3280087 0.6650119 0.004106223 -0.7468215 0.6234911 -0.3487164 -0.6997541 0.8141779 -0.3806469 -0.4384316 0.8523963 -0.02848255 -0.5221201 -0.04477941 -0.9986848 0.02497082 -0.3456103 -0.9211604 0.1789332 -0.6118717 -0.725288 0.3155478 -0.804763 -0.4317709 0.407346 -0.8872371 -0.08753615 0.4529323 -0.8549898 0.2743845 0.4401202 -0.7179647 0.594169 0.3626157 -0.4888548 0.8385893 0.2403936 -0.1708821 0.9704307 0.1704805 -0.2038087 0.9741626 0.09730941 0.05664426 0.9967626 -0.05705869 0.08996397 0.9947723 -0.04831844 0.8190244 0.3176717 -0.4777907 0.7150054 0.5882223 -0.3778384 0.5849955 0.7439514 -0.322981 0.3852025 0.8991681 -0.2076433 0.4256663 -0.5373069 -0.7280862 0.5290111 -0.6064479 -0.5936061 0.6687051 -0.6431972 -0.3730024 0.3572202 -0.757232 -0.5468029 0.4202689 -0.7790327 -0.4652765 0.5340059 -0.7934671 -0.2919722</float_array>
          <technique_common>
            <accessor source="#base_link-mesh-normals-array" count="2927" stride="3">
              <param name="X" type="float"/>
              <param name="Y" type="float"/>
              <param name="Z" type="float"/>
            </accessor>
          </technique_common>
        </source>
        <vertices id="base_link-mesh-vertices">
          <input semantic="POSITION" source="#base_link-mesh-positions"/>
        </vertices>
        <triangles count="5854">
          <input semantic="VERTEX" source="#base_link-mesh-vertices" offset="0"/>
          <input semantic="NORMAL" source="#base_link-mesh-normals" offset="1"/>
          <p>0 0 1 1 2 2 0 0 3 3 4 4 4 4 3 3 5 5 4 4 5 5 6 6 6 6 5 5 7 7 6 6 7 7 8 8 8 8 7 7 9 9 10 10 11 11 7 7 7 7 11 11 12 12 7 7 12 12 9 9 13 13 14 14 15 15 15 15 14 14 16 16 15 15 16 16 17 17 18 18 19 19 20 20 20 20 19 19 21 21 20 20 21 21 16 16 16 16 21 21 22 22 16 16 22 22 17 17 2 2 1 1 23 23 23 23 1 1 24 24 23 23 24 24 20 20 20 20 24 24 25 25 20 20 25 25 18 18 26 26 27 27 28 28 28 28 27 27 29 29 30 30 31 31 32 32 31 31 33 33 32 32 32 32 33 33 34 34 32 32 34 34 35 35 35 35 36 36 37 37 37 37 36 36 38 38 37 37 38 38 29 29 29 29 38 38 39 39 29 29 39 39 28 28 40 40 41 41 42 42 41 41 43 43 42 42 42 42 43 43 44 44 42 42 44 44 45 45 46 46 47 47 48 48 48 48 47 47 42 42 48 48 42 42 49 49 49 49 42 42 45 45 46 46 50 50 47 47 47 47 50 50 51 51 47 47 51 51 32 32 32 32 51 51 52 52 32 32 52 52 30 30 26 26 53 53 27 27 27 27 53 53 54 54 27 27 54 54 55 55 56 56 57 57 58 58 58 58 57 57 59 59 60 60 61 61 62 62 40 40 42 42 54 54 54 54 42 42 60 60 54 54 60 60 55 55 55 55 60 60 62 62 55 55 62 62 56 56 56 56 62 62 63 63 56 56 63 63 57 57 64 64 65 65 66 66 66 66 65 65 67 67 66 66 67 67 61 61 61 61 67 67 68 68 61 61 68 68 69 69 69 69 70 70 61 61 61 61 70 70 71 71 61 61 71 71 72 72 72 72 73 73 61 61 61 61 73 73 74 74 61 61 74 74 62 62 75 75 76 76 77 77 59 59 78 78 58 58 58 58 78 78 79 79 58 58 79 79 80 80 80 80 79 79 81 81 80 80 81 81 82 82 76 76 83 83 77 77 77 77 83 83 84 84 77 77 84 84 66 66 66 66 84 84 85 85 66 66 85 85 64 64 0 0 2 2 3 3 3 3 2 2 80 80 3 3 80 80 77 77 77 77 80 80 82 82 77 77 82 82 75 75 35 35 37 37 32 32 32 32 37 37 14 14 32 32 14 14 86 86 86 86 14 14 13 13 86 86 13 13 10 10 10 10 13 13 87 87 10 10 87 87 11 11 88 88 89 89 90 90 90 90 89 89 91 91 91 91 92 92 93 93 93 93 92 92 94 94 95 95 96 96 97 97 97 97 96 96 98 98 99 99 100 100 101 101 101 101 100 100 102 102 101 101 102 102 103 103 103 103 102 102 104 104 103 103 104 104 105 105 104 104 106 106 105 105 105 105 106 106 107 107 105 105 107 107 108 108 108 108 107 107 109 109 108 108 109 109 110 110 110 110 109 109 111 111 110 110 111 111 112 112 112 112 111 111 113 113 112 112 113 113 114 114 114 114 113 113 115 115 114 114 115 115 116 116 116 116 115 115 117 117 116 116 117 117 118 118 118 118 117 117 119 119 118 118 119 119 120 120 120 120 119 119 121 121 120 120 121 121 122 122 122 122 121 121 123 123 122 122 123 123 99 99 99 99 123 123 124 124 99 99 124 124 100 100 125 125 126 126 127 127 128 128 129 129 130 130 131 131 132 132 133 133 133 133 132 132 134 134 133 133 134 134 135 135 136 136 137 137 138 138 139 139 140 140 141 141 141 141 140 140 136 136 142 142 143 143 137 137 137 137 143 143 144 144 137 137 144 144 138 138 129 129 128 128 145 145 145 145 128 128 146 146 145 145 146 146 147 147 148 148 149 149 150 150 150 150 149 149 151 151 151 151 152 152 150 150 150 150 152 152 153 153 150 150 153 153 154 154 154 154 153 153 155 155 155 155 153 153 156 156 156 156 153 153 157 157 156 156 157 157 158 158 158 158 157 157 159 159 158 158 159 159 160 160 160 160 159 159 161 161 160 160 161 161 162 162 162 162 161 161 163 163 162 162 163 163 164 164 163 163 165 165 164 164 164 164 165 165 166 166 164 164 166 166 167 167 167 167 166 166 168 168 167 167 168 168 169 169 169 169 168 168 170 170 170 170 168 168 171 171 170 170 171 171 172 172 172 172 171 171 173 173 172 172 173 173 174 174 174 174 175 175 172 172 172 172 175 175 176 176 172 172 176 176 125 125 125 125 127 127 177 177 177 177 127 127 178 178 177 177 178 178 179 179 179 179 178 178 180 180 179 179 180 180 181 181 181 181 180 180 182 182 182 182 180 180 183 183 182 182 183 183 184 184 184 184 183 183 185 185 184 184 185 185 186 186 186 186 185 185 187 187 186 186 187 187 188 188 188 188 187 187 189 189 188 188 189 189 190 190 190 190 189 189 191 191 190 190 191 191 192 192 192 192 191 191 193 193 192 192 193 193 194 194 194 194 193 193 195 195 194 194 195 195 196 196 196 196 195 195 197 197 196 196 197 197 198 198 148 148 199 199 149 149 149 149 199 199 196 196 149 149 196 196 200 200 200 200 196 196 198 198 200 200 198 198 201 201 201 201 198 198 202 202 201 201 202 202 203 203 203 203 202 202 204 204 204 204 202 202 205 205 204 204 205 205 206 206 206 206 205 205 131 131 206 206 131 131 130 130 130 130 131 131 133 133 130 130 133 133 128 128 126 126 125 125 207 207 207 207 125 125 176 176 207 207 176 176 208 208 208 208 209 209 207 207 207 207 209 209 210 210 207 207 210 210 138 138 138 138 210 210 211 211 138 138 211 211 136 136 136 136 211 211 212 212 136 136 212 212 141 141 139 139 147 147 140 140 140 140 147 147 146 146 143 143 142 142 213 213 213 213 142 142 135 135 213 213 135 135 134 134 214 214 215 215 216 216 216 216 215 215 217 217 216 216 217 217 218 218 219 219 220 220 221 221 221 221 220 220 222 222 223 223 224 224 225 225 226 226 227 227 228 228 219 219 221 221 229 229 229 229 221 221 228 228 218 218 217 217 230 230 230 230 217 217 231 231 230 230 231 231 232 232 233 233 234 234 235 235 235 235 234 234 222 222 235 235 222 222 220 220 228 228 236 236 226 226 226 226 236 236 215 215 226 226 215 215 214 214 237 237 238 238 224 224 224 224 238 238 239 239 224 224 239 239 225 225 240 240 241 241 242 242 242 242 241 241 243 243 242 242 243 243 244 244 223 223 225 225 245 245 245 245 225 225 246 246 245 245 246 246 247 247 247 247 246 246 248 248 247 247 248 248 249 249 249 249 248 248 250 250 249 249 250 250 251 251 251 251 250 250 252 252 251 251 252 252 253 253 253 253 252 252 254 254 253 253 254 254 255 255 255 255 254 254 256 256 256 256 254 254 257 257 256 256 257 257 258 258 258 258 257 257 259 259 258 258 259 259 260 260 261 261 262 262 263 263 263 263 264 264 261 261 261 261 264 264 265 265 261 261 265 265 266 266 262 262 261 261 259 259 259 259 261 261 267 267 259 259 267 267 260 260 268 268 269 269 266 266 266 266 269 269 270 270 266 266 270 270 271 271 271 271 270 270 272 272 271 271 272 272 273 273 273 273 272 272 274 274 274 274 272 272 275 275 274 274 275 275 276 276 276 276 275 275 277 277 276 276 277 277 278 278 278 278 277 277 279 279 278 278 279 279 280 280 280 280 279 279 281 281 280 280 281 281 282 282 282 282 281 281 283 283 282 282 283 283 284 284 284 284 283 283 285 285 284 284 285 285 286 286 286 286 285 285 287 287 286 286 287 287 288 288 287 287 289 289 288 288 288 288 289 289 290 290 288 288 290 290 240 240 240 240 290 290 291 291 240 240 291 291 241 241 265 265 292 292 266 266 266 266 292 292 293 293 266 266 293 293 268 268 268 268 293 293 294 294 268 268 294 294 295 295 295 295 294 294 296 296 295 295 296 296 297 297 297 297 296 296 298 298 297 297 298 298 227 227 227 227 298 298 299 299 227 227 299 299 228 228 228 228 299 299 300 300 228 228 300 300 229 229 224 224 242 242 237 237 237 237 242 242 244 244 237 237 244 244 301 301 301 301 244 244 302 302 301 301 302 302 303 303 231 231 234 234 232 232 232 232 234 234 233 233 232 232 233 233 304 304 304 304 233 233 303 303 304 304 303 303 305 305 305 305 303 303 302 302 306 306 307 307 308 308 308 308 307 307 309 309 308 308 309 309 310 310 311 311 312 312 308 308 312 312 313 313 308 308 308 308 313 313 314 314 308 308 314 314 315 315 315 315 316 316 308 308 308 308 316 316 317 317 308 308 317 317 318 318 318 318 317 317 319 319 318 318 320 320 321 321 318 318 321 321 308 308 308 308 321 321 322 322 308 308 322 322 306 306 323 323 324 324 325 325 325 325 324 324 308 308 325 325 308 308 326 326 326 326 308 308 310 310 327 327 328 328 308 308 308 308 328 328 329 329 308 308 329 329 311 311 330 330 331 331 308 308 308 308 331 331 332 332 308 308 332 332 327 327 333 333 334 334 335 335 336 336 337 337 338 338 338 338 337 337 339 339 340 340 341 341 338 338 338 338 341 341 342 342 338 338 342 342 343 343 344 344 345 345 338 338 338 338 345 345 346 346 338 338 346 346 336 336 339 339 347 347 338 338 338 338 347 347 348 348 338 338 348 348 349 349 333 333 335 335 338 338 338 338 335 335 350 350 338 338 350 350 340 340 351 351 333 333 352 352 352 352 333 333 338 338 352 352 338 338 353 353 353 353 338 338 349 349 343 343 354 354 338 338 338 338 354 354 355 355 338 338 355 355 356 356 357 357 358 358 359 359 359 359 358 358 338 338 359 359 338 338 360 360 360 360 338 338 356 356 361 361 362 362 363 363 310 310 309 309 364 364 321 321 320 320 365 365 366 366 367 367 368 368 369 369 370 370 371 371 372 372 373 373 374 374 375 375 376 376 377 377 378 378 379 379 380 380 381 381 382 382 383 383 383 383 384 384 385 385 386 386 387 387 388 388 389 389 390 390 391 391 390 390 389 389 392 392 393 393 394 394 395 395 389 389 396 396 392 392 392 392 396 396 397 397 392 392 397 397 398 398 398 398 397 397 399 399 398 398 399 399 400 400 400 400 399 399 401 401 400 400 401 401 402 402 402 402 401 401 393 393 402 402 393 393 403 403 403 403 393 393 395 395 404 404 405 405 406 406 406 406 405 405 407 407 406 406 407 407 388 388 388 388 407 407 368 368 388 388 368 368 386 386 386 386 368 368 367 367 408 408 404 404 409 409 409 409 404 404 406 406 409 409 406 406 410 410 410 410 406 406 388 388 410 410 388 388 411 411 411 411 388 388 387 387 411 411 387 387 412 412 413 413 414 414 415 415 415 415 414 414 391 391 415 415 391 391 416 416 416 416 391 391 390 390 416 416 390 390 417 417 417 417 390 390 392 392 417 417 392 392 418 418 418 418 392 392 398 398 418 418 398 398 419 419 419 419 398 398 400 400 419 419 400 400 420 420 420 420 400 400 402 402 420 420 402 402 421 421 421 421 402 402 403 403 421 421 403 403 422 422 422 422 403 403 395 395 422 422 395 395 423 423 423 423 395 395 394 394 423 423 394 394 424 424 424 424 394 394 425 425 187 187 185 185 426 426 426 426 185 185 427 427 426 426 427 427 428 428 428 428 427 427 429 429 207 207 408 408 126 126 126 126 408 408 409 409 126 126 409 409 127 127 127 127 409 409 410 410 127 127 410 410 178 178 178 178 410 410 411 411 178 178 411 411 180 180 180 180 411 411 412 412 180 180 412 412 183 183 430 430 431 431 432 432 432 432 431 431 433 433 432 432 433 433 434 434 435 435 436 436 434 434 434 434 436 436 437 437 434 434 437 437 432 432 432 432 437 437 438 438 432 432 438 438 430 430 430 430 438 438 439 439 327 327 332 332 440 440 440 440 332 332 331 331 440 440 331 331 441 441 331 331 330 330 441 441 441 441 330 330 308 308 441 441 308 308 442 442 442 442 308 308 324 324 443 443 444 444 445 445 445 445 444 444 329 329 445 445 329 329 328 328 446 446 447 447 448 448 448 448 447 447 449 449 448 448 449 449 450 450 446 446 448 448 451 451 451 451 448 448 452 452 451 451 452 452 381 381 382 382 453 453 383 383 383 383 453 453 454 454 383 383 454 454 384 384 380 380 379 379 455 455 328 328 327 327 445 445 445 445 327 327 456 456 445 445 456 456 443 443 443 443 456 456 457 457 443 443 457 457 458 458 458 458 457 457 369 369 311 311 459 459 312 312 312 312 459 459 460 460 312 312 460 460 313 313 313 313 460 460 461 461 311 311 462 462 459 459 459 459 462 462 463 463 459 459 463 463 460 460 460 460 463 463 464 464 460 460 464 464 461 461 327 327 440 440 456 456 456 456 440 440 465 465 456 456 465 465 457 457 457 457 465 465 374 374 457 457 374 374 369 369 369 369 374 374 373 373 369 369 373 373 370 370 466 466 376 376 467 467 467 467 376 376 375 375 467 467 375 375 468 468 377 377 378 378 375 375 375 375 378 378 380 380 375 375 380 380 468 468 468 468 380 380 455 455 468 468 455 455 469 469 470 470 371 371 471 471 471 471 371 371 370 370 471 471 370 370 472 472 472 472 370 370 373 373 472 472 373 373 473 473 473 473 373 373 372 372 455 455 474 474 469 469 469 469 474 474 475 475 469 469 475 475 476 476 476 476 475 475 477 477 476 476 477 477 478 478 478 478 477 477 479 479 478 478 479 479 480 480 379 379 481 481 455 455 455 455 481 481 482 482 455 455 482 482 474 474 474 474 482 482 483 483 474 474 483 483 475 475 475 475 483 483 484 484 475 475 484 484 477 477 477 477 484 484 485 485 477 477 485 485 479 479 427 427 486 486 429 429 429 429 486 486 487 487 429 429 487 487 488 488 488 488 487 487 489 489 488 488 489 489 490 490 490 490 489 489 491 491 490 490 491 491 492 492 492 492 491 491 493 493 185 185 183 183 427 427 427 427 183 183 412 412 427 427 412 412 486 486 486 486 412 412 387 387 486 486 387 387 487 487 487 487 387 387 386 386 487 487 386 386 489 489 489 489 386 386 367 367 489 489 367 367 491 491 491 491 367 367 366 366 491 491 366 366 493 493 461 461 494 494 495 495 495 495 494 494 496 496 470 470 496 496 371 371 371 371 496 496 494 494 371 371 494 494 369 369 369 369 494 494 461 461 369 369 461 461 458 458 458 458 461 461 464 464 458 458 464 464 443 443 443 443 464 464 463 463 443 443 463 463 444 444 444 444 463 463 462 462 444 444 462 462 329 329 329 329 462 462 311 311 497 497 319 319 498 498 498 498 319 319 317 317 498 498 317 317 496 496 496 496 317 317 316 316 496 496 316 316 495 495 495 495 316 316 315 315 495 495 315 315 461 461 461 461 315 315 314 314 461 461 314 314 313 313 364 364 309 309 499 499 499 499 309 309 307 307 499 499 307 307 500 500 324 324 323 323 442 442 442 442 323 323 325 325 442 442 325 325 501 501 361 361 363 363 502 502 502 502 363 363 503 503 502 502 503 503 504 504 381 381 383 383 451 451 451 451 383 383 385 385 451 451 385 385 446 446 446 446 385 385 505 505 446 446 505 505 447 447 447 447 505 505 506 506 447 447 506 506 507 507 508 508 504 504 509 509 509 509 504 504 503 503 509 509 503 503 510 510 510 510 503 503 363 363 510 510 363 363 511 511 511 511 363 363 362 362 382 382 372 372 453 453 453 453 372 372 374 374 453 453 374 374 454 454 454 454 374 374 465 465 454 454 465 465 384 384 384 384 465 465 440 440 384 384 440 440 385 385 385 385 440 440 441 441 385 385 441 441 505 505 505 505 441 441 442 442 505 505 442 442 506 506 506 506 442 442 501 501 512 512 513 513 514 514 514 514 513 513 515 515 514 514 515 515 516 516 516 516 515 515 508 508 516 516 508 508 517 517 517 517 508 508 509 509 517 517 509 509 518 518 326 326 310 310 519 519 519 519 310 310 364 364 519 519 364 364 520 520 520 520 364 364 499 499 520 520 499 499 521 521 521 521 499 499 500 500 521 521 500 500 522 522 522 522 500 500 523 523 321 321 523 523 322 322 322 322 523 523 500 500 322 322 500 500 306 306 306 306 500 500 307 307 524 524 512 512 525 525 525 525 512 512 514 514 525 525 514 514 526 526 526 526 514 514 516 516 526 526 516 516 527 527 527 527 516 516 517 517 527 527 517 517 528 528 528 528 517 517 518 518 528 528 518 518 529 529 421 421 524 524 420 420 420 420 524 524 525 525 420 420 525 525 419 419 419 419 525 525 526 526 419 419 526 526 418 418 418 418 526 526 527 527 418 418 527 527 417 417 417 417 527 527 528 528 417 417 528 528 416 416 416 416 528 528 529 529 416 416 529 529 415 415 415 415 529 529 530 530 415 415 530 530 413 413 524 524 450 450 512 512 512 512 450 450 449 449 512 512 449 449 513 513 513 513 449 449 447 447 513 513 447 447 515 515 515 515 447 447 507 507 515 515 507 507 508 508 508 508 507 507 506 506 508 508 506 506 504 504 504 504 506 506 501 501 504 504 501 501 502 502 502 502 501 501 325 325 502 502 325 325 361 361 361 361 325 325 326 326 361 361 326 326 362 362 362 362 326 326 519 519 362 362 519 519 511 511 511 511 519 519 520 520 511 511 520 520 510 510 510 510 520 520 521 521 510 510 521 521 509 509 509 509 521 521 522 522 509 509 522 522 518 518 518 518 522 522 523 523 518 518 523 523 529 529 529 529 523 523 321 321 529 529 321 321 530 530 530 530 321 321 365 365 530 530 365 365 413 413 143 143 435 435 144 144 144 144 435 435 434 434 144 144 434 434 138 138 138 138 434 434 433 433 138 138 433 433 207 207 207 207 433 433 431 431 207 207 431 431 408 408 408 408 431 431 430 430 408 408 430 430 404 404 404 404 430 430 439 439 404 404 439 439 405 405 414 414 134 134 391 391 391 391 134 134 132 132 391 391 132 132 389 389 389 389 132 132 131 131 389 389 131 131 396 396 396 396 131 131 205 205 396 396 205 205 397 397 397 397 205 205 202 202 397 397 202 202 399 399 399 399 202 202 198 198 399 399 198 198 401 401 401 401 198 198 197 197 401 401 197 197 393 393 393 393 197 197 195 195 393 393 195 195 394 394 394 394 195 195 193 193 394 394 193 193 425 425 425 425 193 193 191 191 425 425 191 191 189 189 436 436 497 497 437 437 437 437 497 497 498 498 437 437 498 498 438 438 438 438 498 498 496 496 438 438 496 496 439 439 439 439 496 496 470 470 439 439 470 470 405 405 405 405 470 470 471 471 405 405 471 471 407 407 407 407 471 471 472 472 407 407 472 472 368 368 368 368 472 472 473 473 368 368 473 473 366 366 366 366 473 473 531 531 366 366 531 531 493 493 189 189 187 187 425 425 425 425 187 187 426 426 425 425 426 426 424 424 424 424 426 426 428 428 424 424 428 428 480 480 480 480 428 428 429 429 480 480 429 429 478 478 478 478 429 429 488 488 478 478 488 488 476 476 476 476 488 488 490 490 476 476 490 490 469 469 469 469 490 490 492 492 469 469 492 492 468 468 468 468 492 492 493 493 468 468 493 493 467 467 467 467 493 493 531 531 467 467 531 531 466 466 466 466 531 531 473 473 466 466 473 473 376 376 376 376 473 473 372 372 376 376 372 372 377 377 377 377 372 372 382 382 377 377 382 382 378 378 378 378 382 382 381 381 378 378 381 381 379 379 379 379 381 381 452 452 379 379 452 452 481 481 481 481 452 452 448 448 481 481 448 448 482 482 482 482 448 448 450 450 482 482 450 450 483 483 483 483 450 450 524 524 483 483 524 524 484 484 484 484 524 524 421 421 484 484 421 421 485 485 485 485 421 421 422 422 485 485 422 422 479 479 479 479 422 422 423 423 479 479 423 423 480 480 480 480 423 423 424 424 318 318 319 319 532 532 532 532 319 319 497 497 532 532 497 497 533 533 533 533 497 497 436 436 533 533 436 436 534 534 534 534 436 436 435 435 534 534 435 435 213 213 213 213 435 435 143 143 320 320 318 318 365 365 365 365 318 318 532 532 365 365 532 532 413 413 413 413 532 532 533 533 413 413 533 533 414 414 414 414 533 533 534 534 414 414 534 534 134 134 134 134 534 534 213 213 535 535 536 536 537 537 538 538 539 539 540 540 540 540 539 539 541 541 540 540 541 541 542 542 542 542 541 541 543 543 542 542 543 543 544 544 544 544 543 543 545 545 544 544 545 545 546 546 546 546 545 545 547 547 546 546 547 547 548 548 548 548 547 547 549 549 548 548 549 549 550 550 550 550 549 549 551 551 550 550 551 551 552 552 552 552 551 551 553 553 552 552 553 553 554 554 554 554 553 553 555 555 554 554 555 555 556 556 556 556 555 555 557 557 556 556 557 557 558 558 558 558 557 557 559 559 559 559 560 560 558 558 558 558 560 560 561 561 558 558 561 561 556 556 556 556 561 561 562 562 556 556 562 562 554 554 554 554 562 562 563 563 554 554 563 563 552 552 552 552 563 563 564 564 552 552 564 564 550 550 550 550 564 564 565 565 550 550 565 565 548 548 548 548 565 565 566 566 548 548 566 566 546 546 546 546 566 566 567 567 546 546 567 567 544 544 544 544 567 567 568 568 544 544 568 568 542 542 542 542 568 568 535 535 542 542 535 535 540 540 540 540 535 535 537 537 540 540 537 537 538 538 569 569 570 570 571 571 571 571 570 570 572 572 571 571 572 572 573 573 573 573 572 572 574 574 573 573 574 574 575 575 575 575 574 574 576 576 575 575 576 576 577 577 577 577 576 576 578 578 577 577 578 578 579 579 579 579 578 578 580 580 579 579 580 580 581 581 581 581 580 580 582 582 581 581 582 582 583 583 583 583 582 582 584 584 583 583 584 584 585 585 585 585 584 584 586 586 585 585 586 586 587 587 587 587 586 586 588 588 587 587 588 588 589 589 589 589 588 588 590 590 589 589 590 590 591 591 591 591 590 590 592 592 569 569 593 593 594 594 594 594 593 593 595 595 594 594 595 595 596 596 596 596 595 595 597 597 596 596 597 597 598 598 598 598 597 597 599 599 598 598 599 599 600 600 600 600 599 599 601 601 600 600 601 601 602 602 602 602 601 601 603 603 602 602 603 603 604 604 604 604 603 603 605 605 604 604 605 605 606 606 606 606 605 605 607 607 606 606 607 607 608 608 608 608 607 607 609 609 608 608 609 609 610 610 610 610 609 609 611 611 610 610 611 611 612 612 612 612 611 611 152 152 613 613 614 614 615 615 616 616 617 617 618 618 618 618 617 617 619 619 618 618 619 619 620 620 620 620 619 619 621 621 620 620 621 621 622 622 622 622 621 621 623 623 622 622 623 623 624 624 624 624 623 623 625 625 624 624 625 625 626 626 626 626 625 625 627 627 626 626 627 627 628 628 628 628 627 627 629 629 628 628 629 629 630 630 630 630 629 629 631 631 630 630 631 631 632 632 632 632 631 631 633 633 632 632 633 633 634 634 634 634 633 633 635 635 634 634 635 635 636 636 636 636 635 635 637 637 637 637 638 638 636 636 636 636 638 638 639 639 636 636 639 639 634 634 634 634 639 639 640 640 634 634 640 640 632 632 632 632 640 640 641 641 632 632 641 641 630 630 630 630 641 641 642 642 630 630 642 642 628 628 628 628 642 642 643 643 628 628 643 643 626 626 626 626 643 643 644 644 626 626 644 644 624 624 624 624 644 644 645 645 624 624 645 645 622 622 622 622 645 645 646 646 622 622 646 646 620 620 620 620 646 646 613 613 620 620 613 613 618 618 618 618 613 613 615 615 618 618 615 615 616 616 647 647 648 648 649 649 649 649 648 648 650 650 649 649 650 650 651 651 651 651 650 650 652 652 651 651 652 652 653 653 653 653 652 652 654 654 653 653 654 654 655 655 655 655 654 654 656 656 655 655 656 656 657 657 657 657 656 656 658 658 657 657 658 658 659 659 659 659 658 658 660 660 659 659 660 660 661 661 661 661 660 660 662 662 661 661 662 662 663 663 663 663 662 662 664 664 663 663 664 664 665 665 665 665 664 664 666 666 665 665 666 666 667 667 667 667 666 666 668 668 667 667 668 668 669 669 669 669 668 668 670 670 647 647 671 671 672 672 672 672 671 671 673 673 672 672 673 673 674 674 674 674 673 673 675 675 674 674 675 675 676 676 676 676 675 675 677 677 676 676 677 677 678 678 678 678 677 677 679 679 678 678 679 679 680 680 680 680 679 679 681 681 680 680 681 681 682 682 682 682 681 681 683 683 682 682 683 683 684 684 684 684 683 683 685 685 684 684 685 685 686 686 686 686 685 685 687 687 686 686 687 687 688 688 688 688 687 687 689 689 688 688 689 689 690 690 690 690 689 689 262 262 333 333 351 351 691 691 691 691 351 351 692 692 691 691 692 692 693 693 693 693 692 692 694 694 693 693 694 694 695 695 695 695 694 694 696 696 695 695 696 696 216 216 216 216 696 696 214 214 334 334 333 333 697 697 697 697 333 333 691 691 697 697 691 691 698 698 698 698 691 691 693 693 698 698 693 693 699 699 699 699 693 693 695 695 699 699 695 695 218 218 218 218 695 695 216 216 700 700 699 699 218 218 701 701 702 702 703 703 704 704 705 705 706 706 707 707 708 708 709 709 710 710 711 711 712 712 713 713 714 714 232 232 715 715 716 716 717 717 718 718 719 719 720 720 720 720 719 719 721 721 720 720 721 721 722 722 723 723 724 724 725 725 725 725 724 724 726 726 725 725 726 726 727 727 727 727 726 726 728 728 727 727 728 728 717 717 717 717 716 716 727 727 727 727 716 716 729 729 727 727 729 729 725 725 728 728 722 722 717 717 717 717 722 722 721 721 717 717 721 721 715 715 715 715 721 721 719 719 715 715 719 719 730 730 729 729 731 731 725 725 725 725 731 731 732 732 725 725 732 732 723 723 723 723 732 732 733 733 723 723 733 733 226 226 734 734 735 735 736 736 737 737 738 738 739 739 739 739 738 738 740 740 734 734 741 741 742 742 743 743 744 744 745 745 742 742 741 741 746 746 746 746 741 741 747 747 746 746 747 747 748 748 745 745 744 744 749 749 749 749 744 744 750 750 749 749 750 750 751 751 734 734 736 736 741 741 741 741 736 736 752 752 741 741 752 752 747 747 747 747 752 752 743 743 747 747 743 743 748 748 748 748 743 743 745 745 748 748 745 745 283 283 283 283 281 281 748 748 748 748 281 281 753 753 748 748 753 753 746 746 746 746 753 753 754 754 746 746 754 754 742 742 742 742 754 754 730 730 742 742 730 730 734 734 734 734 730 730 719 719 734 734 719 719 735 735 735 735 719 719 718 718 290 290 749 749 291 291 291 291 749 749 751 751 291 291 751 751 241 241 290 290 289 289 749 749 749 749 289 289 287 287 749 749 287 287 745 745 745 745 287 287 285 285 745 745 285 285 283 283 243 243 755 755 244 244 244 244 755 755 756 756 232 232 304 304 713 713 713 713 304 304 305 305 713 713 305 305 756 756 756 756 305 305 302 302 756 756 302 302 244 244 698 698 699 699 757 757 757 757 699 699 700 700 757 757 700 700 758 758 758 758 700 700 759 759 758 758 759 759 760 760 760 760 759 759 761 761 760 760 761 761 762 762 762 762 761 761 763 763 762 762 763 763 764 764 764 764 763 763 765 765 764 764 765 765 737 737 737 737 765 765 766 766 737 737 766 766 738 738 344 344 338 338 767 767 767 767 338 338 358 358 767 767 358 358 768 768 358 358 357 357 768 768 768 768 357 357 359 359 768 768 359 359 769 769 360 360 356 356 770 770 770 770 356 356 355 355 770 770 355 355 771 771 355 355 354 354 772 772 771 771 773 773 770 770 770 770 773 773 769 769 770 770 769 769 360 360 360 360 769 769 359 359 774 774 775 775 776 776 776 776 775 775 777 777 776 776 777 777 778 778 773 773 711 711 769 769 769 769 711 711 710 710 769 769 710 710 768 768 768 768 710 710 779 779 768 768 779 779 767 767 767 767 779 779 780 780 767 767 780 780 781 781 782 782 783 783 784 784 784 784 783 783 785 785 784 784 785 785 786 786 778 778 787 787 776 776 776 776 787 787 788 788 776 776 788 788 774 774 774 774 788 788 789 789 772 772 790 790 791 791 791 791 790 790 792 792 791 791 792 792 793 793 793 793 792 792 707 707 772 772 354 354 790 790 790 790 354 354 343 343 790 790 343 343 792 792 792 792 343 343 342 342 792 792 342 342 707 707 342 342 341 341 707 707 707 707 341 341 340 340 707 707 340 340 708 708 708 708 340 340 350 350 708 708 350 350 709 709 794 794 795 795 796 796 796 796 795 795 797 797 796 796 797 797 798 798 798 798 797 797 799 799 798 798 799 799 800 800 800 800 799 799 781 781 800 800 781 781 777 777 801 801 802 802 803 803 803 803 802 802 804 804 805 805 806 806 801 801 801 801 806 806 782 782 801 801 782 782 802 802 802 802 782 782 784 784 802 802 784 784 804 804 804 804 784 784 786 786 781 781 780 780 777 777 777 777 780 780 779 779 777 777 779 779 778 778 778 778 779 779 710 710 778 778 710 710 787 787 787 787 710 710 712 712 787 787 712 712 788 788 788 788 712 712 807 807 788 788 807 807 789 789 789 789 807 807 808 808 789 789 808 808 809 809 773 773 810 810 711 711 711 711 810 810 811 811 711 711 811 811 712 712 712 712 811 811 812 812 712 712 812 812 807 807 807 807 812 812 813 813 807 807 813 813 808 808 355 355 772 772 771 771 771 771 772 772 791 791 771 771 791 791 773 773 773 773 791 791 793 793 773 773 793 793 810 810 810 810 793 793 707 707 810 810 707 707 811 811 811 811 707 707 709 709 811 811 709 709 812 812 705 705 704 704 814 814 814 814 704 704 815 815 814 814 815 815 816 816 786 786 817 817 804 804 804 804 817 817 818 818 804 804 818 818 803 803 803 803 818 818 706 706 803 803 706 706 801 801 801 801 706 706 705 705 801 801 705 705 805 805 805 805 705 705 814 814 805 805 814 814 806 806 806 806 814 814 816 816 806 806 816 816 819 819 819 819 816 816 820 820 819 819 820 820 821 821 821 821 794 794 819 819 819 819 794 794 796 796 819 819 796 796 806 806 806 806 796 796 798 798 806 806 798 798 782 782 782 782 798 798 800 800 782 782 800 800 783 783 783 783 800 800 777 777 783 783 777 777 785 785 785 785 777 777 775 775 785 785 775 775 786 786 786 786 775 775 774 774 786 786 774 774 817 817 817 817 774 774 789 789 817 817 789 789 818 818 818 818 789 789 809 809 818 818 809 809 706 706 706 706 809 809 822 822 706 706 822 822 704 704 704 704 822 822 823 823 704 704 823 823 815 815 824 824 825 825 826 826 334 334 697 697 335 335 335 335 697 697 827 827 335 335 827 827 350 350 350 350 827 827 824 824 350 350 824 824 709 709 709 709 824 824 826 826 709 709 826 826 812 812 812 812 826 826 825 825 812 812 825 825 813 813 336 336 828 828 337 337 337 337 828 828 829 829 337 337 829 829 339 339 339 339 829 829 830 830 339 339 830 830 347 347 348 348 347 347 831 831 831 831 347 347 830 830 831 831 830 830 832 832 832 832 830 830 829 829 832 832 829 829 833 833 833 833 829 829 828 828 336 336 834 834 828 828 828 828 834 834 835 835 828 828 835 835 833 833 833 833 835 835 836 836 833 833 836 836 832 832 832 832 836 836 837 837 832 832 837 837 831 831 831 831 837 837 838 838 831 831 838 838 348 348 348 348 838 838 349 349 345 345 702 702 346 346 346 346 702 702 701 701 346 346 701 701 839 839 840 840 841 841 842 842 842 842 841 841 843 843 842 842 843 843 844 844 845 845 846 846 843 843 843 843 846 846 847 847 843 843 847 847 844 844 840 840 848 848 841 841 841 841 848 848 849 849 841 841 849 849 843 843 843 843 849 849 850 850 843 843 850 850 845 845 845 845 850 850 851 851 845 845 851 851 852 852 852 852 851 851 853 853 852 852 853 853 854 854 846 846 839 839 847 847 847 847 839 839 701 701 847 847 701 701 844 844 844 844 701 701 703 703 844 844 703 703 842 842 842 842 703 703 855 855 842 842 855 855 840 840 336 336 346 346 834 834 834 834 346 346 839 839 834 834 839 839 835 835 835 835 839 839 846 846 835 835 846 846 836 836 836 836 846 846 845 845 836 836 845 845 837 837 837 837 845 845 852 852 837 837 852 852 838 838 838 838 852 852 854 854 838 838 854 854 349 349 856 856 352 352 854 854 854 854 352 352 353 353 854 854 353 353 349 349 214 214 696 696 857 857 857 857 696 696 694 694 857 857 694 694 858 858 858 858 694 694 692 692 858 858 692 692 856 856 856 856 692 692 351 351 856 856 351 351 352 352 724 724 859 859 726 726 726 726 859 859 860 860 726 726 860 860 728 728 728 728 860 860 861 861 728 728 861 861 722 722 722 722 861 861 862 862 722 722 862 862 720 720 720 720 862 862 863 863 720 720 863 863 718 718 718 718 863 863 864 864 848 848 864 864 849 849 849 849 864 864 863 863 849 849 863 863 850 850 850 850 863 863 862 862 850 850 862 862 851 851 851 851 862 862 861 861 851 851 861 861 853 853 853 853 861 861 860 860 853 853 860 860 854 854 854 854 860 860 859 859 854 854 859 859 856 856 856 856 859 859 724 724 856 856 724 724 858 858 858 858 724 724 723 723 858 858 723 723 857 857 857 857 723 723 226 226 857 857 226 226 214 214 218 218 230 230 700 700 700 700 230 230 232 232 700 700 232 232 759 759 759 759 232 232 714 714 759 759 714 714 761 761 761 761 714 714 713 713 761 761 713 713 763 763 763 763 713 713 756 756 763 763 756 756 765 765 765 765 756 756 755 755 765 765 755 755 766 766 281 281 279 279 753 753 753 753 279 279 277 277 753 753 277 277 754 754 754 754 277 277 275 275 754 754 275 275 730 730 730 730 275 275 272 272 730 730 272 272 715 715 715 715 272 272 270 270 715 715 270 270 716 716 716 716 270 270 269 269 716 716 269 269 729 729 729 729 269 269 268 268 729 729 268 268 731 731 731 731 268 268 295 295 731 731 295 295 732 732 732 732 295 295 297 297 732 732 297 297 733 733 733 733 297 297 227 227 733 733 227 227 226 226 697 697 698 698 827 827 827 827 698 698 757 757 827 827 757 757 824 824 824 824 757 757 758 758 824 824 758 758 825 825 825 825 758 758 760 760 825 825 760 760 813 813 813 813 760 760 762 762 813 813 762 762 808 808 808 808 762 762 764 764 808 808 764 764 809 809 809 809 764 764 737 737 809 809 737 737 822 822 822 822 737 737 739 739 822 822 739 739 823 823 823 823 739 739 740 740 823 823 740 740 815 815 345 345 344 344 702 702 702 702 344 344 767 767 702 702 767 767 703 703 703 703 767 767 781 781 703 703 781 781 855 855 855 855 781 781 799 799 855 855 799 799 840 840 840 840 799 799 797 797 840 840 797 797 848 848 848 848 797 797 795 795 848 848 795 795 864 864 864 864 795 795 794 794 864 864 794 794 718 718 718 718 794 794 821 821 718 718 821 821 735 735 735 735 821 821 820 820 735 735 820 820 736 736 736 736 820 820 816 816 736 736 816 816 752 752 752 752 816 816 815 815 752 752 815 815 743 743 743 743 815 815 740 740 743 743 740 740 744 744 744 744 740 740 738 738 744 744 738 738 750 750 750 750 738 738 766 766 750 750 766 766 751 751 751 751 766 766 755 755 751 751 755 755 241 241 241 241 755 755 243 243 865 865 866 866 867 867 868 868 869 869 870 870 870 870 869 869 871 871 870 870 871 871 872 872 872 872 871 871 873 873 872 872 873 873 874 874 874 874 873 873 875 875 874 874 875 875 876 876 876 876 875 875 877 877 876 876 877 877 878 878 878 878 877 877 879 879 878 878 879 879 880 880 880 880 879 879 881 881 880 880 881 881 882 882 882 882 881 881 883 883 882 882 883 883 884 884 884 884 883 883 885 885 884 884 885 885 886 886 886 886 885 885 887 887 886 886 887 887 888 888 888 888 887 887 889 889 888 888 889 889 890 890 890 890 889 889 865 865 890 890 865 865 891 891 891 891 865 865 867 867 891 891 867 867 892 892 892 892 893 893 891 891 891 891 893 893 894 894 891 891 894 894 890 890 890 890 894 894 895 895 890 890 895 895 888 888 888 888 895 895 896 896 888 888 896 896 886 886 886 886 896 896 897 897 886 886 897 897 884 884 884 884 897 897 898 898 884 884 898 898 882 882 882 882 898 898 899 899 882 882 899 899 880 880 880 880 899 899 900 900 880 880 900 900 878 878 878 878 900 900 901 901 878 878 901 901 876 876 876 876 901 901 902 902 876 876 902 902 874 874 874 874 902 902 903 903 874 874 903 903 872 872 872 872 903 903 904 904 872 872 904 904 870 870 870 870 904 904 905 905 870 870 905 905 868 868 868 868 905 905 906 906 868 868 906 906 907 907 907 907 906 906 908 908 907 907 908 908 909 909 909 909 908 908 910 910 909 909 910 910 911 911 911 911 910 910 912 912 912 912 913 913 911 911 911 911 913 913 914 914 911 911 914 914 909 909 909 909 914 914 915 915 909 909 915 915 907 907 907 907 915 915 916 916 907 907 916 916 868 868 868 868 916 916 917 917 868 868 917 917 869 869 168 168 918 918 919 919 919 919 918 918 920 920 919 919 920 920 921 921 921 921 920 920 922 922 921 921 922 922 923 923 923 923 922 922 924 924 923 923 924 924 925 925 925 925 924 924 926 926 925 925 926 926 927 927 927 927 926 926 928 928 927 927 928 928 929 929 929 929 928 928 912 912 930 930 931 931 932 932 932 932 931 931 933 933 932 932 933 933 934 934 934 934 933 933 935 935 935 935 933 933 936 936 935 935 936 936 937 937 938 938 936 936 939 939 939 939 936 936 933 933 939 939 933 933 940 940 940 940 933 933 931 931 941 941 867 867 866 866 942 942 892 892 867 867 866 866 943 943 941 941 941 941 943 943 944 944 941 941 944 944 945 945 945 945 944 944 946 946 945 945 946 946 947 947 947 947 946 946 938 938 947 947 938 938 939 939 867 867 941 941 942 942 942 942 941 941 945 945 942 942 945 945 948 948 948 948 945 945 947 947 948 948 947 947 949 949 949 949 947 947 939 939 949 949 939 939 940 940 950 950 951 951 952 952 953 953 954 954 955 955 956 956 957 957 958 958 959 959 960 960 961 961 962 962 963 963 964 964 965 965 966 966 967 967 968 968 969 969 970 970 968 968 970 970 971 971 612 612 152 152 151 151 612 612 151 151 610 610 606 606 608 608 972 972 973 973 576 576 574 574 574 574 572 572 973 973 973 973 572 572 570 570 973 973 570 570 569 569 569 569 594 594 973 973 973 973 594 594 596 596 973 973 596 596 598 598 598 598 600 600 973 973 973 973 600 600 602 602 973 973 602 602 604 604 576 576 974 974 578 578 578 578 974 974 975 975 578 578 975 975 580 580 588 588 586 586 976 976 976 976 586 586 584 584 580 580 975 975 582 582 582 582 975 975 977 977 582 582 977 977 584 584 584 584 977 977 978 978 584 584 978 978 976 976 560 560 559 559 979 979 560 560 979 979 561 561 590 590 959 959 592 592 592 592 959 959 979 979 592 592 979 979 980 980 980 980 979 979 559 559 981 981 566 566 982 982 982 982 566 566 565 565 982 982 565 565 983 983 983 983 565 565 564 564 983 983 564 564 984 984 984 984 564 564 563 563 984 984 563 563 979 979 979 979 563 563 562 562 979 979 562 562 561 561 536 536 535 535 985 985 985 985 535 535 568 568 985 985 568 568 981 981 981 981 568 568 567 567 981 981 567 567 566 566 986 986 987 987 988 988 986 986 988 988 989 989 989 989 988 988 990 990 989 989 990 990 991 991 992 992 986 986 993 993 993 993 986 986 989 989 993 993 989 989 994 994 994 994 989 989 991 991 994 994 991 991 995 995 987 987 996 996 988 988 988 988 996 996 971 971 988 988 971 971 990 990 990 990 971 971 970 970 990 990 970 970 991 991 991 991 970 970 969 969 991 991 969 969 995 995 997 997 998 998 999 999 999 999 998 998 1000 1000 960 960 962 962 1001 1001 963 963 965 965 1002 1002 963 963 1002 1002 964 964 964 964 1002 1002 1003 1003 964 964 1003 1003 1004 1004 966 966 999 999 967 967 967 967 999 999 1000 1000 967 967 1000 1000 1005 1005 1005 1005 1000 1000 1006 1006 965 965 967 967 1002 1002 1002 1002 967 967 1005 1005 1002 1002 1005 1005 1003 1003 1003 1003 1005 1005 1006 1006 1003 1003 1006 1006 1007 1007 1007 1007 1006 1006 1008 1008 1007 1007 1008 1008 1009 1009 1004 1004 1003 1003 1010 1010 1010 1010 1003 1003 1007 1007 1010 1010 1007 1007 1011 1011 1011 1011 1007 1007 1009 1009 1011 1011 1009 1009 1012 1012 962 962 964 964 1001 1001 1001 1001 964 964 1004 1004 1001 1001 1004 1004 1013 1013 1013 1013 1004 1004 1010 1010 1013 1013 1010 1010 1014 1014 1014 1014 1010 1010 1011 1011 1014 1014 1011 1011 1015 1015 1015 1015 1011 1011 1012 1012 1015 1015 1012 1012 958 958 959 959 961 961 979 979 979 979 961 961 1016 1016 979 979 1016 1016 984 984 984 984 1016 1016 1017 1017 984 984 1017 1017 983 983 983 983 1017 1017 1018 1018 983 983 1018 1018 982 982 982 982 1018 1018 955 955 982 982 955 955 981 981 981 981 955 955 954 954 981 981 954 954 985 985 960 960 1001 1001 961 961 961 961 1001 1001 1013 1013 961 961 1013 1013 1016 1016 1016 1016 1013 1013 1014 1014 1016 1016 1014 1014 1017 1017 1017 1017 1014 1014 1015 1015 1017 1017 1015 1015 1018 1018 1018 1018 1015 1015 958 958 1018 1018 958 958 955 955 955 955 958 958 957 957 955 955 957 957 953 953 956 956 958 958 1019 1019 1019 1019 958 958 1012 1012 1019 1019 1012 1012 1020 1020 1020 1020 1012 1012 1009 1009 1020 1020 1009 1009 1021 1021 1021 1021 1009 1009 1008 1008 1021 1021 1008 1008 1022 1022 1022 1022 1008 1008 1006 1006 1022 1022 1006 1006 1023 1023 1023 1023 1006 1006 1000 1000 1023 1023 1000 1000 1024 1024 1024 1024 1000 1000 998 998 1024 1024 998 998 1025 1025 1025 1025 998 998 997 997 1025 1025 997 997 1026 1026 608 608 610 610 972 972 972 972 610 610 151 151 972 972 151 151 1027 1027 203 203 1028 1028 201 201 201 201 1028 1028 1029 1029 201 201 1029 1029 200 200 200 200 1029 1029 1027 1027 200 200 1027 1027 149 149 149 149 1027 1027 151 151 1028 1028 1030 1030 1029 1029 1029 1029 1030 1030 1031 1031 1029 1029 1031 1031 1027 1027 1027 1027 1031 1031 973 973 1027 1027 973 973 972 972 972 972 973 973 604 604 972 972 604 604 606 606 1032 1032 1033 1033 1034 1034 1034 1034 1035 1035 1036 1036 1036 1036 1035 1035 1037 1037 1036 1036 1037 1037 1038 1038 974 974 1033 1033 975 975 975 975 1033 1033 1032 1032 975 975 1032 1032 977 977 977 977 1032 1032 1039 1039 1034 1034 1036 1036 1032 1032 1032 1032 1036 1036 1038 1038 1032 1032 1038 1038 1039 1039 1039 1039 1038 1038 1040 1040 1039 1039 1040 1040 977 977 977 977 1040 1040 1041 1041 977 977 1041 1041 978 978 950 950 129 129 1042 1042 1042 1042 129 129 145 145 1042 1042 145 145 1043 1043 1043 1043 145 145 147 147 951 951 950 950 1044 1044 1044 1044 950 950 1042 1042 1044 1044 1042 1042 1045 1045 1045 1045 1042 1042 1043 1043 1045 1045 1043 1043 1046 1046 1047 1047 992 992 1048 1048 1048 1048 992 992 993 993 1048 1048 993 993 1049 1049 1049 1049 993 993 994 994 1049 1049 994 994 1050 1050 1050 1050 994 994 995 995 1050 1050 995 995 1026 1026 1026 1026 995 995 969 969 1026 1026 969 969 1025 1025 1025 1025 969 969 968 968 1025 1025 968 968 1024 1024 576 576 973 973 974 974 974 974 973 973 1031 1031 974 974 1031 1031 1033 1033 1033 1033 1031 1031 1030 1030 1033 1033 1030 1030 1034 1034 1034 1034 1030 1030 1028 1028 1034 1034 1028 1028 1035 1035 1035 1035 1028 1028 203 203 1035 1035 203 203 1051 1051 1051 1051 203 203 204 204 1051 1051 204 204 952 952 952 952 204 204 206 206 952 952 206 206 950 950 950 950 206 206 130 130 950 950 130 130 129 129 590 590 588 588 959 959 959 959 588 588 976 976 959 959 976 976 960 960 960 960 976 976 978 978 960 960 978 978 962 962 962 962 978 978 1041 1041 962 962 1041 1041 963 963 963 963 1041 1041 1040 1040 963 963 1040 1040 965 965 965 965 1040 1040 1038 1038 965 965 1038 1038 966 966 966 966 1038 1038 1037 1037 966 966 1037 1037 999 999 999 999 1037 1037 1035 1035 999 999 1035 1035 997 997 997 997 1035 1035 1051 1051 997 997 1051 1051 1026 1026 1026 1026 1051 1051 952 952 1026 1026 952 952 1050 1050 1050 1050 952 952 951 951 1050 1050 951 951 1049 1049 1049 1049 951 951 1044 1044 1049 1049 1044 1044 1048 1048 1048 1048 1044 1044 1045 1045 1048 1048 1045 1045 1047 1047 1047 1047 1045 1045 1046 1046 536 536 1052 1052 1053 1053 536 536 1053 1053 537 537 537 537 1053 1053 1054 1054 537 537 1054 1054 538 538 1055 1055 1056 1056 1057 1057 1058 1058 1059 1059 1060 1060 1061 1061 1062 1062 1063 1063 609 609 607 607 1064 1064 539 539 538 538 1065 1065 1065 1065 538 538 1054 1054 1065 1065 1054 1054 1066 1066 1066 1066 1067 1067 1065 1065 1065 1065 1067 1067 1068 1068 1065 1065 1068 1068 1069 1069 539 539 1065 1065 541 541 541 541 1065 1065 1070 1070 541 541 1070 1070 543 543 543 543 1070 1070 1071 1071 543 543 1071 1071 545 545 545 545 1071 1071 1072 1072 545 545 1072 1072 547 547 549 549 1073 1073 551 551 551 551 1073 1073 1074 1074 559 559 1075 1075 980 980 980 980 1075 1075 592 592 559 559 557 557 1075 1075 1075 1075 557 557 555 555 1075 1075 555 555 553 553 1060 1060 589 589 1075 1075 1075 1075 589 589 591 591 1075 1075 591 591 592 592 1059 1059 1076 1076 1077 1077 1077 1077 1076 1076 579 579 579 579 581 581 1077 1077 1077 1077 581 581 583 583 1077 1077 583 583 1059 1059 1059 1059 583 583 585 585 1059 1059 585 585 1060 1060 1060 1060 585 585 587 587 1060 1060 587 587 589 589 607 607 605 605 1064 1064 1064 1064 605 605 603 603 1064 1064 603 603 601 601 601 601 599 599 1064 1064 1064 1064 599 599 597 597 1064 1064 597 597 595 595 571 571 1057 1057 569 569 569 569 1057 1057 593 593 571 571 573 573 1057 1057 1057 1057 573 573 575 575 1057 1057 575 575 577 577 153 153 152 152 611 611 922 922 920 920 166 166 166 166 920 920 918 918 166 166 918 918 168 168 913 913 912 912 1062 1062 1062 1062 912 912 928 928 1062 1062 928 928 1063 1063 1063 1063 928 928 926 926 1063 1063 926 926 924 924 1078 1078 916 916 915 915 916 916 1078 1078 917 917 917 917 1078 1078 1079 1079 917 917 1079 1079 869 869 869 869 1079 1079 1080 1080 869 869 1080 1080 871 871 871 871 1080 1080 873 873 873 873 1080 1080 1081 1081 873 873 1081 1081 875 875 877 877 1075 1075 1074 1074 1074 1074 1075 1075 553 553 1074 1074 553 553 551 551 885 885 883 883 1073 1073 1073 1073 883 883 881 881 1073 1073 881 881 1074 1074 1074 1074 881 881 879 879 1074 1074 879 879 877 877 549 549 547 547 1073 1073 1073 1073 547 547 1072 1072 1073 1073 1072 1072 885 885 885 885 1072 1072 1071 1071 885 885 1071 1071 887 887 887 887 1071 1071 1070 1070 887 887 1070 1070 889 889 937 937 936 936 1082 1082 1082 1082 936 936 1065 1065 936 936 938 938 1065 1065 1065 1065 938 938 946 946 1065 1065 946 946 944 944 944 944 943 943 1065 1065 1065 1065 943 943 866 866 1065 1065 866 866 1070 1070 1070 1070 866 866 865 865 1070 1070 865 865 889 889 165 165 163 163 1083 1083 1083 1083 163 163 161 161 1083 1083 161 161 1084 1084 1056 1056 1055 1055 1085 1085 1085 1085 1055 1055 1086 1086 1085 1085 1086 1086 1087 1087 1086 1086 1088 1088 1087 1087 1087 1087 1088 1088 1061 1061 1087 1087 1061 1061 1089 1089 1089 1089 1061 1061 1063 1063 1089 1089 1063 1063 166 166 166 166 1063 1063 924 924 166 166 924 924 922 922 877 877 875 875 1075 1075 1075 1075 875 875 1081 1081 1075 1075 1081 1081 1060 1060 1060 1060 1081 1081 1080 1080 1060 1060 1080 1080 1058 1058 1058 1058 1080 1080 1079 1079 1058 1058 1079 1079 1090 1090 1090 1090 1079 1079 1078 1078 1090 1090 1078 1078 1091 1091 1091 1091 1078 1078 915 915 1091 1091 915 915 914 914 161 161 159 159 1084 1084 1084 1084 159 159 157 157 1084 1084 157 157 1092 1092 1092 1092 157 157 153 153 1092 1092 153 153 1064 1064 1064 1064 153 153 611 611 1064 1064 611 611 609 609 166 166 165 165 1089 1089 1089 1089 165 165 1083 1083 1089 1089 1083 1083 1087 1087 1087 1087 1083 1083 1084 1084 1087 1087 1084 1084 1085 1085 1085 1085 1084 1084 1092 1092 1085 1085 1092 1092 1056 1056 1056 1056 1092 1092 1064 1064 1056 1056 1064 1064 1057 1057 1057 1057 1064 1064 595 595 1057 1057 595 595 593 593 577 577 579 579 1057 1057 1057 1057 579 579 1076 1076 1057 1057 1076 1076 1055 1055 1055 1055 1076 1076 1059 1059 1055 1055 1059 1059 1086 1086 1086 1086 1059 1059 1058 1058 1086 1086 1058 1058 1088 1088 1088 1088 1058 1058 1090 1090 1088 1088 1090 1090 1061 1061 1061 1061 1090 1090 1091 1091 1061 1061 1091 1091 1062 1062 1062 1062 1091 1091 914 914 1062 1062 914 914 913 913 1093 1093 1082 1082 1065 1065 1094 1094 1095 1095 1096 1096 1097 1097 1098 1098 1094 1094 1094 1094 1098 1098 1099 1099 1094 1094 1099 1099 1095 1095 1095 1095 1099 1099 1100 1100 1082 1082 1093 1093 937 937 937 937 1093 1093 1101 1101 937 937 1101 1101 935 935 1102 1102 1101 1101 1096 1096 1096 1096 1101 1101 1093 1093 1096 1096 1093 1093 1094 1094 1094 1094 1093 1093 1065 1065 1094 1094 1065 1065 1097 1097 1097 1097 1065 1065 1069 1069 1103 1103 1104 1104 1105 1105 1096 1096 1095 1095 1106 1106 1106 1106 1095 1095 1107 1107 1106 1106 1107 1107 1108 1108 1108 1108 1107 1107 1109 1109 1108 1108 1109 1109 1110 1110 1110 1110 1109 1109 1111 1111 1110 1110 1111 1111 1105 1105 1105 1105 1111 1111 1112 1112 1105 1105 1112 1112 1103 1103 1113 1113 1104 1104 1103 1103 1114 1114 1115 1115 1116 1116 1114 1114 1116 1116 1117 1117 1118 1118 1117 1117 1119 1119 1119 1119 1117 1117 1116 1116 1119 1119 1116 1116 1120 1120 1120 1120 1116 1116 1121 1121 1120 1120 1121 1121 1122 1122 1113 1113 1103 1103 1122 1122 1122 1122 1103 1103 1123 1123 1122 1122 1123 1123 1120 1120 1124 1124 1125 1125 1126 1126 1126 1126 1125 1125 1127 1127 1126 1126 1127 1127 1128 1128 1129 1129 1130 1130 1131 1131 1131 1131 1130 1130 1115 1115 1115 1115 1114 1114 1131 1131 1131 1131 1114 1114 1117 1117 1131 1131 1117 1117 1128 1128 1128 1128 1117 1117 1118 1118 1128 1128 1118 1118 1126 1126 1126 1126 1118 1118 1132 1132 1133 1133 1129 1129 1134 1134 1134 1134 1129 1129 1131 1131 1134 1134 1131 1131 1135 1135 1135 1135 1131 1131 1128 1128 1135 1135 1128 1128 1136 1136 1136 1136 1128 1128 1127 1127 1137 1137 1138 1138 1139 1139 1140 1140 1141 1141 1142 1142 690 690 262 262 259 259 1143 1143 1144 1144 1142 1142 1136 1136 1145 1145 1146 1146 1146 1146 1147 1147 1136 1136 1136 1136 1147 1147 1148 1148 1136 1136 1148 1148 1135 1135 1135 1135 1148 1148 1134 1134 1149 1149 1150 1150 1151 1151 1151 1151 1150 1150 1152 1152 1151 1151 1152 1152 1153 1153 1153 1153 1152 1152 1154 1154 1153 1153 1154 1154 1136 1136 1136 1136 1154 1154 1155 1155 1136 1136 1155 1155 1145 1145 1156 1156 1157 1157 1149 1149 1149 1149 1157 1157 1158 1158 1149 1149 1158 1158 1150 1150 1159 1159 1160 1160 1156 1156 1156 1156 1160 1160 1161 1161 1156 1156 1161 1161 1157 1157 1162 1162 1163 1163 1159 1159 1159 1159 1163 1163 1164 1164 1159 1159 1164 1164 1160 1160 1165 1165 1166 1166 1167 1167 1167 1167 1166 1166 1168 1168 1167 1167 1168 1168 1169 1169 1170 1170 1171 1171 1172 1172 1172 1172 1171 1171 1173 1173 1172 1172 1173 1173 1174 1174 246 246 1175 1175 248 248 248 248 1175 1175 1176 1176 1177 1177 1178 1178 1141 1141 1141 1141 1178 1178 1179 1179 1141 1141 1179 1179 1142 1142 1142 1142 1179 1179 1180 1180 1142 1142 1180 1180 1143 1143 1181 1181 686 686 688 688 680 680 682 682 1181 1181 1181 1181 682 682 684 684 1181 1181 684 684 686 686 650 650 648 648 1138 1138 1138 1138 648 648 647 647 1138 1138 647 647 672 672 674 674 676 676 1181 1181 1181 1181 676 676 678 678 1181 1181 678 678 680 680 658 658 656 656 1137 1137 1137 1137 656 656 654 654 1137 1137 654 654 1138 1138 1138 1138 654 654 652 652 1138 1138 652 652 650 650 1182 1182 664 664 662 662 1162 1162 668 668 1182 1182 1182 1182 668 668 666 666 1182 1182 666 666 664 664 638 638 637 637 1162 1162 637 637 1183 1183 1162 1162 1162 1162 1183 1183 670 670 1162 1162 670 670 668 668 1149 1149 642 642 1156 1156 1156 1156 642 642 641 641 1156 1156 641 641 1159 1159 1159 1159 641 641 640 640 1159 1159 640 640 1162 1162 1162 1162 640 640 639 639 1162 1162 639 639 638 638 1153 1153 645 645 1151 1151 1151 1151 645 645 644 644 1151 1151 644 644 1149 1149 1149 1149 644 644 643 643 1149 1149 643 643 642 642 1136 1136 1127 1127 1184 1184 1184 1184 1185 1185 1136 1136 1136 1136 1185 1185 1186 1186 1136 1136 1186 1186 1187 1187 1187 1187 614 614 1136 1136 1136 1136 614 614 613 613 1136 1136 613 613 1153 1153 1153 1153 613 613 646 646 1153 1153 646 646 645 645 1176 1176 1177 1177 248 248 248 248 1177 1177 1141 1141 248 248 1141 1141 250 250 250 250 1141 1141 1140 1140 250 250 1140 1140 252 252 1170 1170 1165 1165 1171 1171 1171 1171 1165 1165 1167 1167 1171 1171 1167 1167 1188 1188 1188 1188 1167 1167 1189 1189 1188 1188 1189 1189 1190 1190 1190 1190 1189 1189 1191 1191 1190 1190 1192 1192 1188 1188 1188 1188 1192 1192 1193 1193 1188 1188 1193 1193 1171 1171 1171 1171 1193 1193 1194 1194 1171 1171 1194 1194 1173 1173 1173 1173 1194 1194 1195 1195 1173 1173 1195 1195 1174 1174 1174 1174 1195 1195 1196 1196 1168 1168 1163 1163 1169 1169 1169 1169 1163 1163 1162 1162 1169 1169 1162 1162 1167 1167 1167 1167 1162 1162 1182 1182 1167 1167 1182 1182 1189 1189 1189 1189 1182 1182 662 662 1189 1189 662 662 1191 1191 1191 1191 662 662 660 660 1142 1142 1197 1197 1140 1140 1140 1140 1197 1197 1198 1198 1140 1140 1198 1198 252 252 252 252 1198 1198 1199 1199 252 252 1199 1199 254 254 254 254 1199 1199 1200 1200 254 254 1200 1200 257 257 257 257 1200 1200 1181 1181 257 257 1181 1181 259 259 259 259 1181 1181 688 688 259 259 688 688 690 690 1197 1197 1201 1201 1198 1198 1198 1198 1201 1201 1202 1202 1198 1198 1202 1202 1199 1199 1199 1199 1202 1202 1139 1139 1199 1199 1139 1139 1200 1200 1200 1200 1139 1139 1138 1138 1200 1200 1138 1138 1181 1181 1181 1181 1138 1138 672 672 1181 1181 672 672 674 674 1144 1144 1196 1196 1142 1142 1142 1142 1196 1196 1195 1195 1142 1142 1195 1195 1197 1197 1197 1197 1195 1195 1194 1194 1197 1197 1194 1194 1201 1201 1201 1201 1194 1194 1193 1193 1201 1201 1193 1193 1202 1202 1202 1202 1193 1193 1192 1192 1202 1202 1192 1192 1139 1139 1139 1139 1192 1192 1190 1190 1139 1139 1190 1190 1137 1137 1137 1137 1190 1190 1191 1191 1137 1137 1191 1191 658 658 658 658 1191 1191 660 660 1203 1203 615 615 614 614 1204 1204 616 616 615 615 614 614 1187 1187 1203 1203 1203 1203 1187 1187 1186 1186 1203 1203 1186 1186 1205 1205 1205 1205 1186 1186 1185 1185 1205 1205 1185 1185 1206 1206 1206 1206 1185 1185 1184 1184 1206 1206 1184 1184 1207 1207 615 615 1203 1203 1204 1204 1204 1204 1203 1203 1205 1205 1204 1204 1205 1205 1208 1208 1208 1208 1205 1205 1206 1206 1208 1208 1206 1206 1209 1209 1209 1209 1206 1206 1207 1207 1209 1209 1207 1207 1210 1210 1211 1211 264 264 263 263 264 264 1211 1211 265 265 1212 1212 1213 1213 1214 1214 1215 1215 1216 1216 1217 1217 1218 1218 1219 1219 1220 1220 1219 1219 1218 1218 1221 1221 1213 1213 1222 1222 1223 1223 1224 1224 1225 1225 1226 1226 1226 1226 1227 1227 1228 1228 663 663 665 665 1229 1229 667 667 669 669 1230 1230 617 617 616 616 1231 1231 617 617 1231 1231 619 619 1232 1232 621 621 619 619 1233 1233 625 625 623 623 669 669 670 670 1234 1234 670 670 1183 1183 1234 1234 1234 1234 1183 1183 637 637 1234 1234 637 637 635 635 635 635 633 633 1234 1234 1234 1234 633 633 631 631 1234 1234 631 631 629 629 1235 1235 1236 1236 659 659 659 659 1236 1236 1237 1237 659 659 1237 1237 657 657 657 657 1237 1237 1238 1238 657 657 1238 1238 655 655 689 689 687 687 1239 1239 1239 1239 687 687 685 685 681 681 679 679 1238 1238 681 681 1238 1238 683 683 679 679 677 677 1238 1238 1238 1238 677 677 675 675 1238 1238 675 675 673 673 673 673 671 671 1238 1238 1238 1238 671 671 647 647 1238 1238 647 647 649 649 649 649 651 651 1238 1238 1238 1238 651 651 653 653 1238 1238 653 653 655 655 1240 1240 1241 1241 1242 1242 1242 1242 1241 1241 1243 1243 1242 1242 1243 1243 1244 1244 1244 1244 1243 1243 1245 1245 1244 1244 1245 1245 1246 1246 1226 1226 1225 1225 1247 1247 1225 1225 1248 1248 1247 1247 1247 1247 1248 1248 1249 1249 1247 1247 1249 1249 1222 1222 1222 1222 1249 1249 1250 1250 1222 1222 1250 1250 1223 1223 1226 1226 1228 1228 1224 1224 1224 1224 1228 1228 1240 1240 1224 1224 1240 1240 1225 1225 1225 1225 1240 1240 1242 1242 1225 1225 1242 1242 1248 1248 1248 1248 1242 1242 1244 1244 1248 1248 1244 1244 1249 1249 1249 1249 1244 1244 1246 1246 1249 1249 1246 1246 1250 1250 1250 1250 1246 1246 1251 1251 1250 1250 1251 1251 1223 1223 1252 1252 1253 1253 1254 1254 1255 1255 1256 1256 1257 1257 1257 1257 1256 1256 1258 1258 1257 1257 1258 1258 1259 1259 1260 1260 1261 1261 1262 1262 1262 1262 1261 1261 1263 1263 1262 1262 1263 1263 1264 1264 1264 1264 1263 1263 1265 1265 1264 1264 1265 1265 1266 1266 1266 1266 1265 1265 1267 1267 1266 1266 1267 1267 1233 1233 1233 1233 1267 1267 627 627 1233 1233 627 627 625 625 621 621 1232 1232 1268 1268 1268 1268 1232 1232 1269 1269 1268 1268 1269 1269 1270 1270 1270 1270 1269 1269 1271 1271 1270 1270 1271 1271 1272 1272 1272 1272 1271 1271 1255 1255 1272 1272 1255 1255 1273 1273 1273 1273 1255 1255 1257 1257 1273 1273 1257 1257 1274 1274 1274 1274 1257 1257 1259 1259 1274 1274 1259 1259 1275 1275 1231 1231 1276 1276 1277 1277 1277 1277 1276 1276 1278 1278 1277 1277 1278 1278 1279 1279 1278 1278 1280 1280 1279 1279 1279 1279 1280 1280 1281 1281 1279 1279 1281 1281 1282 1282 1282 1282 1281 1281 1283 1283 1282 1282 1283 1283 1216 1216 1216 1216 1283 1283 1284 1284 1216 1216 1284 1284 1217 1217 1220 1220 1214 1214 1285 1285 1285 1285 1214 1214 1213 1213 1285 1285 1213 1213 1254 1254 1254 1254 1213 1213 1223 1223 1254 1254 1223 1223 1252 1252 1252 1252 1223 1223 1251 1251 1217 1217 1212 1212 1215 1215 1215 1215 1212 1212 1214 1214 1215 1215 1214 1214 1216 1216 1216 1216 1214 1214 1220 1220 1216 1216 1220 1220 1282 1282 1282 1282 1220 1220 1219 1219 1282 1282 1219 1219 1279 1279 1279 1279 1219 1219 1221 1221 1279 1279 1221 1221 1277 1277 1286 1286 1287 1287 1288 1288 1288 1288 1287 1287 1289 1289 1288 1288 1289 1289 1211 1211 1211 1211 1289 1289 292 292 1211 1211 292 292 265 265 262 262 689 689 263 263 263 263 689 689 1239 1239 263 263 1239 1239 1211 1211 1211 1211 1239 1239 1290 1290 1211 1211 1290 1290 1288 1288 1288 1288 1290 1290 1291 1291 1288 1288 1291 1291 1286 1286 1292 1292 1293 1293 1294 1294 1294 1294 1293 1293 1295 1295 669 669 1234 1234 1230 1230 1230 1230 1234 1234 1296 1296 1230 1230 1296 1296 1297 1297 1297 1297 1296 1296 1298 1298 1297 1297 1298 1298 1235 1235 1235 1235 1298 1298 1295 1295 1235 1235 1295 1295 1236 1236 1236 1236 1295 1295 1293 1293 1236 1236 1293 1293 1237 1237 1237 1237 1293 1293 1292 1292 1237 1237 1292 1292 1238 1238 659 659 661 661 1235 1235 1235 1235 661 661 663 663 1235 1235 663 663 1297 1297 1297 1297 663 663 1229 1229 1297 1297 1229 1229 1230 1230 1230 1230 1229 1229 665 665 1230 1230 665 665 667 667 1275 1275 1260 1260 1274 1274 1274 1274 1260 1260 1262 1262 1274 1274 1262 1262 1273 1273 1273 1273 1262 1262 1264 1264 1273 1273 1264 1264 1272 1272 1272 1272 1264 1264 1266 1266 1272 1272 1266 1266 1270 1270 1270 1270 1266 1266 1233 1233 1270 1270 1233 1233 1268 1268 1268 1268 1233 1233 623 623 1268 1268 623 623 621 621 619 619 1231 1231 1232 1232 1232 1232 1231 1231 1277 1277 1232 1232 1277 1277 1269 1269 1269 1269 1277 1277 1221 1221 1269 1269 1221 1221 1271 1271 1271 1271 1221 1221 1218 1218 1271 1271 1218 1218 1255 1255 1255 1255 1218 1218 1220 1220 1255 1255 1220 1220 1256 1256 1256 1256 1220 1220 1285 1285 1256 1256 1285 1285 1258 1258 1258 1258 1285 1285 1254 1254 1258 1258 1254 1254 1259 1259 1259 1259 1254 1254 1253 1253 1259 1259 1253 1253 1275 1275 1275 1275 1253 1253 1294 1294 1275 1275 1294 1294 1260 1260 1260 1260 1294 1294 1295 1295 1260 1260 1295 1295 1261 1261 1261 1261 1295 1295 1298 1298 1261 1261 1298 1298 1263 1263 1263 1263 1298 1298 1296 1296 1263 1263 1296 1296 1265 1265 1265 1265 1296 1296 1234 1234 1265 1265 1234 1234 1267 1267 1267 1267 1234 1234 629 629 1267 1267 629 629 627 627 1299 1299 1300 1300 1301 1301 1301 1301 1300 1300 1302 1302 300 300 1303 1303 229 229 229 229 1303 1303 1302 1302 229 229 1302 1302 219 219 219 219 1302 1302 1300 1300 300 300 299 299 1303 1303 1303 1303 299 299 1304 1304 1303 1303 1304 1304 1302 1302 1302 1302 1304 1304 1305 1305 1302 1302 1305 1305 1301 1301 1306 1306 1299 1299 1307 1307 1307 1307 1299 1299 1301 1301 1307 1307 1301 1301 1308 1308 1308 1308 1301 1301 1305 1305 1308 1308 1305 1305 1309 1309 1309 1309 1305 1305 1304 1304 1309 1309 1304 1304 1310 1310 1310 1310 1304 1304 299 299 1310 1310 299 299 1311 1311 1311 1311 299 299 298 298 1311 1311 298 298 1286 1286 1286 1286 298 298 296 296 1286 1286 296 296 1287 1287 1287 1287 296 296 294 294 1287 1287 294 294 1289 1289 1289 1289 294 294 293 293 1289 1289 293 293 292 292 685 685 683 683 1239 1239 1239 1239 683 683 1238 1238 1239 1239 1238 1238 1290 1290 1290 1290 1238 1238 1292 1292 1290 1290 1292 1292 1291 1291 1291 1291 1292 1292 1294 1294 1291 1291 1294 1294 1286 1286 1286 1286 1294 1294 1253 1253 1286 1286 1253 1253 1311 1311 1311 1311 1253 1253 1252 1252 1311 1311 1252 1252 1310 1310 1310 1310 1252 1252 1251 1251 1310 1310 1251 1251 1309 1309 1309 1309 1251 1251 1246 1246 1309 1309 1246 1246 1308 1308 1308 1308 1246 1246 1245 1245 1308 1308 1245 1245 1307 1307 1307 1307 1245 1245 1243 1243 1307 1307 1243 1243 1306 1306 1306 1306 1243 1243 1241 1241 246 246 1312 1312 1175 1175 1175 1175 1312 1312 1313 1313 1175 1175 1313 1313 1176 1176 1176 1176 1313 1313 1314 1314 1176 1176 1314 1314 1177 1177 1177 1177 1314 1314 1315 1315 1177 1177 1315 1315 1178 1178 1178 1178 1315 1315 1316 1316 1178 1178 1316 1316 1179 1179 1179 1179 1316 1316 1317 1317 1179 1179 1317 1317 1180 1180 1180 1180 1317 1317 1143 1143 1318 1318 1319 1319 1320 1320 1155 1155 1154 1154 1321 1321 1321 1321 1154 1154 1152 1152 1321 1321 1152 1152 1322 1322 1322 1322 1152 1152 1150 1150 1322 1322 1150 1150 1323 1323 1323 1323 1150 1150 1158 1158 1323 1323 1158 1158 1324 1324 1324 1324 1158 1158 1157 1157 1324 1324 1157 1157 1325 1325 1325 1325 1157 1157 1161 1161 1325 1325 1161 1161 1326 1326 1326 1326 1161 1161 1160 1160 1326 1326 1160 1160 1327 1327 1327 1327 1160 1160 1164 1164 1327 1327 1164 1164 1328 1328 1328 1328 1164 1164 1163 1163 1328 1328 1163 1163 1329 1329 1329 1329 1163 1163 1168 1168 1329 1329 1168 1168 1330 1330 1330 1330 1168 1168 1166 1166 1330 1330 1166 1166 1331 1331 1331 1331 1166 1166 1165 1165 1331 1331 1165 1165 1332 1332 1332 1332 1165 1165 1170 1170 1332 1332 1170 1170 1333 1333 1170 1170 1172 1172 1333 1333 1333 1333 1172 1172 1174 1174 1333 1333 1174 1174 1334 1334 1334 1334 1174 1174 1196 1196 1334 1334 1196 1196 1335 1335 1335 1335 1196 1196 1144 1144 1335 1335 1144 1144 1336 1336 1336 1336 1144 1144 1143 1143 1143 1143 1337 1337 1336 1336 1336 1336 1337 1337 1338 1338 1336 1336 1338 1338 1335 1335 1335 1335 1338 1338 1339 1339 1335 1335 1339 1339 1334 1334 1334 1334 1339 1339 1340 1340 1334 1334 1340 1340 1333 1333 1333 1333 1340 1340 1341 1341 1333 1333 1341 1341 1332 1332 1332 1332 1341 1341 1342 1342 1332 1332 1342 1342 1331 1331 1331 1331 1342 1342 1343 1343 1331 1331 1343 1343 1330 1330 1330 1330 1343 1343 1344 1344 1330 1330 1344 1344 1329 1329 1329 1329 1344 1344 1345 1345 1329 1329 1345 1345 1328 1328 1328 1328 1345 1345 1346 1346 1328 1328 1346 1346 1327 1327 1327 1327 1346 1346 1347 1347 1327 1327 1347 1347 1326 1326 1326 1326 1347 1347 1348 1348 1326 1326 1348 1348 1325 1325 1325 1325 1348 1348 1349 1349 1325 1325 1349 1349 1324 1324 1324 1324 1349 1349 1350 1350 1324 1324 1350 1350 1323 1323 1323 1323 1350 1350 1351 1351 1323 1323 1351 1351 1322 1322 1322 1322 1351 1351 1318 1318 1322 1322 1318 1318 1321 1321 1321 1321 1318 1318 1320 1320 1321 1321 1320 1320 1155 1155 1352 1352 1353 1353 1354 1354 1352 1352 1354 1354 1319 1319 1319 1319 1354 1354 1320 1320 1320 1320 1354 1354 1145 1145 1320 1320 1145 1145 1155 1155 1133 1133 1134 1134 1148 1148 1355 1355 1356 1356 1357 1357 1357 1357 1356 1356 1358 1358 1357 1357 1358 1358 1133 1133 1359 1359 1360 1360 1355 1355 1133 1133 1148 1148 1357 1357 1357 1357 1148 1148 1147 1147 1357 1357 1147 1147 1361 1361 1361 1361 1147 1147 1146 1146 1361 1361 1146 1146 1362 1362 1362 1362 1146 1146 1145 1145 1362 1362 1145 1145 1354 1354 1355 1355 1357 1357 1359 1359 1359 1359 1357 1357 1361 1361 1359 1359 1361 1361 1363 1363 1363 1363 1361 1361 1362 1362 1363 1363 1362 1362 1364 1364 1364 1364 1362 1362 1354 1354 1364 1364 1354 1354 1353 1353 1130 1130 1129 1129 1365 1365 1116 1116 1115 1115 1130 1130 1355 1355 1366 1366 1356 1356 1356 1356 1366 1366 1365 1365 1356 1356 1365 1365 1358 1358 1358 1358 1365 1365 1129 1129 1358 1358 1129 1129 1133 1133 1367 1367 1368 1368 1369 1369 1370 1370 1371 1371 1372 1372 1372 1372 1373 1373 1370 1370 1370 1370 1373 1373 1374 1374 1370 1370 1374 1374 1375 1375 1366 1366 1376 1376 1365 1365 1365 1365 1376 1376 1377 1377 1365 1365 1377 1377 1378 1378 1378 1378 1377 1377 1379 1379 1378 1378 1379 1379 1380 1380 1380 1380 1379 1379 1370 1370 1380 1380 1370 1370 1367 1367 1367 1367 1370 1370 1375 1375 1367 1367 1375 1375 1368 1368 1130 1130 1365 1365 1116 1116 1116 1116 1365 1365 1378 1378 1116 1116 1378 1378 1121 1121 1121 1121 1378 1378 1380 1380 1121 1121 1380 1380 1122 1122 1122 1122 1380 1380 1367 1367 1122 1122 1367 1367 1113 1113 1113 1113 1367 1367 1369 1369 1113 1113 1369 1369 1104 1104 1102 1102 1096 1096 1106 1106 934 934 935 935 1381 1381 1381 1381 935 935 1101 1101 1102 1102 1106 1106 1101 1101 1369 1369 1368 1368 1382 1382 1382 1382 1368 1368 1375 1375 1374 1374 1373 1373 1383 1383 1383 1383 1373 1373 1372 1372 1383 1383 1372 1372 1371 1371 1101 1101 1106 1106 1381 1381 1381 1381 1106 1106 1108 1108 1381 1381 1108 1108 1384 1384 1384 1384 1108 1108 1110 1110 1384 1384 1110 1110 1385 1385 1385 1385 1110 1110 1105 1105 1385 1385 1105 1105 1382 1382 1382 1382 1105 1105 1104 1104 1382 1382 1104 1104 1369 1369 932 932 934 934 1386 1386 1386 1386 934 934 1381 1381 1386 1386 1381 1381 1387 1387 1387 1387 1381 1381 1384 1384 1387 1387 1384 1384 1388 1388 1388 1388 1384 1384 1385 1385 1388 1388 1385 1385 1389 1389 1389 1389 1385 1385 1382 1382 1389 1389 1382 1382 1383 1383 1383 1383 1382 1382 1375 1375 1383 1383 1375 1375 1374 1374 1390 1390 1391 1391 1392 1392 1392 1392 1391 1391 1393 1393 1386 1386 1394 1394 932 932 1395 1395 1396 1396 1397 1397 1397 1397 1396 1396 1398 1398 1397 1397 1398 1398 1399 1399 932 932 1394 1394 930 930 930 930 1394 1394 1400 1400 1400 1400 1394 1394 1401 1401 1400 1400 1401 1401 1402 1402 1401 1401 1403 1403 1402 1402 1402 1402 1403 1403 1404 1404 1402 1402 1404 1404 1405 1405 1405 1405 1404 1404 1406 1406 1405 1405 1406 1406 1407 1407 1407 1407 1406 1406 1408 1408 1407 1407 1408 1408 1409 1409 1408 1408 1393 1393 1409 1409 1409 1409 1393 1393 1391 1391 1409 1409 1391 1391 1410 1410 1410 1410 1391 1391 1390 1390 1410 1410 1390 1390 1411 1411 1411 1411 1390 1390 1412 1412 1411 1411 1412 1412 1413 1413 1414 1414 1415 1415 1416 1416 1416 1416 1415 1415 1417 1417 1416 1416 1417 1417 1418 1418 1418 1418 1417 1417 1419 1419 1420 1420 1395 1395 1421 1421 1421 1421 1395 1395 1397 1397 1421 1421 1397 1397 1422 1422 1422 1422 1397 1397 1399 1399 1422 1422 1399 1399 1423 1423 1423 1423 1399 1399 1424 1424 1423 1423 1424 1424 1419 1419 1419 1419 1424 1424 1425 1425 1419 1419 1425 1425 1418 1418 1418 1418 1425 1425 1426 1426 1418 1418 1426 1426 1416 1416 1416 1416 1426 1426 1413 1413 1416 1416 1413 1413 1414 1414 1414 1414 1413 1413 1412 1412 1427 1427 1428 1428 209 209 1429 1429 1430 1430 1431 1431 1432 1432 1433 1433 1434 1434 1434 1434 1433 1433 1435 1435 908 908 906 906 1436 1436 901 901 900 900 1437 1437 1438 1438 1439 1439 1440 1440 1441 1441 1442 1442 896 896 896 896 895 895 1441 1441 1441 1441 895 895 894 894 1441 1441 894 894 1443 1443 1443 1443 894 894 893 893 1443 1443 893 893 892 892 1437 1437 900 900 1444 1444 900 900 899 899 1444 1444 1444 1444 899 899 898 898 1444 1444 898 898 1442 1442 1442 1442 898 898 897 897 1442 1442 897 897 896 896 903 903 902 902 1445 1445 905 905 904 904 1446 1446 1446 1446 904 904 1447 1447 908 908 1436 1436 910 910 927 927 929 929 1448 1448 1448 1448 929 929 912 912 168 168 919 919 171 171 171 171 919 919 921 921 925 925 1449 1449 923 923 923 923 1449 1449 1450 1450 923 923 1450 1450 921 921 1451 1451 1452 1452 1453 1453 1453 1453 1452 1452 1454 1454 1455 1455 1456 1456 1457 1457 1451 1451 1458 1458 1452 1452 1452 1452 1458 1458 1459 1459 1452 1452 1459 1459 1457 1457 1457 1457 1459 1459 1460 1460 1457 1457 1460 1460 1455 1455 1456 1456 1461 1461 1457 1457 1457 1457 1461 1461 1462 1462 1457 1457 1462 1462 1463 1463 1463 1463 1464 1464 1465 1465 1465 1465 1464 1464 1466 1466 1465 1465 1466 1466 1467 1467 1467 1467 1468 1468 1465 1465 1465 1465 1468 1468 1469 1469 1465 1465 1469 1469 1470 1470 1470 1470 1471 1471 1465 1465 1465 1465 1471 1471 1472 1472 1465 1465 1472 1472 1473 1473 1473 1473 1472 1472 1474 1474 1473 1473 1474 1474 1475 1475 1475 1475 1476 1476 1473 1473 1473 1473 1476 1476 1477 1477 1473 1473 1477 1477 1478 1478 1479 1479 1480 1480 1481 1481 1481 1481 1480 1480 1482 1482 902 902 901 901 1445 1445 1445 1445 901 901 1437 1437 1445 1445 1437 1437 1483 1483 1483 1483 1437 1437 1484 1484 1484 1484 1437 1437 1444 1444 1484 1484 1444 1444 1485 1485 1485 1485 1444 1444 1442 1442 1485 1485 1442 1442 1486 1486 1486 1486 1442 1442 1441 1441 1486 1486 1441 1441 1487 1487 1487 1487 1441 1441 1443 1443 1487 1487 1443 1443 1488 1488 1454 1454 1452 1452 1482 1482 1482 1482 1452 1452 1434 1434 1482 1482 1434 1434 1481 1481 1481 1481 1434 1434 1435 1435 1481 1481 1435 1435 1489 1489 1490 1490 1491 1491 1492 1492 1492 1492 1491 1491 1431 1431 1492 1492 1431 1431 1493 1493 1493 1493 1431 1431 1430 1430 1493 1493 1430 1430 1494 1494 1495 1495 1440 1440 1496 1496 1496 1496 1440 1440 1497 1497 1496 1496 1497 1497 1498 1498 1498 1498 1497 1497 1499 1499 1498 1498 1499 1499 1500 1500 1500 1500 1499 1499 1501 1501 1500 1500 1501 1501 1490 1490 1490 1490 1501 1501 1502 1502 1490 1490 1502 1502 1491 1491 1440 1440 1503 1503 1497 1497 1497 1497 1503 1503 1504 1504 1497 1497 1504 1504 1499 1499 1499 1499 1504 1504 1505 1505 1499 1499 1505 1505 1501 1501 1501 1501 1505 1505 1506 1506 1501 1501 1506 1506 1502 1502 1502 1502 1506 1506 1507 1507 1502 1502 1507 1507 1491 1491 1491 1491 1507 1507 1508 1508 1491 1491 1508 1508 1431 1431 1431 1431 1508 1508 1509 1509 1431 1431 1509 1509 1429 1429 1429 1429 1509 1509 1510 1510 1511 1511 139 139 1512 1512 1512 1512 139 139 141 141 1512 1512 141 141 1513 1513 1513 1513 141 141 212 212 1514 1514 1515 1515 1516 1516 1516 1516 1515 1515 1517 1517 1516 1516 1517 1517 1518 1518 1515 1515 1511 1511 1517 1517 1517 1517 1511 1511 1512 1512 1517 1517 1512 1512 1519 1519 1519 1519 1512 1512 1513 1513 1519 1519 1513 1513 1520 1520 1520 1520 1513 1513 212 212 1520 1520 212 212 211 211 209 209 208 208 1427 1427 1427 1427 208 208 176 176 1427 1427 176 176 1521 1521 1521 1521 176 176 175 175 1521 1521 175 175 174 174 1518 1518 1517 1517 1522 1522 1522 1522 1517 1517 1519 1519 1522 1522 1519 1519 1523 1523 1523 1523 1519 1519 1520 1520 1523 1523 1520 1520 1524 1524 1524 1524 1520 1520 211 211 1524 1524 211 211 1428 1428 1428 1428 211 211 210 210 1428 1428 210 210 209 209 925 925 927 927 1449 1449 1449 1449 927 927 1448 1448 1449 1449 1448 1448 1450 1450 1450 1450 1448 1448 1525 1525 1450 1450 1525 1525 1526 1526 1526 1526 1525 1525 1527 1527 912 912 910 910 1448 1448 1448 1448 910 910 1436 1436 1448 1448 1436 1436 1525 1525 1525 1525 1436 1436 1528 1528 1525 1525 1528 1528 1527 1527 904 904 903 903 1447 1447 1447 1447 903 903 1445 1445 1447 1447 1445 1445 1446 1446 1446 1446 1445 1445 1483 1483 1446 1446 1483 1483 1529 1529 1529 1529 1483 1483 1484 1484 1529 1529 1484 1484 1530 1530 1530 1530 1484 1484 1485 1485 1530 1530 1485 1485 1531 1531 1531 1531 1485 1485 1486 1486 1531 1531 1486 1486 1532 1532 1532 1532 1486 1486 1487 1487 1532 1532 1487 1487 1533 1533 1533 1533 1487 1487 1488 1488 1533 1533 1488 1488 1432 1432 1432 1432 1434 1434 1533 1533 1533 1533 1434 1434 1452 1452 1533 1533 1452 1452 1532 1532 1532 1532 1452 1452 1457 1457 1532 1532 1457 1457 1531 1531 1531 1531 1457 1457 1534 1534 1531 1531 1534 1534 1530 1530 1530 1530 1534 1534 1535 1535 1530 1530 1535 1535 1529 1529 1529 1529 1535 1535 1536 1536 1529 1529 1536 1536 1446 1446 1463 1463 1465 1465 1457 1457 1457 1457 1465 1465 1537 1537 1457 1457 1537 1537 1534 1534 1534 1534 1537 1537 1538 1538 1534 1534 1538 1538 1535 1535 1535 1535 1538 1538 1539 1539 1535 1535 1539 1539 1536 1536 1536 1536 1539 1539 1540 1540 1536 1536 1540 1540 1446 1446 1446 1446 1540 1540 1541 1541 1446 1446 1541 1541 905 905 1542 1542 1543 1543 1544 1544 1544 1544 1543 1543 1545 1545 1544 1544 1545 1545 1546 1546 1546 1546 1545 1545 1547 1547 1546 1546 1547 1547 1548 1548 1548 1548 1547 1547 1549 1549 1548 1548 1549 1549 1550 1550 906 906 905 905 1436 1436 1436 1436 905 905 1541 1541 1436 1436 1541 1541 1528 1528 1528 1528 1541 1541 1540 1540 1528 1528 1540 1540 1527 1527 1527 1527 1540 1540 1539 1539 1527 1527 1539 1539 1551 1551 1551 1551 1539 1539 1538 1538 1551 1551 1538 1538 1510 1510 1510 1510 1538 1538 1537 1537 1510 1510 1537 1537 1429 1429 1429 1429 1537 1537 1465 1465 1429 1429 1465 1465 1430 1430 1430 1430 1465 1465 1473 1473 1430 1430 1473 1473 1494 1494 1438 1438 1440 1440 1552 1552 1552 1552 1440 1440 1495 1495 1552 1552 1495 1495 1553 1553 1553 1553 1495 1495 1496 1496 1553 1553 1496 1496 1554 1554 1554 1554 1496 1496 1498 1498 1554 1554 1498 1498 1555 1555 1555 1555 1498 1498 1500 1500 1555 1555 1500 1500 1556 1556 1556 1556 1500 1500 1490 1490 1556 1556 1490 1490 1557 1557 1557 1557 1490 1490 1492 1492 1557 1557 1492 1492 1558 1558 1558 1558 1492 1492 1493 1493 1558 1558 1493 1493 1559 1559 1559 1559 1493 1493 1494 1494 1559 1559 1494 1494 1489 1489 1489 1489 1494 1494 1473 1473 1489 1489 1473 1473 1481 1481 1481 1481 1473 1473 1478 1478 1481 1481 1478 1478 1479 1479 1560 1560 1514 1514 1561 1561 1561 1561 1514 1514 1516 1516 1561 1561 1516 1516 1562 1562 1562 1562 1516 1516 1518 1518 1562 1562 1518 1518 1550 1550 1550 1550 1518 1518 1522 1522 1550 1550 1522 1522 1548 1548 1548 1548 1522 1522 1523 1523 1548 1548 1523 1523 1546 1546 1546 1546 1523 1523 1524 1524 1546 1546 1524 1524 1544 1544 1544 1544 1524 1524 1428 1428 1544 1544 1428 1428 1542 1542 1542 1542 1428 1428 1427 1427 1503 1503 1560 1560 1504 1504 1504 1504 1560 1560 1561 1561 1504 1504 1561 1561 1505 1505 1505 1505 1561 1561 1562 1562 1505 1505 1562 1562 1506 1506 1506 1506 1562 1562 1550 1550 1506 1506 1550 1550 1507 1507 1507 1507 1550 1550 1549 1549 1507 1507 1549 1549 1508 1508 1508 1508 1549 1549 1547 1547 1508 1508 1547 1547 1509 1509 1509 1509 1547 1547 1545 1545 1509 1509 1545 1545 1510 1510 1510 1510 1545 1545 1543 1543 1510 1510 1543 1543 1551 1551 1551 1551 1543 1543 1542 1542 1551 1551 1542 1542 1527 1527 1527 1527 1542 1542 1427 1427 1527 1527 1427 1427 1526 1526 1526 1526 1427 1427 1521 1521 1526 1526 1521 1521 1450 1450 1450 1450 1521 1521 174 174 1450 1450 174 174 921 921 921 921 174 174 173 173 921 921 173 173 171 171 1563 1563 1564 1564 1565 1565 1565 1565 1399 1399 1398 1398 1398 1398 1396 1396 1565 1565 1565 1565 1396 1396 1566 1566 1565 1565 1566 1566 1563 1563 1567 1567 940 940 1400 1400 1400 1400 940 940 931 931 1400 1400 931 931 930 930 1402 1402 1568 1568 1400 1400 1400 1400 1568 1568 1569 1569 1400 1400 1569 1569 1567 1567 1405 1405 1570 1570 1402 1402 1402 1402 1570 1570 1571 1571 1402 1402 1571 1571 1568 1568 1410 1410 1572 1572 1409 1409 1409 1409 1572 1572 1573 1573 1409 1409 1573 1573 1407 1407 1407 1407 1573 1573 1574 1574 1407 1407 1574 1574 1405 1405 1405 1405 1574 1574 1575 1575 1405 1405 1575 1575 1570 1570 1413 1413 1426 1426 1576 1576 1576 1576 1577 1577 1413 1413 1413 1413 1577 1577 1578 1578 1413 1413 1578 1578 1411 1411 1411 1411 1578 1578 1579 1579 1411 1411 1579 1579 1410 1410 1410 1410 1579 1579 1580 1580 1410 1410 1580 1580 1572 1572 1424 1424 1581 1581 1425 1425 1425 1425 1581 1581 1582 1582 1425 1425 1582 1582 1426 1426 1426 1426 1582 1582 1583 1583 1426 1426 1583 1583 1576 1576 1565 1565 1584 1584 1399 1399 1399 1399 1584 1584 1585 1585 1399 1399 1585 1585 1424 1424 1424 1424 1585 1585 1586 1586 1424 1424 1586 1586 1581 1581 1584 1584 1586 1586 1585 1585 1586 1586 1582 1582 1581 1581 1582 1582 1576 1576 1583 1583 1580 1580 1573 1573 1572 1572 1573 1573 1575 1575 1574 1574 1575 1575 1571 1571 1570 1570 1571 1571 1569 1569 1568 1568 1587 1587 1438 1438 1552 1552 1564 1564 1587 1587 1565 1565 1565 1565 1587 1587 1584 1584 948 948 949 949 940 940 940 940 1567 1567 1569 1569 1588 1588 1589 1589 1590 1590 1590 1590 1589 1589 1591 1591 1590 1590 1592 1592 1588 1588 1588 1588 1592 1592 892 892 1588 1588 892 892 1589 1589 1589 1589 892 892 942 942 1589 1589 942 942 1591 1591 1591 1591 942 942 948 948 1591 1591 948 948 1590 1590 1590 1590 948 948 940 940 1590 1590 940 940 1593 1593 1593 1593 940 940 1569 1569 1573 1573 1432 1432 1575 1575 1575 1575 1432 1432 1488 1488 1575 1575 1488 1488 1571 1571 1571 1571 1488 1488 1443 1443 1571 1571 1443 1443 1569 1569 1569 1569 1443 1443 1594 1594 1569 1569 1594 1594 1593 1593 1593 1593 1594 1594 1443 1443 1593 1593 1443 1443 1590 1590 1590 1590 1443 1443 1595 1595 1590 1590 1595 1595 1592 1592 1592 1592 1595 1595 1443 1443 1592 1592 1443 1443 892 892 1558 1558 1559 1559 1579 1579 1579 1579 1559 1559 1489 1489 1579 1579 1489 1489 1580 1580 1580 1580 1489 1489 1435 1435 1580 1580 1435 1435 1573 1573 1573 1573 1435 1435 1433 1433 1573 1573 1433 1433 1432 1432 1579 1579 1578 1578 1558 1558 1558 1558 1578 1578 1577 1577 1558 1558 1577 1577 1557 1557 1557 1557 1577 1577 1576 1576 1557 1557 1576 1576 1556 1556 1556 1556 1576 1576 1582 1582 1556 1556 1582 1582 1555 1555 1555 1555 1582 1582 1586 1586 1587 1587 1552 1552 1584 1584 1584 1584 1552 1552 1553 1553 1584 1584 1553 1553 1586 1586 1586 1586 1553 1553 1554 1554 1586 1586 1554 1554 1555 1555 1596 1596 996 996 987 987 1439 1439 1597 1597 1440 1440 1440 1440 1597 1597 1598 1598 1440 1440 1598 1598 1599 1599 147 147 139 139 1043 1043 1043 1043 139 139 1511 1511 1043 1043 1511 1511 1046 1046 1046 1046 1511 1511 1515 1515 1046 1046 1515 1515 1047 1047 1047 1047 1515 1515 1514 1514 1047 1047 1514 1514 992 992 992 992 1514 1514 1560 1560 992 992 1560 1560 986 986 986 986 1560 1560 1503 1503 986 986 1503 1503 987 987 987 987 1503 1503 1440 1440 987 987 1440 1440 1596 1596 1596 1596 1440 1440 1599 1599 1600 1600 1052 1052 536 536 971 971 996 996 1601 1601 1601 1601 996 996 1602 1602 1603 1603 968 968 1604 1604 1604 1604 968 968 971 971 1604 1604 971 971 1605 1605 1605 1605 971 971 1601 1601 1603 1603 1606 1606 968 968 968 968 1606 1606 1607 1607 968 968 1607 1607 1024 1024 1024 1024 1607 1607 1608 1608 1024 1024 1608 1608 1023 1023 1023 1023 1608 1608 1609 1609 1023 1023 1609 1609 1022 1022 1022 1022 1609 1609 1610 1610 1022 1022 1610 1610 1021 1021 1021 1021 1610 1610 1611 1611 1021 1021 1611 1611 1020 1020 1020 1020 1611 1611 1612 1612 1020 1020 1612 1612 1019 1019 1019 1019 1612 1612 1613 1613 1019 1019 1613 1613 956 956 956 956 1613 1613 1614 1614 956 956 1614 1614 957 957 957 957 1614 1614 1615 1615 536 536 985 985 1600 1600 1600 1600 985 985 954 954 1600 1600 954 954 1615 1615 1615 1615 954 954 953 953 1615 1615 953 953 957 957 1616 1616 1617 1617 1069 1069 1618 1618 1619 1619 1620 1620 1620 1620 1619 1619 1617 1617 1620 1620 1617 1617 1621 1621 1622 1622 1623 1623 1618 1618 1618 1618 1623 1623 1624 1624 1618 1618 1624 1624 1619 1619 1619 1619 1624 1624 1625 1625 1619 1619 1625 1625 1617 1617 1069 1069 1068 1068 1616 1616 1616 1616 1068 1068 1067 1067 1616 1616 1067 1067 1626 1626 1626 1626 1067 1067 1066 1066 1626 1626 1066 1066 1627 1627 1627 1627 1066 1066 1054 1054 1627 1627 1054 1054 1053 1053 1617 1617 1616 1616 1621 1621 1621 1621 1616 1616 1626 1626 1621 1621 1626 1626 1628 1628 1628 1628 1626 1626 1627 1627 1628 1628 1627 1627 1629 1629 1629 1629 1627 1627 1053 1053 1629 1629 1053 1053 1052 1052 1630 1630 1631 1631 1632 1632 1631 1631 1630 1630 1633 1633 1634 1634 1099 1099 1098 1098 1099 1099 1634 1634 1100 1100 1618 1618 1635 1635 1622 1622 1622 1622 1635 1635 1636 1636 1622 1622 1636 1636 1623 1623 1637 1637 1617 1617 1625 1625 1623 1623 1636 1636 1624 1624 1624 1624 1636 1636 1638 1638 1624 1624 1638 1638 1625 1625 1639 1639 1640 1640 1641 1641 1625 1625 1638 1638 1637 1637 1637 1637 1638 1638 1639 1639 1637 1637 1639 1639 1632 1632 1632 1632 1639 1639 1641 1641 1632 1632 1641 1641 1630 1630 1617 1617 1637 1637 1069 1069 1069 1069 1637 1637 1632 1632 1069 1069 1632 1632 1097 1097 1097 1097 1632 1632 1631 1631 1097 1097 1631 1631 1098 1098 1098 1098 1631 1631 1633 1633 1098 1098 1633 1633 1634 1634 1630 1630 1641 1641 1642 1642 1107 1107 1095 1095 1100 1100 1643 1643 1644 1644 1645 1645 1634 1634 1633 1633 1646 1646 1646 1646 1633 1633 1630 1630 1630 1630 1642 1642 1646 1646 1646 1646 1642 1642 1647 1647 1646 1646 1647 1647 1648 1648 1648 1648 1647 1647 1649 1649 1648 1648 1649 1649 1650 1650 1650 1650 1649 1649 1643 1643 1650 1650 1643 1643 1651 1651 1651 1651 1643 1643 1645 1645 1651 1651 1645 1645 1103 1103 1103 1103 1112 1112 1651 1651 1651 1651 1112 1112 1111 1111 1651 1651 1111 1111 1650 1650 1650 1650 1111 1111 1109 1109 1650 1650 1109 1109 1648 1648 1648 1648 1109 1109 1107 1107 1648 1648 1107 1107 1646 1646 1646 1646 1107 1107 1100 1100 1646 1646 1100 1100 1634 1634 1652 1652 1645 1645 1644 1644 1123 1123 1103 1103 1645 1645 1653 1653 1654 1654 1132 1132 1655 1655 1656 1656 1657 1657 1644 1644 1658 1658 1652 1652 1652 1652 1658 1658 1659 1659 1652 1652 1659 1659 1660 1660 1660 1660 1659 1659 1655 1655 1660 1660 1655 1655 1653 1653 1653 1653 1655 1655 1657 1657 1653 1653 1657 1657 1654 1654 1645 1645 1652 1652 1123 1123 1123 1123 1652 1652 1660 1660 1123 1123 1660 1660 1120 1120 1120 1120 1660 1660 1653 1653 1120 1120 1653 1653 1119 1119 1119 1119 1653 1653 1132 1132 1119 1119 1132 1132 1118 1118 1210 1210 1207 1207 1661 1661 1661 1661 1207 1207 1662 1662 1661 1661 1662 1662 1657 1657 1657 1657 1662 1662 1654 1654 1207 1207 1184 1184 1127 1127 1132 1132 1654 1654 1126 1126 1126 1126 1654 1654 1662 1662 1126 1126 1662 1662 1124 1124 1124 1124 1662 1662 1207 1207 1124 1124 1207 1207 1125 1125 1125 1125 1207 1207 1127 1127 616 616 1204 1204 1663 1663 1204 1204 1208 1208 1663 1663 1663 1663 1208 1208 1209 1209 1663 1663 1209 1209 1210 1210 616 616 1663 1663 1231 1231 1231 1231 1663 1663 1664 1664 1231 1231 1664 1664 1276 1276 1276 1276 1664 1664 1278 1278 1278 1278 1664 1664 1665 1665 1278 1278 1665 1665 1280 1280 1280 1280 1665 1665 1281 1281 1281 1281 1665 1665 1666 1666 1281 1281 1666 1666 1283 1283 1283 1283 1666 1666 1284 1284 1284 1284 1666 1666 1667 1667 1284 1284 1667 1667 1217 1217 1222 1222 1213 1213 1668 1668 1668 1668 1213 1213 1212 1212 1668 1668 1212 1212 1669 1669 1669 1669 1212 1212 1217 1217 1669 1669 1217 1217 1670 1670 1670 1670 1217 1217 1667 1667 1668 1668 1671 1671 1222 1222 1222 1222 1671 1671 1672 1672 1222 1222 1672 1672 1247 1247 1247 1247 1672 1672 1673 1673 1247 1247 1673 1673 1226 1226 1226 1226 1673 1673 1674 1674 1226 1226 1674 1674 1227 1227 1675 1675 1676 1676 1677 1677 1676 1676 1678 1678 1677 1677 1677 1677 1678 1678 1679 1679 1677 1677 1679 1679 1680 1680 220 220 219 219 1681 1681 1681 1681 219 219 1300 1300 1681 1681 1300 1300 1682 1682 1682 1682 1300 1300 1299 1299 1682 1682 1299 1299 1683 1683 1683 1683 1299 1299 1306 1306 1683 1683 1306 1306 1684 1684 1684 1684 1306 1306 1241 1241 1684 1684 1241 1241 1685 1685 1685 1685 1241 1241 1240 1240 1685 1685 1240 1240 1677 1677 1677 1677 1240 1240 1228 1228 1677 1677 1228 1228 1675 1675 1675 1675 1228 1228 1227 1227 1686 1686 1687 1687 1688 1688 1689 1689 239 239 238 238 1690 1690 1682 1682 1683 1683 1691 1691 233 233 235 235 1692 1692 1693 1693 1694 1694 1695 1695 1696 1696 1697 1697 1698 1698 1699 1699 1700 1700 1701 1701 1702 1702 1703 1703 1704 1704 1705 1705 1706 1706 1707 1707 1708 1708 1709 1709 1695 1695 1710 1710 1711 1711 1711 1711 1710 1710 1677 1677 1711 1711 1677 1677 1680 1680 1317 1317 1316 1316 1712 1712 1712 1712 1316 1316 1315 1315 1712 1712 1315 1315 1689 1689 1689 1689 1315 1315 1314 1314 1689 1689 1314 1314 239 239 239 239 1314 1314 1313 1313 239 239 1313 1313 225 225 225 225 1313 1313 1312 1312 225 225 1312 1312 246 246 1686 1686 1337 1337 1143 1143 1713 1713 1340 1340 1339 1339 1342 1342 1714 1714 1343 1343 1343 1343 1714 1714 1715 1715 1343 1343 1715 1715 1344 1344 1344 1344 1715 1715 1716 1716 1717 1717 1346 1346 1716 1716 1716 1716 1346 1346 1345 1345 1716 1716 1345 1345 1344 1344 1718 1718 1348 1348 1717 1717 1717 1717 1348 1348 1347 1347 1717 1717 1347 1347 1346 1346 1318 1318 1351 1351 1719 1719 1719 1719 1351 1351 1350 1350 1719 1719 1350 1350 1718 1718 1718 1718 1350 1350 1349 1349 1718 1718 1349 1349 1348 1348 1720 1720 1721 1721 1722 1722 1722 1722 1721 1721 1723 1723 1722 1722 1723 1723 1724 1724 1725 1725 1726 1726 1704 1704 1725 1725 1704 1704 1724 1724 1726 1726 1727 1727 1704 1704 1704 1704 1727 1727 1728 1728 1704 1704 1728 1728 1729 1729 1729 1729 1730 1730 1704 1704 1704 1704 1730 1730 1731 1731 1704 1704 1731 1731 1732 1732 1732 1732 1733 1733 1704 1704 1704 1704 1733 1733 1734 1734 1704 1704 1734 1734 1708 1708 1708 1708 1734 1734 1735 1735 1735 1735 1736 1736 1708 1708 1708 1708 1736 1736 1737 1737 1708 1708 1737 1737 1709 1709 1709 1709 1737 1737 1738 1738 1709 1709 1738 1738 1739 1739 1739 1739 1740 1740 1709 1709 1709 1709 1740 1740 1741 1741 1709 1709 1741 1741 1742 1742 1743 1743 1744 1744 1745 1745 1744 1744 1746 1746 1745 1745 1745 1745 1746 1746 1747 1747 1745 1745 1747 1747 1722 1722 1722 1722 1747 1747 1748 1748 1722 1722 1748 1748 1720 1720 1749 1749 1750 1750 1751 1751 1751 1751 1750 1750 1752 1752 1751 1751 1752 1752 1753 1753 1319 1319 1318 1318 1754 1754 1754 1754 1318 1318 1719 1719 1754 1754 1719 1719 1755 1755 1756 1756 1757 1757 1745 1745 1745 1745 1757 1757 1758 1758 1745 1745 1758 1758 1743 1743 1743 1743 1758 1758 1709 1709 1743 1743 1709 1709 1759 1759 1759 1759 1709 1709 1742 1742 1707 1707 1709 1709 1760 1760 1760 1760 1709 1709 1758 1758 1760 1760 1758 1758 1761 1761 1761 1761 1758 1758 1757 1757 1761 1761 1757 1757 1762 1762 1707 1707 1749 1749 1708 1708 1708 1708 1749 1749 1751 1751 1708 1708 1751 1751 1704 1704 1704 1704 1751 1751 1753 1753 1704 1704 1753 1753 1705 1705 1763 1763 1764 1764 1765 1765 1765 1765 1764 1764 1706 1706 1765 1765 1706 1706 1766 1766 1766 1766 1706 1706 1705 1705 1766 1766 1705 1705 1767 1767 1767 1767 1705 1705 1753 1753 1767 1767 1753 1753 1768 1768 1768 1768 1753 1753 1752 1752 1768 1768 1752 1752 1769 1769 1724 1724 1704 1704 1722 1722 1722 1722 1704 1704 1706 1706 1722 1722 1706 1706 1745 1745 1745 1745 1706 1706 1764 1764 1745 1745 1764 1764 1756 1756 1770 1770 1698 1698 1771 1771 1770 1770 1771 1771 1772 1772 1772 1772 1771 1771 1773 1773 1772 1772 1773 1773 1774 1774 1774 1774 1773 1773 1775 1775 1774 1774 1775 1775 1776 1776 1776 1776 1775 1775 1777 1777 1776 1776 1777 1777 1778 1778 1698 1698 1700 1700 1771 1771 1771 1771 1700 1700 1779 1779 1771 1771 1779 1779 1773 1773 1773 1773 1779 1779 1697 1697 1773 1773 1697 1697 1775 1775 1775 1775 1697 1697 1696 1696 1775 1775 1696 1696 1777 1777 1692 1692 1694 1694 1780 1780 1695 1695 1697 1697 1710 1710 1710 1710 1697 1697 1779 1779 1710 1710 1779 1779 1677 1677 1677 1677 1779 1779 1700 1700 1677 1677 1700 1700 1685 1685 1685 1685 1700 1700 1699 1699 1685 1685 1699 1699 1684 1684 1683 1683 1781 1781 1690 1690 1690 1690 1781 1781 1782 1782 1690 1690 1782 1782 1783 1783 1783 1783 1782 1782 1784 1784 1783 1783 1784 1784 1785 1785 1785 1785 1784 1784 1786 1786 1785 1785 1786 1786 1702 1702 1702 1702 1786 1786 1787 1787 1702 1702 1787 1787 1703 1703 1703 1703 1787 1787 1788 1788 1703 1703 1788 1788 1694 1694 1694 1694 1788 1788 1789 1789 1694 1694 1789 1789 1780 1780 1688 1688 1687 1687 1790 1790 1790 1790 1687 1687 1791 1791 1790 1790 1791 1791 1792 1792 1143 1143 1317 1317 1686 1686 1686 1686 1317 1317 1712 1712 1686 1686 1712 1712 1687 1687 1687 1687 1712 1712 1689 1689 1687 1687 1689 1689 1791 1791 1791 1791 1689 1689 238 238 1791 1791 238 238 1792 1792 233 233 1793 1793 303 303 303 303 1793 1793 1794 1794 303 303 1794 1794 301 301 301 301 1794 1794 1792 1792 301 301 1792 1792 237 237 237 237 1792 1792 238 238 1769 1769 1795 1795 1713 1713 1713 1713 1795 1795 1341 1341 1713 1713 1341 1341 1340 1340 1755 1755 1719 1719 1796 1796 1796 1796 1719 1719 1718 1718 1796 1796 1718 1718 1797 1797 1797 1797 1718 1718 1717 1717 1797 1797 1717 1717 1798 1798 1798 1798 1717 1717 1716 1716 1798 1798 1716 1716 1799 1799 1799 1799 1716 1716 1715 1715 1799 1799 1715 1715 1800 1800 1800 1800 1715 1715 1714 1714 1800 1800 1714 1714 1795 1795 1795 1795 1714 1714 1342 1342 1795 1795 1342 1342 1341 1341 1769 1769 1752 1752 1795 1795 1795 1795 1752 1752 1750 1750 1795 1795 1750 1750 1800 1800 1800 1800 1750 1750 1749 1749 1800 1800 1749 1749 1799 1799 1799 1799 1749 1749 1707 1707 1799 1799 1707 1707 1798 1798 1798 1798 1707 1707 1760 1760 1798 1798 1760 1760 1797 1797 1797 1797 1760 1760 1761 1761 1797 1797 1761 1761 1796 1796 1796 1796 1761 1761 1762 1762 1796 1796 1762 1762 1755 1755 1801 1801 1802 1802 1803 1803 1803 1803 1802 1802 1804 1804 1803 1803 1804 1804 1805 1805 1805 1805 1804 1804 1806 1806 1805 1805 1806 1806 1807 1807 1807 1807 1806 1806 1808 1808 1807 1807 1808 1808 1809 1809 1809 1809 1808 1808 1691 1691 1809 1809 1691 1691 1810 1810 1810 1810 1691 1691 235 235 1810 1810 235 235 1811 1811 1811 1811 235 235 220 220 1811 1811 220 220 1681 1681 233 233 1691 1691 1793 1793 1793 1793 1691 1691 1808 1808 1793 1793 1808 1808 1794 1794 1794 1794 1808 1808 1806 1806 1794 1794 1806 1806 1792 1792 1792 1792 1806 1806 1804 1804 1792 1792 1804 1804 1790 1790 1790 1790 1804 1804 1802 1802 1790 1790 1802 1802 1688 1688 1693 1693 1763 1763 1694 1694 1694 1694 1763 1763 1765 1765 1694 1694 1765 1765 1703 1703 1703 1703 1765 1765 1766 1766 1703 1703 1766 1766 1701 1701 1701 1701 1766 1766 1767 1767 1701 1701 1767 1767 1812 1812 1812 1812 1767 1767 1768 1768 1812 1812 1768 1768 1813 1813 1813 1813 1768 1768 1769 1769 1813 1813 1769 1769 1814 1814 1814 1814 1769 1769 1713 1713 1814 1814 1713 1713 1815 1815 1815 1815 1713 1713 1339 1339 1815 1815 1339 1339 1338 1338 1683 1683 1684 1684 1781 1781 1781 1781 1684 1684 1699 1699 1781 1781 1699 1699 1782 1782 1782 1782 1699 1699 1698 1698 1782 1782 1698 1698 1784 1784 1784 1784 1698 1698 1770 1770 1784 1784 1770 1770 1786 1786 1786 1786 1770 1770 1772 1772 1786 1786 1772 1772 1787 1787 1787 1787 1772 1772 1774 1774 1787 1787 1774 1774 1788 1788 1788 1788 1774 1774 1776 1776 1788 1788 1776 1776 1789 1789 1789 1789 1776 1776 1778 1778 1789 1789 1778 1778 1780 1780 1681 1681 1682 1682 1811 1811 1811 1811 1682 1682 1690 1690 1811 1811 1690 1690 1810 1810 1810 1810 1690 1690 1783 1783 1810 1810 1783 1783 1809 1809 1809 1809 1783 1783 1785 1785 1809 1809 1785 1785 1807 1807 1807 1807 1785 1785 1702 1702 1807 1807 1702 1702 1805 1805 1805 1805 1702 1702 1701 1701 1805 1805 1701 1701 1803 1803 1803 1803 1701 1701 1812 1812 1803 1803 1812 1812 1801 1801 1801 1801 1812 1812 1813 1813 1801 1801 1813 1813 1802 1802 1802 1802 1813 1813 1814 1814 1802 1802 1814 1814 1688 1688 1688 1688 1814 1814 1815 1815 1688 1688 1815 1815 1686 1686 1686 1686 1815 1815 1338 1338 1686 1686 1338 1338 1337 1337 1816 1816 1756 1756 1764 1764 1817 1817 1695 1695 1711 1711 1818 1818 1353 1353 1352 1352 1817 1817 1819 1819 1695 1695 1695 1695 1819 1819 1820 1820 1695 1695 1820 1820 1821 1821 1777 1777 1822 1822 1778 1778 1778 1778 1822 1822 1823 1823 1778 1778 1823 1823 1780 1780 1780 1780 1823 1823 1824 1824 1825 1825 1824 1824 1826 1826 1826 1826 1824 1824 1823 1823 1826 1826 1823 1823 1827 1827 1827 1827 1823 1823 1822 1822 1827 1827 1822 1822 1828 1828 1828 1828 1822 1822 1777 1777 1828 1828 1777 1777 1821 1821 1821 1821 1777 1777 1696 1696 1821 1821 1696 1696 1695 1695 1816 1816 1764 1764 1829 1829 1829 1829 1764 1764 1763 1763 1829 1829 1763 1763 1825 1825 1825 1825 1763 1763 1693 1693 1825 1825 1693 1693 1824 1824 1824 1824 1693 1693 1692 1692 1824 1824 1692 1692 1780 1780 1756 1756 1816 1816 1757 1757 1757 1757 1816 1816 1830 1830 1757 1757 1830 1830 1762 1762 1831 1831 1832 1832 1833 1833 1833 1833 1832 1832 1818 1818 1833 1833 1818 1818 1834 1834 1834 1834 1818 1818 1352 1352 1834 1834 1352 1352 1319 1319 1830 1830 1831 1831 1762 1762 1762 1762 1831 1831 1833 1833 1762 1762 1833 1833 1755 1755 1755 1755 1833 1833 1834 1834 1755 1755 1834 1834 1754 1754 1754 1754 1834 1834 1319 1319 1835 1835 1818 1818 1832 1832 1836 1836 1837 1837 1838 1838 1819 1819 1839 1839 1820 1820 1820 1820 1839 1839 1836 1836 1835 1835 1360 1360 1359 1359 1353 1353 1818 1818 1364 1364 1364 1364 1818 1818 1835 1835 1364 1364 1835 1835 1363 1363 1363 1363 1835 1835 1359 1359 1836 1836 1838 1838 1820 1820 1820 1820 1838 1838 1840 1840 1820 1820 1840 1840 1821 1821 1821 1821 1840 1840 1841 1841 1821 1821 1841 1841 1828 1828 1828 1828 1841 1841 1842 1842 1828 1828 1842 1842 1827 1827 1827 1827 1842 1842 1826 1826 1826 1826 1842 1842 1843 1843 1826 1826 1843 1843 1825 1825 1825 1825 1843 1843 1844 1844 1825 1825 1844 1844 1829 1829 1844 1844 1845 1845 1829 1829 1829 1829 1845 1845 1846 1846 1829 1829 1846 1846 1816 1816 1816 1816 1846 1846 1847 1847 1816 1816 1847 1847 1830 1830 1847 1847 1848 1848 1830 1830 1830 1830 1848 1848 1849 1849 1830 1830 1849 1849 1831 1831 1831 1831 1849 1849 1850 1850 1831 1831 1850 1850 1832 1832 1832 1832 1850 1850 1851 1851 1832 1832 1851 1851 1835 1835 1852 1852 1845 1845 1844 1844 1853 1853 1854 1854 1855 1855 1855 1855 1854 1854 1856 1856 1355 1355 1857 1857 1366 1366 1837 1837 1858 1858 1838 1838 1355 1355 1360 1360 1857 1857 1857 1857 1360 1360 1835 1835 1857 1857 1835 1835 1851 1851 1840 1840 1838 1838 1859 1859 1859 1859 1838 1838 1858 1858 1859 1859 1858 1858 1860 1860 1860 1860 1858 1858 1837 1837 1860 1860 1837 1837 1861 1861 1859 1859 1862 1862 1840 1840 1840 1840 1862 1862 1863 1863 1840 1840 1863 1863 1841 1841 1841 1841 1863 1863 1864 1864 1841 1841 1864 1864 1842 1842 1863 1863 1856 1856 1864 1864 1864 1864 1856 1856 1854 1854 1864 1864 1854 1854 1842 1842 1842 1842 1854 1854 1853 1853 1842 1842 1853 1853 1843 1843 1843 1843 1853 1853 1865 1865 1843 1843 1865 1865 1844 1844 1844 1844 1865 1865 1866 1866 1844 1844 1866 1866 1852 1852 1852 1852 1866 1866 1867 1867 1852 1852 1867 1867 1868 1868 1845 1845 1852 1852 1846 1846 1846 1846 1852 1852 1868 1868 1846 1846 1868 1868 1847 1847 1847 1847 1868 1868 1848 1848 1848 1848 1868 1868 1869 1869 1848 1848 1869 1869 1849 1849 1849 1849 1869 1869 1870 1870 1849 1849 1870 1870 1850 1850 1850 1850 1870 1870 1871 1871 1850 1850 1871 1871 1851 1851 1851 1851 1871 1871 1872 1872 1851 1851 1872 1872 1857 1857 1376 1376 1366 1366 1857 1857 1860 1860 1861 1861 1873 1873 1873 1873 1861 1861 1874 1874 1873 1873 1874 1874 1875 1875 1370 1370 1379 1379 1857 1857 1857 1857 1379 1379 1377 1377 1857 1857 1377 1377 1376 1376 1876 1876 1877 1877 1865 1865 1865 1865 1877 1877 1878 1878 1878 1878 1879 1879 1865 1865 1865 1865 1879 1879 1880 1880 1865 1865 1880 1880 1866 1866 1880 1880 1881 1881 1866 1866 1866 1866 1881 1881 1882 1882 1866 1866 1882 1882 1867 1867 1883 1883 1884 1884 1885 1885 1885 1885 1884 1884 1867 1867 1885 1885 1867 1867 1886 1886 1886 1886 1867 1867 1882 1882 1887 1887 1888 1888 1889 1889 1876 1876 1865 1865 1890 1890 1890 1890 1865 1865 1853 1853 1890 1890 1853 1853 1891 1891 1860 1860 1873 1873 1859 1859 1859 1859 1873 1873 1892 1892 1859 1859 1892 1892 1862 1862 1862 1862 1892 1892 1863 1863 1863 1863 1892 1892 1893 1893 1863 1863 1893 1893 1856 1856 1856 1856 1893 1893 1894 1894 1856 1856 1894 1894 1855 1855 1855 1855 1894 1894 1887 1887 1855 1855 1887 1887 1853 1853 1853 1853 1887 1887 1889 1889 1853 1853 1889 1889 1891 1891 1371 1371 1370 1370 1895 1895 1895 1895 1370 1370 1857 1857 1895 1895 1857 1857 1896 1896 1884 1884 1897 1897 1867 1867 1867 1867 1897 1897 1898 1898 1867 1867 1898 1898 1868 1868 1868 1868 1898 1898 1899 1899 1868 1868 1899 1899 1869 1869 1869 1869 1899 1899 1900 1900 1869 1869 1900 1900 1870 1870 1870 1870 1900 1900 1901 1901 1870 1870 1901 1901 1871 1871 1871 1871 1901 1901 1896 1896 1871 1871 1896 1896 1872 1872 1872 1872 1896 1896 1857 1857 1902 1902 1420 1420 1421 1421 1383 1383 1371 1371 1895 1895 1383 1383 1895 1895 1389 1389 1386 1386 1387 1387 1394 1394 1394 1394 1387 1387 1388 1388 1873 1873 1875 1875 1902 1902 1392 1392 1884 1884 1883 1883 1903 1903 1414 1414 1904 1904 1904 1904 1414 1414 1412 1412 1904 1904 1412 1412 1905 1905 1905 1905 1412 1412 1906 1906 1907 1907 1908 1908 1390 1390 1883 1883 1909 1909 1392 1392 1392 1392 1909 1909 1910 1910 1392 1392 1910 1910 1390 1390 1390 1390 1910 1910 1911 1911 1390 1390 1911 1911 1912 1912 1912 1912 1913 1913 1390 1390 1390 1390 1913 1913 1914 1914 1390 1390 1914 1914 1907 1907 1908 1908 1915 1915 1390 1390 1390 1390 1915 1915 1916 1916 1390 1390 1916 1916 1412 1412 1412 1412 1916 1916 1917 1917 1412 1412 1917 1917 1906 1906 1902 1902 1421 1421 1873 1873 1873 1873 1421 1421 1422 1422 1873 1873 1422 1422 1892 1892 1422 1422 1423 1423 1892 1892 1892 1892 1423 1423 1419 1419 1892 1892 1419 1419 1893 1893 1893 1893 1419 1419 1417 1417 1893 1893 1417 1417 1894 1894 1894 1894 1417 1417 1415 1415 1894 1894 1415 1415 1887 1887 1887 1887 1415 1415 1414 1414 1887 1887 1414 1414 1888 1888 1888 1888 1414 1414 1903 1903 1896 1896 1401 1401 1895 1895 1895 1895 1401 1401 1394 1394 1895 1895 1394 1394 1389 1389 1389 1389 1394 1394 1388 1388 1408 1408 1406 1406 1901 1901 1901 1901 1406 1406 1404 1404 1901 1901 1404 1404 1896 1896 1896 1896 1404 1404 1403 1403 1896 1896 1403 1403 1401 1401 1901 1901 1900 1900 1408 1408 1408 1408 1900 1900 1899 1899 1408 1408 1899 1899 1393 1393 1393 1393 1899 1899 1898 1898 1393 1393 1898 1898 1392 1392 1392 1392 1898 1898 1897 1897 1392 1392 1897 1897 1884 1884 1395 1395 1420 1420 1918 1918 1396 1396 1395 1395 1919 1919 1919 1919 1395 1395 1918 1918 1919 1919 1918 1918 1920 1920 1920 1920 1918 1918 1921 1921 1920 1920 1921 1921 1922 1922 1922 1922 1921 1921 1923 1923 1439 1439 1438 1438 1563 1563 1563 1563 1438 1438 1587 1587 1563 1563 1587 1587 1564 1564 1563 1563 1924 1924 1439 1439 1439 1439 1924 1924 1925 1925 1439 1439 1925 1925 1597 1597 1597 1597 1925 1925 1598 1598 1598 1598 1925 1925 1926 1926 1598 1598 1926 1926 1927 1927 1928 1928 1926 1926 1929 1929 1929 1929 1926 1926 1925 1925 1929 1929 1925 1925 1930 1930 1930 1930 1925 1925 1924 1924 1930 1930 1924 1924 1566 1566 1566 1566 1924 1924 1563 1563 1922 1922 1928 1928 1920 1920 1920 1920 1928 1928 1929 1929 1920 1920 1929 1929 1919 1919 1919 1919 1929 1929 1930 1930 1919 1919 1930 1930 1396 1396 1396 1396 1930 1930 1566 1566 1599 1599 1598 1598 1927 1927 1927 1927 1931 1931 1599 1599 1599 1599 1931 1931 1932 1932 1599 1599 1932 1932 1596 1596 1596 1596 1932 1932 1602 1602 1596 1596 1602 1602 996 996 1609 1609 1608 1608 1933 1933 1620 1620 1621 1621 1934 1934 1934 1934 1621 1621 1628 1628 1934 1934 1628 1628 1629 1629 1602 1602 1935 1935 1936 1936 1937 1937 1605 1605 1936 1936 1936 1936 1605 1605 1601 1601 1936 1936 1601 1601 1602 1602 1933 1933 1608 1608 1938 1938 1608 1608 1607 1607 1938 1938 1938 1938 1607 1607 1606 1606 1938 1938 1606 1606 1939 1939 1939 1939 1606 1606 1603 1603 1939 1939 1603 1603 1937 1937 1937 1937 1603 1603 1604 1604 1937 1937 1604 1604 1605 1605 1933 1933 1940 1940 1609 1609 1609 1609 1940 1940 1941 1941 1609 1609 1941 1941 1610 1610 1610 1610 1941 1941 1942 1942 1610 1610 1942 1942 1611 1611 1611 1611 1942 1942 1612 1612 1612 1612 1942 1942 1943 1943 1612 1612 1943 1943 1613 1613 1613 1613 1943 1943 1944 1944 1613 1613 1944 1944 1614 1614 1614 1614 1944 1944 1945 1945 1614 1614 1945 1945 1615 1615 1615 1615 1945 1945 1934 1934 1615 1615 1934 1934 1600 1600 1600 1600 1934 1934 1629 1629 1600 1600 1629 1629 1052 1052 1618 1618 1620 1620 1635 1635 1635 1635 1620 1620 1934 1934 1946 1946 1640 1640 1639 1639 1638 1638 1636 1636 1947 1947 1948 1948 1949 1949 1950 1950 1938 1938 1939 1939 1951 1951 1951 1951 1939 1939 1937 1937 1951 1951 1937 1937 1952 1952 1952 1952 1937 1937 1936 1936 1952 1952 1936 1936 1953 1953 1953 1953 1936 1936 1935 1935 1953 1953 1935 1935 1948 1948 1948 1948 1950 1950 1953 1953 1953 1953 1950 1950 1954 1954 1953 1953 1954 1954 1952 1952 1952 1952 1954 1954 1955 1955 1952 1952 1955 1955 1951 1951 1951 1951 1955 1955 1956 1956 1951 1951 1956 1956 1938 1938 1938 1938 1956 1956 1957 1957 1938 1938 1957 1957 1933 1933 1933 1933 1957 1957 1958 1958 1933 1933 1958 1958 1940 1940 1940 1940 1958 1958 1959 1959 1940 1940 1959 1959 1941 1941 1959 1959 1960 1960 1961 1961 1961 1961 1960 1960 1962 1962 1961 1961 1962 1962 1963 1963 1941 1941 1959 1959 1942 1942 1942 1942 1959 1959 1961 1961 1942 1942 1961 1961 1943 1943 1943 1943 1961 1961 1963 1963 1943 1943 1963 1963 1944 1944 1639 1639 1638 1638 1946 1946 1946 1946 1638 1638 1947 1947 1946 1946 1947 1947 1964 1964 1964 1964 1947 1947 1965 1965 1964 1964 1965 1965 1966 1966 1966 1966 1965 1965 1967 1967 1966 1966 1967 1967 1968 1968 1962 1962 1968 1968 1963 1963 1963 1963 1968 1968 1967 1967 1963 1963 1967 1967 1944 1944 1944 1944 1967 1967 1965 1965 1944 1944 1965 1965 1945 1945 1945 1945 1965 1965 1947 1947 1945 1945 1947 1947 1934 1934 1934 1934 1947 1947 1636 1636 1934 1934 1636 1636 1635 1635 1644 1644 1643 1643 1969 1969 1969 1969 1643 1643 1649 1649 1641 1641 1640 1640 1642 1642 1642 1642 1640 1640 1946 1946 1642 1642 1946 1946 1647 1647 1949 1949 1970 1970 1971 1971 1949 1949 1971 1971 1950 1950 1950 1950 1971 1971 1972 1972 1950 1950 1972 1972 1954 1954 1954 1954 1972 1972 1973 1973 1954 1954 1973 1973 1955 1955 1955 1955 1973 1973 1974 1974 1955 1955 1974 1974 1956 1956 1956 1956 1974 1974 1957 1957 1957 1957 1974 1974 1975 1975 1957 1957 1975 1975 1958 1958 1958 1958 1975 1975 1959 1959 1959 1959 1975 1975 1976 1976 1959 1959 1976 1976 1960 1960 1960 1960 1976 1976 1977 1977 1960 1960 1977 1977 1962 1962 1962 1962 1977 1977 1978 1978 1962 1962 1978 1978 1968 1968 1968 1968 1978 1978 1979 1979 1968 1968 1979 1979 1966 1966 1966 1966 1979 1979 1980 1980 1966 1966 1980 1980 1964 1964 1964 1964 1980 1980 1969 1969 1964 1964 1969 1969 1946 1946 1946 1946 1969 1969 1649 1649 1946 1946 1649 1649 1647 1647 1658 1658 1644 1644 1969 1969 1658 1658 1969 1969 1659 1659 1656 1656 1655 1655 1981 1981 1981 1981 1655 1655 1659 1659 1659 1659 1969 1969 1981 1981 1981 1981 1969 1969 1980 1980 1981 1981 1980 1980 1982 1982 1982 1982 1980 1980 1979 1979 1982 1982 1979 1979 1983 1983 1983 1983 1979 1979 1978 1978 1983 1983 1978 1978 1984 1984 1984 1984 1978 1978 1977 1977 1984 1984 1977 1977 1985 1985 1985 1985 1977 1977 1976 1976 1985 1985 1976 1976 1986 1986 1986 1986 1976 1976 1987 1987 1987 1987 1976 1976 1975 1975 1987 1987 1975 1975 1988 1988 1988 1988 1975 1975 1989 1989 1989 1989 1975 1975 1974 1974 1989 1989 1974 1974 1990 1990 1974 1974 1973 1973 1990 1990 1990 1990 1973 1973 1972 1972 1990 1990 1972 1972 1991 1991 1991 1991 1972 1972 1971 1971 1991 1991 1971 1971 1992 1992 1992 1992 1971 1971 1970 1970 1992 1992 1970 1970 1993 1993 1990 1990 1994 1994 1989 1989 1987 1987 1995 1995 1986 1986 1996 1996 1981 1981 1982 1982 1981 1981 1996 1996 1656 1656 1997 1997 1661 1661 1996 1996 1996 1996 1661 1661 1657 1657 1996 1996 1657 1657 1656 1656 1998 1998 1999 1999 1997 1997 1999 1999 1998 1998 2000 2000 2000 2000 1998 1998 2001 2001 2000 2000 2001 2001 2002 2002 2002 2002 2001 2001 2003 2003 2002 2002 2003 2003 2004 2004 1986 1986 1995 1995 1985 1985 2003 2003 2005 2005 2004 2004 2004 2004 2005 2005 2006 2006 2004 2004 2006 2006 2007 2007 1997 1997 1996 1996 1998 1998 1998 1998 1996 1996 1982 1982 1998 1998 1982 1982 2001 2001 2001 2001 1982 1982 1983 1983 2001 2001 1983 1983 2003 2003 2003 2003 1983 1983 1984 1984 2003 2003 1984 1984 2005 2005 2005 2005 1984 1984 1985 1985 2005 2005 1985 1985 2006 2006 2006 2006 1985 1985 1995 1995 2006 2006 1995 1995 2007 2007 2007 2007 1995 1995 1987 1987 2007 2007 1987 1987 2008 2008 2008 2008 1987 1987 1988 1988 2008 2008 1988 1988 2009 2009 1988 1988 1989 1989 2009 2009 2009 2009 1989 1989 1994 1994 2009 2009 1994 1994 2010 2010 2010 2010 1994 1994 2011 2011 2012 2012 1991 1991 2013 2013 2013 2013 1991 1991 1992 1992 2013 2013 1992 1992 2014 2014 2014 2014 1992 1992 1993 1993 2014 2014 1993 1993 2015 2015 1990 1990 1991 1991 1994 1994 1994 1994 1991 1991 2012 2012 1994 1994 2012 2012 2011 2011 2011 2011 2012 2012 2013 2013 2011 2011 2013 2013 2016 2016 2016 2016 2013 2013 2014 2014 2016 2016 2014 2014 2017 2017 2017 2017 2014 2014 2015 2015 2017 2017 2015 2015 2018 2018 1663 1663 1210 1210 1661 1661 1661 1661 1997 1997 1663 1663 1663 1663 1997 1997 1999 1999 1663 1663 1999 1999 1664 1664 1664 1664 1999 1999 2000 2000 1664 1664 2000 2000 1665 1665 1665 1665 2000 2000 2002 2002 1665 1665 2002 2002 1666 1666 1666 1666 2002 2002 2004 2004 1671 1671 1668 1668 2008 2008 2008 2008 1668 1668 1669 1669 2008 2008 1669 1669 2007 2007 2007 2007 1669 1669 1670 1670 2007 2007 1670 1670 2004 2004 2004 2004 1670 1670 1667 1667 2004 2004 1667 1667 1666 1666 2008 2008 2009 2009 1671 1671 1671 1671 2009 2009 2010 2010 1671 1671 2010 2010 1672 1672 2018 2018 1674 1674 2017 2017 2017 2017 1674 1674 1673 1673 2017 2017 1673 1673 2016 2016 2016 2016 1673 1673 1672 1672 2016 2016 1672 1672 2011 2011 2011 2011 1672 1672 2010 2010 1227 1227 1674 1674 2019 2019 1227 1227 2019 2019 1675 1675 1675 1675 2019 2019 2020 2020 1675 1675 2020 2020 1676 1676 1676 1676 2020 2020 2021 2021 1676 1676 2021 2021 1678 1678 1679 1679 2022 2022 2023 2023 2022 2022 1679 1679 2024 2024 2024 2024 1679 1679 1678 1678 2024 2024 1678 1678 2021 2021 1819 1819 1817 1817 1839 1839 1839 1839 1817 1817 1711 1711 1839 1839 1711 1711 2023 2023 2023 2023 1711 1711 1680 1680 2023 2023 1680 1680 1679 1679 1836 1836 1839 1839 2025 2025 2025 2025 1839 1839 2023 2023 2025 2025 2023 2023 2026 2026 2026 2026 2023 2023 2022 2022 2026 2026 2022 2022 2027 2027 2027 2027 2022 2022 2024 2024 1837 1837 1836 1836 2028 2028 2028 2028 1836 1836 2025 2025 2028 2028 2025 2025 2029 2029 2029 2029 2025 2025 2026 2026 2029 2029 2026 2026 2030 2030 2030 2030 2026 2026 2027 2027 2030 2030 2031 2031 2029 2029 2029 2029 2031 2031 2032 2032 2029 2029 2032 2032 2028 2028 2028 2028 2032 2032 2033 2033 2028 2028 2033 2033 1837 1837 1837 1837 2033 2033 1861 1861 104 104 2034 2034 2035 2035 1875 1875 1874 1874 2036 2036 1875 1875 2036 2036 2037 2037 2037 2037 2036 2036 2035 2035 2037 2037 2035 2035 2038 2038 2038 2038 2035 2035 2034 2034 2038 2038 2034 2034 2039 2039 2031 2031 104 104 2032 2032 2032 2032 104 104 2035 2035 2032 2032 2035 2035 2033 2033 2033 2033 2035 2035 2036 2036 2033 2033 2036 2036 1861 1861 1861 1861 2036 2036 1874 1874 123 123 1923 1923 1921 1921 2040 2040 1902 1902 2037 2037 2037 2037 1902 1902 1875 1875 2040 2040 2037 2037 2041 2041 2041 2041 2037 2037 2038 2038 2041 2041 2038 2038 2039 2039 123 123 1921 1921 2042 2042 1420 1420 1902 1902 1918 1918 1918 1918 1902 1902 2040 2040 1918 1918 2040 2040 1921 1921 1921 1921 2040 2040 2041 2041 1921 1921 2041 2041 2042 2042 2042 2042 2041 2041 2039 2039 1923 1923 123 123 121 121 1970 1970 1949 1949 113 113 113 113 1949 1949 115 115 121 121 1927 1927 1926 1926 1949 1949 1948 1948 115 115 115 115 1948 1948 1935 1935 115 115 1935 1935 117 117 117 117 1935 1935 1602 1602 117 117 1602 1602 119 119 119 119 1602 1602 1932 1932 119 119 1932 1932 121 121 121 121 1932 1932 1931 1931 121 121 1931 1931 1927 1927 1926 1926 1928 1928 121 121 121 121 1928 1928 1922 1922 121 121 1922 1922 1923 1923 1970 1970 113 113 1993 1993 1993 1993 113 113 111 111 1993 1993 111 111 2015 2015 2015 2015 111 111 2018 2018 2018 2018 111 111 109 109 2018 2018 109 109 1674 1674 1674 1674 109 109 2019 2019 2019 2019 109 109 107 107 2019 2019 107 107 2020 2020 2020 2020 107 107 106 106 2020 2020 106 106 2021 2021 104 104 2031 2031 106 106 106 106 2031 2031 2030 2030 2030 2030 2027 2027 106 106 106 106 2027 2027 2024 2024 106 106 2024 2024 2021 2021 124 124 123 123 100 100 100 100 123 123 2042 2042 104 104 102 102 2034 2034 2034 2034 102 102 100 100 2034 2034 100 100 2039 2039 2039 2039 100 100 2042 2042 234 234 228 228 222 222 222 222 228 228 221 221 236 236 231 231 215 215 215 215 231 231 217 217 228 228 234 234 236 236 236 236 234 234 231 231 128 128 136 136 146 146 146 146 136 136 140 140 133 133 137 137 128 128 128 128 137 137 136 136 137 137 133 133 142 142 142 142 133 133 135 135 2043 2043 2044 2044 2045 2045 2045 2045 2044 2044 2046 2046 2045 2045 2046 2046 2047 2047 2048 2048 2049 2049 2050 2050 2050 2050 2049 2049 2044 2044 2050 2050 2044 2044 2051 2051 2051 2051 2044 2044 2043 2043 2052 2052 2053 2053 2054 2054 2054 2054 2053 2053 2055 2055 2054 2054 2055 2055 2046 2046 2046 2046 2055 2055 2056 2056 2046 2046 2056 2056 2047 2047 2057 2057 2058 2058 92 92 2048 2048 2059 2059 2049 2049 2049 2049 2059 2059 2060 2060 2049 2049 2060 2060 2061 2061 2054 2054 2057 2057 2052 2052 2052 2052 2057 2057 92 92 2052 2052 92 92 2062 2062 2062 2062 92 92 91 91 2062 2062 91 91 2059 2059 2059 2059 91 91 89 89 2059 2059 89 89 2060 2060 2063 2063 2064 2064 2065 2065 116 116 118 118 2066 2066 2066 2066 118 118 120 120 2066 2066 120 120 2067 2067 2067 2067 120 120 122 122 122 122 99 99 2067 2067 2067 2067 99 99 101 101 2067 2067 101 101 2068 2068 2068 2068 101 101 103 103 103 103 105 105 2068 2068 2068 2068 105 105 108 108 2068 2068 108 108 2069 2069 2066 2066 2063 2063 116 116 116 116 2063 2063 2065 2065 116 116 2065 2065 114 114 114 114 2065 2065 98 98 114 114 98 98 112 112 112 112 98 98 96 96 112 112 96 96 2070 2070 108 108 110 110 2069 2069 2069 2069 110 110 112 112 2069 2069 112 112 2071 2071 2071 2071 112 112 2070 2070 2054 2054 2046 2046 2069 2069 2069 2069 2046 2046 2068 2068 94 94 92 92 2058 2058 2054 2054 2069 2069 2071 2071 2070 2070 96 96 95 95 2054 2054 2071 2071 2057 2057 2057 2057 2071 2071 2070 2070 2057 2057 2070 2070 2058 2058 2058 2058 2070 2070 95 95 2058 2058 95 95 94 94 98 98 2065 2065 2072 2072 2072 2072 2065 2065 2073 2073 2073 2073 2065 2065 2064 2064 2060 2060 89 89 88 88 2073 2073 2064 2064 88 88 88 88 2064 2064 2060 2060 2060 2060 2064 2064 2063 2063 2060 2060 2063 2063 2061 2061 2061 2061 2063 2063 2066 2066 2061 2061 2066 2066 2049 2049 2044 2044 2049 2049 2067 2067 2067 2067 2049 2049 2066 2066 2046 2046 2044 2044 2068 2068 2068 2068 2044 2044 2067 2067 2074 2074 2075 2075 2076 2076 2076 2076 2075 2075 2077 2077 2076 2076 2078 2078 2074 2074 2074 2074 2078 2078 2079 2079 2074 2074 2079 2079 2080 2080 2080 2080 2079 2079 2081 2081 2080 2080 2081 2081 2082 2082 2075 2075 2083 2083 2077 2077 2077 2077 2083 2083 2084 2084 2077 2077 2084 2084 2085 2085 2085 2085 2084 2084 2086 2086 2085 2085 2086 2086 2087 2087 2087 2087 2086 2086 2088 2088 2087 2087 2088 2088 2089 2089 2089 2089 2088 2088 2090 2090 2089 2089 2090 2090 2091 2091 2091 2091 2090 2090 2092 2092 2091 2091 2092 2092 2093 2093 2093 2093 2092 2092 2094 2094 2093 2093 2094 2094 2095 2095 2095 2095 2094 2094 2096 2096 2095 2095 2096 2096 2097 2097 2098 2098 2099 2099 2100 2100 2081 2081 2101 2101 2082 2082 2082 2082 2101 2101 2098 2098 2082 2082 2098 2098 2102 2102 2102 2102 2098 2098 2100 2100 2103 2103 2104 2104 2105 2105 2105 2105 2104 2104 2106 2106 2097 2097 2096 2096 2107 2107 2107 2107 2096 2096 2108 2108 2107 2107 2108 2108 2109 2109 2109 2109 2108 2108 2110 2110 2109 2109 2110 2110 2106 2106 2106 2106 2110 2110 2111 2111 2106 2106 2111 2111 2105 2105 2112 2112 2113 2113 2114 2114 2112 2112 2114 2114 2115 2115 2115 2115 2114 2114 2116 2116 2115 2115 2116 2116 2117 2117 2117 2117 2116 2116 2118 2118 2117 2117 2118 2118 2119 2119 2119 2119 2118 2118 2120 2120 2119 2119 2120 2120 2121 2121 2121 2121 2120 2120 2122 2122 2121 2121 2122 2122 2123 2123 2123 2123 2122 2122 2124 2124 2123 2123 2124 2124 2125 2125 2125 2125 2124 2124 2126 2126 2125 2125 2126 2126 2127 2127 2127 2127 2126 2126 2128 2128 2127 2127 2128 2128 2129 2129 2130 2130 2131 2131 2132 2132 2132 2132 2131 2131 2133 2133 2132 2132 2133 2133 2129 2129 2129 2129 2133 2133 2134 2134 2129 2129 2134 2134 2127 2127 2135 2135 2136 2136 2137 2137 2137 2137 2136 2136 2138 2138 2137 2137 2138 2138 2130 2130 2130 2130 2138 2138 2139 2139 2130 2130 2139 2139 2131 2131 2114 2114 2113 2113 2140 2140 2140 2140 2113 2113 2141 2141 2140 2140 2141 2141 2142 2142 2142 2142 2141 2141 2143 2143 2142 2142 2143 2143 2144 2144 2144 2144 2143 2143 2145 2145 2144 2144 2145 2145 2146 2146 2146 2146 2145 2145 2147 2147 2146 2146 2147 2147 2148 2148 2149 2149 2150 2150 2151 2151 2151 2151 2150 2150 2152 2152 2151 2151 2152 2152 2153 2153 2154 2154 2155 2155 2151 2151 2151 2151 2155 2155 2156 2156 2151 2151 2156 2156 2149 2149 2157 2157 2158 2158 2151 2151 2151 2151 2158 2158 2159 2159 2151 2151 2159 2159 2154 2154 2153 2153 2160 2160 2151 2151 2151 2151 2160 2160 2161 2161 2151 2151 2161 2161 2157 2157 2104 2104 2162 2162 2106 2106 2106 2106 2162 2162 2163 2163 2106 2106 2163 2163 2109 2109 2109 2109 2163 2163 2164 2164 2109 2109 2164 2164 2107 2107 2107 2107 2164 2164 2165 2165 2107 2107 2165 2165 2097 2097 2097 2097 2165 2165 2095 2095 2166 2166 2167 2167 2168 2168 2169 2169 2168 2168 2170 2170 2171 2171 2172 2172 2173 2173 2174 2174 2175 2175 2176 2176 2091 2091 2093 2093 2177 2177 2108 2108 2096 2096 2094 2094 2178 2178 2179 2179 2180 2180 2181 2181 2178 2178 2182 2182 2182 2182 2178 2178 2180 2180 2182 2182 2180 2180 2183 2183 2184 2184 2185 2185 2186 2186 2187 2187 2188 2188 2189 2189 2189 2189 2188 2188 2190 2190 2191 2191 2192 2192 2193 2193 2193 2193 2192 2192 2194 2194 2193 2193 2194 2194 2195 2195 2196 2196 2190 2190 2197 2197 2197 2197 2190 2190 2188 2188 2197 2197 2188 2188 2198 2198 2198 2198 2188 2188 2187 2187 2198 2198 2187 2187 2181 2181 2184 2184 2186 2186 2199 2199 2199 2199 2186 2186 2200 2200 2199 2199 2200 2200 2201 2201 2080 2080 2082 2082 2202 2202 2202 2202 2082 2082 2194 2194 2084 2084 2083 2083 2185 2185 2185 2185 2083 2083 2075 2075 2185 2185 2075 2075 2186 2186 2186 2186 2075 2075 2074 2074 2186 2186 2074 2074 2200 2200 2200 2200 2074 2074 2080 2080 2200 2200 2080 2080 2201 2201 2201 2201 2080 2080 2202 2202 2181 2181 2187 2187 2178 2178 2178 2178 2187 2187 2203 2203 2178 2178 2203 2203 2179 2179 2094 2094 2092 2092 2203 2203 2203 2203 2092 2092 2090 2090 2203 2203 2090 2090 2179 2179 2179 2179 2090 2090 2088 2088 2179 2179 2088 2088 2180 2180 2180 2180 2088 2088 2086 2086 2180 2180 2086 2086 2183 2183 2108 2108 2094 2094 2110 2110 2110 2110 2094 2094 2203 2203 2110 2110 2203 2203 2111 2111 2204 2204 2205 2205 2206 2206 2207 2207 2208 2208 2209 2209 2209 2209 2208 2208 2210 2210 2209 2209 2210 2210 2211 2211 2207 2207 2212 2212 2208 2208 2208 2208 2212 2212 2213 2213 2208 2208 2213 2213 2210 2210 2210 2210 2213 2213 2214 2214 2210 2210 2214 2214 2099 2099 2099 2099 2098 2098 2210 2210 2210 2210 2098 2098 2101 2101 2210 2210 2101 2101 2081 2081 2078 2078 2215 2215 2079 2079 2079 2079 2215 2215 2216 2216 2079 2079 2216 2216 2217 2217 2217 2217 2216 2216 2218 2218 2219 2219 2218 2218 2220 2220 2220 2220 2218 2218 2216 2216 2220 2220 2216 2216 2221 2221 2221 2221 2216 2216 2215 2215 2221 2221 2215 2215 2222 2222 2222 2222 2215 2215 2078 2078 2222 2222 2223 2223 2221 2221 2221 2221 2223 2223 2224 2224 2221 2221 2224 2224 2220 2220 2220 2220 2224 2224 2225 2225 2220 2220 2225 2225 2219 2219 2226 2226 2227 2227 2228 2228 2228 2228 2227 2227 2229 2229 2228 2228 2229 2229 2230 2230 2230 2230 2229 2229 2231 2231 2230 2230 2231 2231 2177 2177 2091 2091 2177 2177 2089 2089 2089 2089 2177 2177 2231 2231 2089 2089 2231 2231 2087 2087 2087 2087 2231 2231 2229 2229 2087 2087 2229 2229 2085 2085 2085 2085 2229 2229 2227 2227 2085 2085 2227 2227 2077 2077 2077 2077 2227 2227 2226 2226 2077 2077 2226 2226 2076 2076 2232 2232 2233 2233 2234 2234 2234 2234 2233 2233 2235 2235 2234 2234 2235 2235 2236 2236 2236 2236 2235 2235 2237 2237 2238 2238 2172 2172 2239 2239 2239 2239 2172 2172 2171 2171 2239 2239 2171 2171 2240 2240 2240 2240 2171 2171 2176 2176 2238 2238 2241 2241 2242 2242 2238 2238 2242 2242 2172 2172 2172 2172 2242 2242 2243 2243 2172 2172 2243 2243 2173 2173 2191 2191 2193 2193 2244 2244 2244 2244 2193 2193 2195 2195 2244 2244 2195 2195 2245 2245 2245 2245 2195 2195 2206 2206 2245 2245 2206 2206 2246 2246 2246 2246 2206 2206 2205 2205 2246 2246 2205 2205 2241 2241 2241 2241 2205 2205 2204 2204 2241 2241 2204 2204 2242 2242 2242 2242 2204 2204 2247 2247 2242 2242 2247 2247 2243 2243 2243 2243 2247 2247 2248 2248 2243 2243 2248 2248 2173 2173 2176 2176 2171 2171 2174 2174 2174 2174 2171 2171 2173 2173 2174 2174 2173 2173 2249 2249 2249 2249 2173 2173 2248 2248 2249 2249 2248 2248 2250 2250 2250 2250 2248 2248 2251 2251 2250 2250 2251 2251 2252 2252 2175 2175 2174 2174 2253 2253 2253 2253 2174 2174 2249 2249 2253 2253 2249 2249 2254 2254 2254 2254 2249 2249 2250 2250 2254 2254 2250 2250 2255 2255 2255 2255 2250 2250 2252 2252 2255 2255 2252 2252 2256 2256 2257 2257 2167 2167 2258 2258 2258 2258 2167 2167 2166 2166 2258 2258 2166 2166 2259 2259 2168 2168 2169 2169 2166 2166 2166 2166 2169 2169 2260 2260 2166 2166 2260 2260 2259 2259 2103 2103 2105 2105 2261 2261 2261 2261 2105 2105 2262 2262 2261 2261 2262 2262 2263 2263 2263 2263 2262 2262 2264 2264 2263 2263 2264 2264 2265 2265 2265 2265 2264 2264 2266 2266 2265 2265 2266 2266 2267 2267 2268 2268 2269 2269 2270 2270 2270 2270 2269 2269 2271 2271 2270 2270 2271 2271 2272 2272 2271 2271 2273 2273 2272 2272 2272 2272 2273 2273 2274 2274 2272 2272 2274 2274 2275 2275 2269 2269 2276 2276 2271 2271 2271 2271 2276 2276 2267 2267 2271 2271 2267 2267 2273 2273 2273 2273 2267 2267 2266 2266 2273 2273 2266 2266 2274 2274 2274 2274 2266 2266 2277 2277 2274 2274 2277 2277 2275 2275 2275 2275 2277 2277 2278 2278 2105 2105 2111 2111 2262 2262 2262 2262 2111 2111 2203 2203 2262 2262 2203 2203 2264 2264 2264 2264 2203 2203 2187 2187 2264 2264 2187 2187 2266 2266 2266 2266 2187 2187 2189 2189 2266 2266 2189 2189 2277 2277 2277 2277 2189 2189 2190 2190 2277 2277 2190 2190 2278 2278 2278 2278 2190 2190 2196 2196 2163 2163 2177 2177 2164 2164 2164 2164 2177 2177 2093 2093 2164 2164 2093 2093 2165 2165 2165 2165 2093 2093 2095 2095 2082 2082 2102 2102 2194 2194 2194 2194 2102 2102 2100 2100 2194 2194 2100 2100 2195 2195 2195 2195 2100 2100 2099 2099 2195 2195 2099 2099 2206 2206 2206 2206 2099 2099 2214 2214 2206 2206 2214 2214 2204 2204 2204 2204 2214 2214 2213 2213 2204 2204 2213 2213 2247 2247 2247 2247 2213 2213 2212 2212 2247 2247 2212 2212 2248 2248 2248 2248 2212 2212 2207 2207 2248 2248 2207 2207 2251 2251 2251 2251 2207 2207 2209 2209 2251 2251 2209 2209 2279 2279 2279 2279 2209 2209 2211 2211 2081 2081 2079 2079 2210 2210 2210 2210 2079 2079 2217 2217 2210 2210 2217 2217 2211 2211 2211 2211 2217 2217 2218 2218 2211 2211 2218 2218 2279 2279 2279 2279 2218 2218 2219 2219 2279 2279 2219 2219 2251 2251 2251 2251 2219 2219 2225 2225 2251 2251 2225 2225 2252 2252 2252 2252 2225 2225 2280 2280 2252 2252 2280 2280 2256 2256 2256 2256 2280 2280 2162 2162 2078 2078 2076 2076 2222 2222 2222 2222 2076 2076 2226 2226 2222 2222 2226 2226 2223 2223 2223 2223 2226 2226 2228 2228 2223 2223 2228 2228 2224 2224 2224 2224 2228 2228 2230 2230 2224 2224 2230 2230 2225 2225 2225 2225 2230 2230 2177 2177 2225 2225 2177 2177 2280 2280 2280 2280 2177 2177 2163 2163 2280 2280 2163 2163 2162 2162 2236 2236 2257 2257 2234 2234 2234 2234 2257 2257 2258 2258 2234 2234 2258 2258 2232 2232 2232 2232 2258 2258 2259 2259 2232 2232 2259 2259 2268 2268 2268 2268 2259 2259 2260 2260 2268 2268 2260 2260 2269 2269 2269 2269 2260 2260 2169 2169 2269 2269 2169 2169 2276 2276 2276 2276 2169 2169 2170 2170 2276 2276 2170 2170 2267 2267 2240 2240 2237 2237 2239 2239 2239 2239 2237 2237 2235 2235 2239 2239 2235 2235 2238 2238 2238 2238 2235 2235 2233 2233 2238 2238 2233 2233 2241 2241 2241 2241 2233 2233 2232 2232 2241 2241 2232 2232 2246 2246 2246 2246 2232 2232 2268 2268 2246 2246 2268 2268 2245 2245 2245 2245 2268 2268 2270 2270 2245 2245 2270 2270 2244 2244 2244 2244 2270 2270 2272 2272 2244 2244 2272 2272 2191 2191 2191 2191 2272 2272 2275 2275 2191 2191 2275 2275 2192 2192 2192 2192 2275 2275 2278 2278 2192 2192 2278 2278 2194 2194 2194 2194 2278 2278 2196 2196 2194 2194 2196 2196 2202 2202 2202 2202 2196 2196 2197 2197 2202 2202 2197 2197 2201 2201 2201 2201 2197 2197 2198 2198 2201 2201 2198 2198 2199 2199 2199 2199 2198 2198 2181 2181 2199 2199 2181 2181 2184 2184 2184 2184 2181 2181 2182 2182 2184 2184 2182 2182 2185 2185 2185 2185 2182 2182 2183 2183 2185 2185 2183 2183 2084 2084 2084 2084 2183 2183 2086 2086 2281 2281 2282 2282 2103 2103 2103 2103 2282 2282 2104 2104 2283 2283 2284 2284 2281 2281 2281 2281 2284 2284 2282 2282 2284 2284 2283 2283 2285 2285 2285 2285 2283 2283 2286 2286 2285 2285 2286 2286 2287 2287 2287 2287 2286 2286 2288 2288 2289 2289 2112 2112 2115 2115 2290 2290 2291 2291 2292 2292 2293 2293 2294 2294 2295 2295 2296 2296 2297 2297 2298 2298 2298 2298 2297 2297 2299 2299 2298 2298 2299 2299 2300 2300 2300 2300 2299 2299 2301 2301 2300 2300 2301 2301 2302 2302 2303 2303 2304 2304 2305 2305 2305 2305 2304 2304 2306 2306 2305 2305 2306 2306 2307 2307 2307 2307 2308 2308 2305 2305 2305 2305 2308 2308 2309 2309 2305 2305 2309 2309 2303 2303 2310 2310 2311 2311 2312 2312 2312 2312 2311 2311 2313 2313 2312 2312 2313 2313 2314 2314 2314 2314 2313 2313 2290 2290 2315 2315 2316 2316 2317 2317 2124 2124 2318 2318 2126 2126 2126 2126 2318 2318 2319 2319 2126 2126 2319 2319 2128 2128 2128 2128 2319 2319 2320 2320 2128 2128 2320 2320 2129 2129 2129 2129 2320 2320 2321 2321 2129 2129 2321 2321 2132 2132 2302 2302 2291 2291 2300 2300 2300 2300 2291 2291 2290 2290 2300 2300 2290 2290 2298 2298 2298 2298 2290 2290 2313 2313 2298 2298 2313 2313 2296 2296 2296 2296 2313 2313 2311 2311 2116 2116 2114 2114 2140 2140 2301 2301 2122 2122 2302 2302 2302 2302 2122 2122 2120 2120 2302 2302 2120 2120 2291 2291 2291 2291 2120 2120 2118 2118 2291 2291 2118 2118 2116 2116 2322 2322 2323 2323 2324 2324 2324 2324 2323 2323 2325 2325 2326 2326 2327 2327 2328 2328 2328 2328 2327 2327 2329 2329 2330 2330 2133 2133 2328 2328 2328 2328 2133 2133 2131 2131 2131 2131 2139 2139 2328 2328 2328 2328 2139 2139 2138 2138 2328 2328 2138 2138 2326 2326 2326 2326 2138 2138 2136 2136 2293 2293 2295 2295 2331 2331 2331 2331 2295 2295 2332 2332 2331 2331 2332 2332 2333 2333 2121 2121 2123 2123 2334 2334 2334 2334 2123 2123 2335 2335 2334 2334 2335 2335 2336 2336 2337 2337 2325 2325 2338 2338 2338 2338 2325 2325 2323 2323 2338 2338 2323 2323 2339 2339 2339 2339 2323 2323 2322 2322 2330 2330 2294 2294 2133 2133 2133 2133 2294 2294 2293 2293 2133 2133 2293 2293 2134 2134 2134 2134 2293 2293 2331 2331 2134 2134 2331 2331 2127 2127 2127 2127 2331 2331 2333 2333 2127 2127 2333 2333 2125 2125 2119 2119 2121 2121 2340 2340 2340 2340 2121 2121 2334 2334 2340 2340 2334 2334 2341 2341 2341 2341 2334 2334 2336 2336 2341 2341 2336 2336 2342 2342 2115 2115 2117 2117 2343 2343 2343 2343 2117 2117 2119 2119 2119 2119 2340 2340 2343 2343 2343 2343 2340 2340 2341 2341 2343 2343 2341 2341 2322 2322 2322 2322 2341 2341 2342 2342 2322 2322 2342 2342 2339 2339 2344 2344 2345 2345 2346 2346 2346 2346 2347 2347 2344 2344 2344 2344 2347 2347 2348 2348 2344 2344 2348 2348 2349 2349 2349 2349 2348 2348 2350 2350 2349 2349 2350 2350 2351 2351 2350 2350 2352 2352 2351 2351 2351 2351 2352 2352 2353 2353 2351 2351 2353 2353 2354 2354 2355 2355 2356 2356 2357 2357 2357 2357 2356 2356 2358 2358 2357 2357 2358 2358 2359 2359 2359 2359 2358 2358 2360 2360 2359 2359 2360 2360 2361 2361 2361 2361 2362 2362 2363 2363 2363 2363 2362 2362 2364 2364 2363 2363 2364 2364 2365 2365 2365 2365 2364 2364 2366 2366 2365 2365 2366 2366 2367 2367 2367 2367 2366 2366 2368 2368 2367 2367 2368 2368 2369 2369 2369 2369 2368 2368 2370 2370 2369 2369 2370 2370 2371 2371 2371 2371 2370 2370 2372 2372 2371 2371 2372 2372 2373 2373 2374 2374 2375 2375 2376 2376 2377 2377 2378 2378 2379 2379 2375 2375 2380 2380 2376 2376 2376 2376 2380 2380 2381 2381 2376 2376 2381 2381 2382 2382 2382 2382 2381 2381 2383 2383 2382 2382 2383 2383 2384 2384 2384 2384 2383 2383 2385 2385 2380 2380 2386 2386 2381 2381 2381 2381 2386 2386 2387 2387 2381 2381 2387 2387 2383 2383 2383 2383 2387 2387 2388 2388 2383 2383 2388 2388 2385 2385 2385 2385 2388 2388 2389 2389 2317 2317 2390 2390 2315 2315 2315 2315 2390 2390 2391 2391 2315 2315 2391 2391 2392 2392 2392 2392 2391 2391 2393 2393 2392 2392 2393 2393 2394 2394 2394 2394 2379 2379 2395 2395 2395 2395 2379 2379 2378 2378 2395 2395 2378 2378 2374 2374 2308 2308 2310 2310 2309 2309 2309 2309 2310 2310 2312 2312 2309 2309 2312 2312 2303 2303 2303 2303 2312 2312 2314 2314 2303 2303 2314 2314 2304 2304 2304 2304 2314 2314 2290 2290 2304 2304 2290 2290 2396 2396 2396 2396 2290 2290 2292 2292 2396 2396 2292 2292 2397 2397 2140 2140 2142 2142 2116 2116 2116 2116 2142 2142 2144 2144 2116 2116 2144 2144 2291 2291 2291 2291 2144 2144 2146 2146 2291 2291 2146 2146 2292 2292 2292 2292 2146 2146 2148 2148 2292 2292 2148 2148 2397 2397 2398 2398 2354 2354 2399 2399 2399 2399 2354 2354 2353 2353 2399 2399 2353 2353 2360 2360 2360 2360 2353 2353 2352 2352 2360 2360 2352 2352 2361 2361 2361 2361 2352 2352 2350 2350 2361 2361 2350 2350 2362 2362 2362 2362 2350 2350 2348 2348 2362 2362 2348 2348 2364 2364 2364 2364 2348 2348 2347 2347 2364 2364 2347 2347 2366 2366 2366 2366 2347 2347 2346 2346 2366 2366 2346 2346 2368 2368 2368 2368 2346 2346 2345 2345 2368 2368 2345 2345 2370 2370 2370 2370 2345 2345 2400 2400 2370 2370 2400 2400 2372 2372 2289 2289 2115 2115 2401 2401 2136 2136 2135 2135 2308 2308 2397 2397 2377 2377 2396 2396 2396 2396 2377 2377 2379 2379 2396 2396 2379 2379 2304 2304 2304 2304 2379 2379 2394 2394 2304 2304 2394 2394 2306 2306 2306 2306 2394 2394 2393 2393 2306 2306 2393 2393 2307 2307 2307 2307 2393 2393 2391 2391 2307 2307 2391 2391 2308 2308 2308 2308 2391 2391 2390 2390 2308 2308 2390 2390 2136 2136 2136 2136 2390 2390 2317 2317 2136 2136 2317 2317 2326 2326 2135 2135 2137 2137 2308 2308 2308 2308 2137 2137 2130 2130 2308 2308 2130 2130 2310 2310 2310 2310 2130 2130 2132 2132 2310 2310 2132 2132 2311 2311 2311 2311 2132 2132 2321 2321 2311 2311 2321 2321 2296 2296 2296 2296 2321 2321 2320 2320 2296 2296 2320 2320 2297 2297 2297 2297 2320 2320 2319 2319 2297 2297 2319 2319 2299 2299 2299 2299 2319 2319 2318 2318 2299 2299 2318 2318 2301 2301 2301 2301 2318 2318 2124 2124 2301 2301 2124 2124 2122 2122 2401 2401 2115 2115 2402 2402 2402 2402 2115 2115 2343 2343 2402 2402 2343 2343 2403 2403 2355 2355 2403 2403 2356 2356 2356 2356 2403 2403 2343 2343 2356 2356 2343 2343 2358 2358 2358 2358 2343 2343 2322 2322 2358 2358 2322 2322 2360 2360 2360 2360 2322 2322 2324 2324 2360 2360 2324 2324 2399 2399 2399 2399 2324 2324 2325 2325 2399 2399 2325 2325 2398 2398 2398 2398 2325 2325 2337 2337 2374 2374 2376 2376 2395 2395 2395 2395 2376 2376 2382 2382 2395 2395 2382 2382 2394 2394 2394 2394 2382 2382 2384 2384 2394 2394 2384 2384 2392 2392 2392 2392 2384 2384 2385 2385 2392 2392 2385 2385 2315 2315 2315 2315 2385 2385 2389 2389 2315 2315 2389 2389 2316 2316 2316 2316 2389 2389 2404 2404 2316 2316 2404 2404 2317 2317 2317 2317 2404 2404 2405 2405 2317 2317 2405 2405 2326 2326 2326 2326 2405 2405 2406 2406 2326 2326 2406 2406 2327 2327 2327 2327 2406 2406 2407 2407 2327 2327 2407 2407 2329 2329 2123 2123 2125 2125 2335 2335 2335 2335 2125 2125 2333 2333 2335 2335 2333 2333 2336 2336 2336 2336 2333 2333 2332 2332 2336 2336 2332 2332 2342 2342 2342 2342 2332 2332 2295 2295 2342 2342 2295 2295 2339 2339 2339 2339 2295 2295 2294 2294 2339 2339 2294 2294 2338 2338 2338 2338 2294 2294 2330 2330 2338 2338 2330 2330 2337 2337 2337 2337 2330 2330 2328 2328 2337 2337 2328 2328 2398 2398 2398 2398 2328 2328 2329 2329 2398 2398 2329 2329 2354 2354 2354 2354 2329 2329 2407 2407 2354 2354 2407 2407 2351 2351 2351 2351 2407 2407 2406 2406 2351 2351 2406 2406 2349 2349 2349 2349 2406 2406 2405 2405 2349 2349 2405 2405 2344 2344 2344 2344 2405 2405 2404 2404 2344 2344 2404 2404 2345 2345 2345 2345 2404 2404 2389 2389 2345 2345 2389 2389 2400 2400 2400 2400 2389 2389 2388 2388 2400 2400 2388 2388 2372 2372 2372 2372 2388 2388 2387 2387 2372 2372 2387 2387 2373 2373 2373 2373 2387 2387 2386 2386 2403 2403 2147 2147 2402 2402 2402 2402 2147 2147 2145 2145 2402 2402 2145 2145 2401 2401 2401 2401 2145 2145 2143 2143 2401 2401 2143 2143 2289 2289 2289 2289 2143 2143 2141 2141 2289 2289 2141 2141 2112 2112 2112 2112 2141 2141 2113 2113 2408 2408 2409 2409 2147 2147 2147 2147 2409 2409 2148 2148 2410 2410 2411 2411 2412 2412 2412 2412 2411 2411 2413 2413 2412 2412 2409 2409 2410 2410 2410 2410 2409 2409 2408 2408 2411 2411 2414 2414 2413 2413 2413 2413 2414 2414 2415 2415 2152 2152 2416 2416 2153 2153 2153 2153 2416 2416 2417 2417 2153 2153 2417 2417 2160 2160 2160 2160 2417 2417 2418 2418 2160 2160 2418 2418 2161 2161 2161 2161 2418 2418 2419 2419 2161 2161 2419 2419 2157 2157 2157 2157 2419 2419 2420 2420 2157 2157 2420 2420 2158 2158 2158 2158 2420 2420 2421 2421 2158 2158 2421 2421 2159 2159 2159 2159 2421 2421 2422 2422 2159 2159 2422 2422 2154 2154 2154 2154 2422 2422 2423 2423 2154 2154 2423 2423 2155 2155 2155 2155 2423 2423 2424 2424 2155 2155 2424 2424 2156 2156 2156 2156 2424 2424 2425 2425 2156 2156 2425 2425 2149 2149 2149 2149 2425 2425 2426 2426 2149 2149 2426 2426 2150 2150 2150 2150 2426 2426 2427 2427 2150 2150 2427 2427 2152 2152 2152 2152 2427 2427 2416 2416 2427 2427 2428 2428 2416 2416 2416 2416 2428 2428 2429 2429 2416 2416 2429 2429 2417 2417 2417 2417 2429 2429 2430 2430 2417 2417 2430 2430 2418 2418 2418 2418 2430 2430 2431 2431 2418 2418 2431 2431 2419 2419 2419 2419 2431 2431 2432 2432 2419 2419 2432 2432 2420 2420 2420 2420 2432 2432 2433 2433 2420 2420 2433 2433 2421 2421 2421 2421 2433 2433 2434 2434 2421 2421 2434 2434 2422 2422 2422 2422 2434 2434 2435 2435 2422 2422 2435 2435 2423 2423 2423 2423 2435 2435 2436 2436 2423 2423 2436 2436 2424 2424 2424 2424 2436 2436 2437 2437 2424 2424 2437 2437 2425 2425 2425 2425 2437 2437 2438 2438 2425 2425 2438 2438 2426 2426 2426 2426 2438 2438 2439 2439 2426 2426 2439 2439 2427 2427 2427 2427 2439 2439 2428 2428 2439 2439 29 29 2428 2428 2428 2428 29 29 27 27 2428 2428 27 27 2429 2429 2429 2429 27 27 55 55 2429 2429 55 55 2430 2430 2430 2430 55 55 56 56 2430 2430 56 56 2431 2431 2431 2431 56 56 58 58 2431 2431 58 58 2432 2432 2432 2432 58 58 80 80 2432 2432 80 80 2433 2433 2433 2433 80 80 2 2 2433 2433 2 2 2434 2434 2434 2434 2 2 23 23 2434 2434 23 23 2435 2435 2435 2435 23 23 20 20 2435 2435 20 20 2436 2436 2436 2436 20 20 16 16 2436 2436 16 16 2437 2437 2437 2437 16 16 14 14 2437 2437 14 14 2438 2438 2438 2438 14 14 37 37 2438 2438 37 37 2439 2439 2439 2439 37 37 29 29 2284 2284 2256 2256 2282 2282 2282 2282 2256 2256 2162 2162 2282 2282 2162 2162 2104 2104 2287 2287 57 57 2285 2285 2285 2285 57 57 63 63 2285 2285 63 63 2284 2284 2281 2281 2103 2103 2283 2283 2283 2283 2103 2103 2261 2261 2283 2283 2261 2261 2286 2286 2240 2240 68 68 2237 2237 2237 2237 68 68 67 67 2237 2237 67 67 2236 2236 2236 2236 67 67 65 65 2236 2236 65 65 2257 2257 2257 2257 65 65 64 64 2257 2257 64 64 2167 2167 2167 2167 64 64 85 85 2167 2167 85 85 2168 2168 2168 2168 85 85 84 84 2168 2168 84 84 2170 2170 2170 2170 84 84 83 83 2170 2170 83 83 2267 2267 2267 2267 83 83 76 76 2267 2267 76 76 2265 2265 2265 2265 76 76 75 75 2265 2265 75 75 2263 2263 2263 2263 75 75 82 82 2263 2263 82 82 2261 2261 2261 2261 82 82 81 81 2261 2261 81 81 2286 2286 2286 2286 81 81 79 79 2286 2286 79 79 2288 2288 2288 2288 79 79 78 78 2284 2284 63 63 2256 2256 2256 2256 63 63 62 62 2256 2256 62 62 2255 2255 2255 2255 62 62 74 74 2255 2255 74 74 2254 2254 2254 2254 74 74 73 73 2254 2254 73 73 2253 2253 2253 2253 73 73 72 72 2253 2253 72 72 2175 2175 2175 2175 72 72 71 71 2175 2175 71 71 2176 2176 2176 2176 71 71 70 70 2176 2176 70 70 2240 2240 2240 2240 70 70 69 69 2240 2240 69 69 68 68 2288 2288 78 78 2287 2287 2287 2287 78 78 59 59 2287 2287 59 59 57 57 53 53 26 26 2414 2414 2411 2411 2410 2410 2355 2355 2355 2355 2410 2410 2403 2403 2403 2403 2410 2410 2408 2408 2403 2403 2408 2408 2147 2147 2414 2414 2411 2411 53 53 53 53 2411 2411 2355 2355 53 53 2355 2355 54 54 54 54 2355 2355 2357 2357 54 54 2357 2357 40 40 40 40 2357 2357 2359 2359 40 40 2359 2359 41 41 41 41 2359 2359 2361 2361 41 41 2361 2361 43 43 43 43 2361 2361 2363 2363 43 43 2363 2363 44 44 44 44 2363 2363 2365 2365 44 44 2365 2365 45 45 45 45 2365 2365 2367 2367 45 45 2367 2367 49 49 49 49 2367 2367 2369 2369 49 49 2369 2369 48 48 48 48 2369 2369 2371 2371 48 48 2371 2371 46 46 46 46 2371 2371 2373 2373 46 46 2373 2373 50 50 50 50 2373 2373 2386 2386 50 50 2386 2386 51 51 51 51 2386 2386 52 52 52 52 2386 2386 2380 2380 52 52 2380 2380 30 30 30 30 2380 2380 2375 2375 30 30 2375 2375 31 31 31 31 2375 2375 2374 2374 31 31 2374 2374 33 33 33 33 2374 2374 2378 2378 33 33 2378 2378 34 34 34 34 2378 2378 2377 2377 34 34 2377 2377 35 35 35 35 2377 2377 2397 2397 35 35 2397 2397 36 36 2413 2413 2415 2415 39 39 2148 2148 2409 2409 2397 2397 2397 2397 2409 2409 2412 2412 2397 2397 2412 2412 36 36 36 36 2412 2412 2413 2413 36 36 2413 2413 38 38 38 38 2413 2413 39 39 2414 2414 26 26 2415 2415 2415 2415 26 26 28 28 2415 2415 28 28 39 39 32 32 2440 2440 47 47 47 47 2440 2440 2441 2441 47 47 2441 2441 42 42 42 42 2441 2441 2442 2442 42 42 2442 2442 60 60 60 60 2442 2442 2443 2443 60 60 2443 2443 61 61 61 61 2443 2443 2444 2444 61 61 2444 2444 66 66 66 66 2444 2444 2445 2445 66 66 2445 2445 77 77 77 77 2445 2445 2446 2446 77 77 2446 2446 3 3 3 3 2446 2446 2447 2447 3 3 2447 2447 5 5 5 5 2447 2447 2448 2448 5 5 2448 2448 7 7 7 7 2448 2448 2449 2449 7 7 2449 2449 10 10 10 10 2449 2449 2450 2450 10 10 2450 2450 86 86 86 86 2450 2450 2451 2451 86 86 2451 2451 32 32 32 32 2451 2451 2440 2440 2050 2050 2444 2444 2048 2048 2048 2048 2444 2444 2443 2443 2048 2048 2443 2443 2059 2059 2059 2059 2443 2443 2442 2442 2059 2059 2442 2442 2062 2062 2062 2062 2442 2442 2441 2441 2062 2062 2441 2441 2052 2052 2052 2052 2441 2441 2440 2440 2052 2052 2440 2440 2053 2053 2053 2053 2440 2440 2451 2451 2053 2053 2451 2451 2055 2055 2055 2055 2451 2451 2450 2450 2055 2055 2450 2450 2056 2056 2056 2056 2450 2450 2449 2449 2056 2056 2449 2449 2047 2047 2047 2047 2449 2449 2448 2448 2047 2047 2448 2448 2045 2045 2045 2045 2448 2448 2447 2447 2045 2045 2447 2447 2043 2043 2043 2043 2447 2447 2446 2446 2043 2043 2446 2446 2051 2051 2051 2051 2446 2446 2445 2445 2051 2051 2445 2445 2050 2050 2050 2050 2445 2445 2444 2444 2452 2452 2453 2453 2454 2454 2454 2454 2453 2453 94 94 2454 2454 94 94 95 95 2455 2455 91 91 2456 2456 2456 2456 91 91 93 93 2456 2456 93 93 2457 2457 2457 2457 93 93 94 94 2457 2457 94 94 2458 2458 94 94 2453 2453 2458 2458 2458 2458 2453 2453 2452 2452 2458 2458 2452 2452 2459 2459 2459 2459 2452 2452 2454 2454 2459 2459 2454 2454 2460 2460 2460 2460 2454 2454 95 95 2460 2460 95 95 2461 2461 95 95 97 97 2461 2461 2461 2461 97 97 98 98 2461 2461 98 98 2462 2462 2462 2462 98 98 2072 2072 2462 2462 2072 2072 2463 2463 2463 2463 2072 2072 2073 2073 2463 2463 2073 2073 2464 2464 2073 2073 2465 2465 2464 2464 2464 2464 2465 2465 2466 2466 2464 2464 2466 2466 2467 2467 2467 2467 2466 2466 2468 2468 2467 2467 2468 2468 2469 2469 2469 2469 2468 2468 88 88 2469 2469 88 88 2455 2455 2455 2455 88 88 90 90 2455 2455 90 90 91 91 2470 2470 2463 2463 2471 2471 2471 2471 2463 2463 2464 2464 2471 2471 2464 2464 2472 2472 2472 2472 2464 2464 2467 2467 2472 2472 2467 2467 2473 2473 2473 2473 2467 2467 2469 2469 2473 2473 2469 2469 2474 2474 2474 2474 2469 2469 2455 2455 2474 2474 2455 2455 2475 2475 2475 2475 2455 2455 2456 2456 2475 2475 2456 2456 2476 2476 2476 2476 2456 2456 2457 2457 2476 2476 2457 2457 2477 2477 2477 2477 2457 2457 2458 2458 2477 2477 2458 2458 2478 2478 2478 2478 2458 2458 2459 2459 2478 2478 2459 2459 2479 2479 2479 2479 2459 2459 2460 2460 2479 2479 2460 2460 2480 2480 2480 2480 2460 2460 2461 2461 2480 2480 2461 2461 2481 2481 2481 2481 2461 2461 2462 2462 2481 2481 2462 2462 2470 2470 2470 2470 2462 2462 2463 2463 2466 2466 2465 2465 2468 2468 2468 2468 2465 2465 2073 2073 2468 2468 2073 2073 88 88 2472 2472 2482 2482 2471 2471 2471 2471 2482 2482 2483 2483 2471 2471 2483 2483 2470 2470 2470 2470 2483 2483 2484 2484 2470 2470 2484 2484 2481 2481 2481 2481 2484 2484 2485 2485 2481 2481 2485 2485 2480 2480 2480 2480 2485 2485 2486 2486 2480 2480 2486 2486 2479 2479 2479 2479 2486 2486 2487 2487 2479 2479 2487 2487 2478 2478 2478 2478 2487 2487 2488 2488 2478 2478 2488 2488 2477 2477 2477 2477 2488 2488 2489 2489 2477 2477 2489 2489 2476 2476 2476 2476 2489 2489 2490 2490 2476 2476 2490 2490 2475 2475 2475 2475 2490 2490 2491 2491 2475 2475 2491 2491 2474 2474 2474 2474 2491 2491 2492 2492 2474 2474 2492 2492 2473 2473 2473 2473 2492 2492 2493 2493 2473 2473 2493 2493 2472 2472 2472 2472 2493 2493 2482 2482 2489 2489 2488 2488 2494 2494 2494 2494 2488 2488 2487 2487 2494 2494 2487 2487 2486 2486 2492 2492 2491 2491 2494 2494 2494 2494 2491 2491 2490 2490 2494 2494 2490 2490 2489 2489 2483 2483 2482 2482 2494 2494 2494 2494 2482 2482 2493 2493 2494 2494 2493 2493 2492 2492 2486 2486 2485 2485 2494 2494 2494 2494 2485 2485 2484 2484 2494 2494 2484 2484 2483 2483 2495 2495 2496 2496 224 224 224 224 2496 2496 242 242 2497 2497 2496 2496 2498 2498 2498 2498 2496 2496 2495 2495 2497 2497 2498 2498 266 266 266 266 2498 2498 261 261 2499 2499 266 266 271 271 2497 2497 2500 2500 2496 2496 2496 2496 2500 2500 2501 2501 2496 2496 2501 2501 2502 2502 2502 2502 2503 2503 2496 2496 2496 2496 2503 2503 2504 2504 2496 2496 2504 2504 242 242 2499 2499 271 271 2505 2505 278 278 280 280 2506 2506 2506 2506 286 286 288 288 2499 2499 2507 2507 266 266 266 266 2507 2507 2508 2508 266 266 2508 2508 2497 2497 2497 2497 2508 2508 2509 2509 2497 2497 2509 2509 2500 2500 280 280 282 282 2506 2506 2506 2506 282 282 284 284 2506 2506 284 284 286 286 2504 2504 2510 2510 242 242 242 242 2510 2510 2506 2506 242 242 2506 2506 240 240 240 240 2506 2506 288 288 271 271 273 273 2505 2505 2505 2505 273 273 274 274 2505 2505 274 274 2506 2506 2506 2506 274 274 276 276 2506 2506 276 276 278 278 256 256 258 258 2511 2511 2511 2511 258 258 260 260 2511 2511 260 260 2512 2512 2512 2512 260 260 267 267 2512 2512 267 267 261 261 2513 2513 224 224 223 223 223 223 245 245 2513 2513 2513 2513 245 245 247 247 2513 2513 247 247 249 249 249 249 251 251 2513 2513 2513 2513 251 251 253 253 2513 2513 253 253 2511 2511 2511 2511 253 253 255 255 2511 2511 255 255 256 256 2495 2495 2514 2514 2498 2498 2498 2498 2514 2514 2515 2515 2498 2498 2515 2515 2516 2516 2516 2516 2517 2517 2498 2498 2498 2498 2517 2517 2518 2518 2498 2498 2518 2518 261 261 261 261 2518 2518 2519 2519 261 261 2519 2519 2512 2512 2513 2513 2520 2520 224 224 224 224 2520 2520 2521 2521 224 224 2521 2521 2495 2495 2495 2495 2521 2521 2522 2522 2495 2495 2522 2522 2514 2514 2523 2523 2524 2524 2525 2525 2525 2525 2524 2524 2526 2526 2525 2525 2526 2526 2527 2527 2528 2528 2529 2529 2525 2525 2525 2525 2529 2529 2530 2530 2525 2525 2530 2530 2523 2523 2531 2531 2532 2532 2525 2525 2525 2525 2532 2532 2533 2533 2525 2525 2533 2533 2528 2528 2527 2527 2534 2534 2525 2525 2525 2525 2534 2534 2535 2535 2525 2525 2535 2535 2531 2531 2533 2533 2512 2512 2528 2528 2528 2528 2512 2512 2519 2519 2528 2528 2519 2519 2529 2529 2529 2529 2519 2519 2518 2518 2529 2529 2518 2518 2530 2530 2530 2530 2518 2518 2517 2517 2530 2530 2517 2517 2523 2523 2523 2523 2517 2517 2516 2516 2523 2523 2516 2516 2524 2524 2524 2524 2516 2516 2515 2515 2524 2524 2515 2515 2526 2526 2526 2526 2515 2515 2514 2514 2526 2526 2514 2514 2527 2527 2527 2527 2514 2514 2522 2522 2527 2527 2522 2522 2534 2534 2534 2534 2522 2522 2521 2521 2534 2534 2521 2521 2535 2535 2535 2535 2521 2521 2520 2520 2535 2535 2520 2520 2531 2531 2531 2531 2520 2520 2513 2513 2531 2531 2513 2513 2532 2532 2532 2532 2513 2513 2511 2511 2532 2532 2511 2511 2533 2533 2533 2533 2511 2511 2512 2512 2505 2505 2536 2536 2499 2499 2499 2499 2536 2536 2537 2537 2499 2499 2537 2537 2507 2507 2507 2507 2537 2537 2538 2538 2507 2507 2538 2538 2508 2508 2508 2508 2538 2538 2539 2539 2508 2508 2539 2539 2509 2509 2509 2509 2539 2539 2540 2540 2509 2509 2540 2540 2500 2500 2500 2500 2540 2540 2541 2541 2500 2500 2541 2541 2501 2501 2501 2501 2541 2541 2542 2542 2501 2501 2542 2542 2502 2502 2502 2502 2542 2542 2543 2543 2502 2502 2543 2543 2503 2503 2503 2503 2543 2543 2544 2544 2503 2503 2544 2544 2504 2504 2504 2504 2544 2544 2545 2545 2504 2504 2545 2545 2510 2510 2510 2510 2545 2545 2546 2546 2510 2510 2546 2546 2506 2506 2506 2506 2546 2546 2547 2547 2506 2506 2547 2547 2505 2505 2505 2505 2547 2547 2536 2536 2543 2543 2542 2542 2548 2548 2548 2548 2542 2542 2541 2541 2548 2548 2541 2541 2540 2540 2546 2546 2545 2545 2548 2548 2548 2548 2545 2545 2544 2544 2548 2548 2544 2544 2543 2543 2537 2537 2536 2536 2548 2548 2548 2548 2536 2536 2547 2547 2548 2548 2547 2547 2546 2546 2540 2540 2539 2539 2548 2548 2548 2548 2539 2539 2538 2538 2548 2548 2538 2538 2537 2537 199 199 2549 2549 196 196 196 196 2549 2549 2550 2550 2551 2551 2550 2550 2552 2552 2552 2552 2550 2550 2549 2549 125 125 2551 2551 172 172 172 172 2551 2551 2552 2552 2553 2553 2550 2550 2554 2554 2554 2554 2550 2550 2551 2551 2554 2554 2551 2551 2555 2555 2555 2555 2551 2551 2556 2556 179 179 181 181 2557 2557 2556 2556 2551 2551 2558 2558 2558 2558 2551 2551 125 125 2558 2558 125 125 2559 2559 188 188 190 190 2560 2560 2560 2560 190 190 192 192 2560 2560 192 192 2561 2561 2561 2561 192 192 194 194 2561 2561 194 194 196 196 2559 2559 125 125 2557 2557 2557 2557 125 125 177 177 2557 2557 177 177 179 179 181 181 182 182 2557 2557 2557 2557 182 182 184 184 2557 2557 184 184 2560 2560 2560 2560 184 184 186 186 2560 2560 186 186 188 188 2553 2553 2562 2562 2550 2550 2550 2550 2562 2562 2563 2563 2550 2550 2563 2563 196 196 196 196 2563 2563 2564 2564 196 196 2564 2564 2561 2561 2549 2549 2565 2565 2552 2552 2552 2552 2565 2565 2566 2566 2567 2567 2549 2549 199 199 2567 2567 2568 2568 2549 2549 2549 2549 2568 2568 2569 2569 2549 2549 2569 2569 2565 2565 2566 2566 2570 2570 2552 2552 2552 2552 2570 2570 2571 2571 2552 2552 2571 2571 172 172 172 172 2571 2571 2572 2572 172 172 2572 2572 2573 2573 150 150 2574 2574 148 148 148 148 2574 2574 2575 2575 148 148 2575 2575 199 199 199 199 2575 2575 2576 2576 199 199 2576 2576 2567 2567 158 158 160 160 2573 2573 160 160 162 162 2573 2573 2573 2573 162 162 164 164 2573 2573 164 164 167 167 167 167 169 169 2573 2573 2573 2573 169 169 170 170 2573 2573 170 170 172 172 150 150 154 154 2574 2574 2574 2574 154 154 155 155 2574 2574 155 155 2573 2573 2573 2573 155 155 156 156 2573 2573 156 156 158 158 2577 2577 2578 2578 2579 2579 2579 2579 2578 2578 2580 2580 2579 2579 2580 2580 2581 2581 2582 2582 2583 2583 2579 2579 2579 2579 2583 2583 2584 2544 2579 2579 2584 2544 2577 2577 2585 2584 2586 2585 2579 2579 2579 2579 2586 2585 2587 2586 2579 2579 2587 2586 2582 2582 2581 2581 2588 2539 2579 2579 2579 2579 2588 2539 2589 2587 2579 2579 2589 2587 2585 2584 2580 2580 2569 2569 2581 2581 2581 2581 2569 2569 2568 2568 2581 2581 2568 2568 2588 2539 2588 2539 2568 2568 2567 2567 2588 2539 2567 2567 2589 2587 2589 2587 2567 2567 2576 2576 2589 2587 2576 2576 2585 2584 2585 2584 2576 2576 2575 2575 2585 2584 2575 2575 2586 2585 2586 2585 2575 2575 2574 2574 2586 2585 2574 2574 2587 2586 2587 2586 2574 2574 2573 2573 2587 2586 2573 2573 2582 2582 2582 2582 2573 2573 2572 2572 2582 2582 2572 2572 2583 2583 2583 2583 2572 2572 2571 2571 2583 2583 2571 2571 2584 2544 2584 2544 2571 2571 2570 2570 2584 2544 2570 2570 2577 2577 2577 2577 2570 2570 2566 2566 2577 2577 2566 2566 2578 2578 2578 2578 2566 2566 2565 2565 2578 2578 2565 2565 2580 2580 2580 2580 2565 2565 2569 2569 2554 2554 2590 2588 2553 2553 2553 2553 2590 2588 2591 2589 2553 2553 2591 2589 2562 2562 2562 2562 2591 2589 2592 2590 2562 2562 2592 2590 2563 2563 2563 2563 2592 2590 2593 2591 2563 2563 2593 2591 2564 2564 2564 2564 2593 2591 2594 2592 2564 2564 2594 2592 2561 2561 2561 2561 2594 2592 2595 2593 2561 2561 2595 2593 2560 2560 2560 2560 2595 2593 2596 2594 2560 2560 2596 2594 2557 2557 2557 2557 2596 2594 2597 2595 2557 2557 2597 2595 2559 2559 2559 2559 2597 2595 2598 2596 2559 2559 2598 2596 2558 2558 2558 2558 2598 2596 2599 2597 2558 2558 2599 2597 2556 2556 2556 2556 2599 2597 2600 2598 2556 2556 2600 2598 2555 2555 2555 2555 2600 2598 2601 2599 2555 2555 2601 2599 2554 2554 2554 2554 2601 2599 2590 2588 2591 2589 2590 2588 2602 2600 2602 2600 2590 2588 2601 2599 2602 2600 2601 2599 2600 2598 2594 2592 2593 2591 2602 2600 2602 2600 2593 2591 2592 2590 2602 2600 2592 2590 2591 2589 2597 2595 2596 2594 2602 2600 2602 2600 2596 2594 2595 2593 2602 2600 2595 2593 2594 2592 2600 2598 2599 2597 2602 2600 2602 2600 2599 2597 2598 2596 2602 2600 2598 2596 2597 2595 2603 2601 2604 2602 2605 2603 2606 2604 2603 2601 2607 2605 2607 2605 2603 2601 2605 2603 2607 2605 2605 2603 2608 2606 2609 2607 2610 2608 2611 2609 2612 2610 2613 2611 2614 2612 2611 2609 2615 2613 2609 2607 2609 2607 2615 2613 2612 2610 2609 2607 2612 2610 2616 2614 2616 2614 2612 2610 2614 2612 2617 2615 2618 2616 2619 2617 2619 2617 2618 2616 2620 2618 2619 2617 2620 2618 2621 2619 2621 2619 2620 2618 2622 2620 2621 2619 2622 2620 2623 2621 2623 2621 2622 2620 2624 2622 2625 2623 2626 2624 2627 2625 2628 2626 2629 2627 2630 2628 2631 2629 2632 2630 17 17 17 17 2632 2630 2633 2631 17 17 2633 2631 15 15 17 17 22 22 2631 2629 2631 2629 22 22 21 21 2631 2629 21 21 2634 2632 2608 2606 2635 2633 2607 2605 2607 2605 2635 2633 2630 2628 2607 2605 2630 2628 2606 2604 2606 2604 2630 2628 2629 2627 2636 2634 2628 2626 2637 2635 2637 2635 2628 2626 2630 2628 2637 2635 2630 2628 2638 2636 2638 2636 2630 2628 2635 2633 24 24 1 1 2639 2637 2640 2638 18 18 2641 2639 2641 2639 18 18 25 25 2641 2639 25 25 2642 2640 2642 2640 25 25 24 24 2642 2640 24 24 2643 2641 2643 2641 24 24 2639 2637 2634 2632 21 21 2638 2636 2638 2636 21 21 19 19 2638 2636 19 19 2637 2635 2637 2635 19 19 18 18 2637 2635 18 18 2636 2634 2636 2634 18 18 2640 2638 2636 2634 2640 2638 2628 2626 2644 2642 6 6 8 8 2645 2643 2646 2644 2647 2645 87 87 13 13 2648 2646 2627 2625 2626 2624 2649 2647 2649 2647 2626 2624 2645 2643 2649 2647 2645 2643 2650 2648 2650 2648 2645 2643 2647 2645 2650 2648 2647 2645 2651 2649 2651 2649 2647 2645 2652 2650 2651 2649 2652 2650 2653 2651 2653 2651 2652 2650 12 12 2653 2651 12 12 2654 2652 2654 2652 12 12 11 11 2654 2652 11 11 2655 2653 2655 2653 11 11 87 87 2655 2653 87 87 2656 2654 2656 2654 87 87 2648 2646 2657 2655 0 0 4 4 6 6 2644 2642 4 4 4 4 2644 2642 2658 2656 4 4 2658 2656 2657 2655 2646 2644 2644 2642 2647 2645 2647 2645 2644 2642 8 8 2647 2645 8 8 2652 2650 2652 2650 8 8 9 9 2652 2650 9 9 12 12 2659 2657 1 1 0 0 2660 2658 2661 2659 2662 2660 2662 2660 2661 2659 2663 2661 2621 2619 2623 2621 2662 2660 2662 2660 2623 2621 2664 2662 2662 2660 2664 2662 2660 2658 2665 2663 2666 2664 2667 2665 2666 2664 2668 2666 2667 2665 2667 2665 2668 2666 2669 2667 2667 2665 2669 2667 2661 2659 2661 2659 2669 2667 2670 2668 2661 2659 2670 2668 2663 2661 2665 2663 2667 2665 0 0 0 0 2667 2665 2671 2669 0 0 2671 2669 2659 2657 13 13 15 15 2672 2670 2672 2670 2673 2671 13 13 13 13 2673 2671 2674 2672 13 13 2674 2672 2675 2673 2675 2673 2674 2672 2676 2674 2677 2675 2678 2676 2679 2677 2679 2677 2678 2676 2680 2678 2679 2677 2680 2678 2674 2672 2674 2672 2680 2678 2681 2679 2674 2672 2681 2679 2676 2674 2610 2608 2609 2607 2682 2680 2682 2680 2609 2607 2677 2675 2682 2680 2677 2675 2683 2681 2683 2681 2677 2675 2679 2677 13 13 2675 2673 2684 2682 2684 2682 2675 2673 2676 2674 2684 2682 2676 2674 2685 2683 2685 2683 2676 2674 2681 2679 2685 2683 2681 2679 2686 2684 13 13 2684 2682 2687 2685 2687 2685 2684 2682 2685 2683 2687 2685 2685 2683 2688 2686 2688 2686 2685 2683 2686 2684 2688 2686 2686 2684 2689 2687 2654 2652 2655 2653 2689 2687 2689 2687 2655 2653 2656 2654 2689 2687 2656 2654 2688 2686 2688 2686 2656 2654 2648 2646 2688 2686 2648 2646 2687 2685 2687 2685 2648 2646 13 13 2650 2648 2651 2649 2690 2688 2690 2688 2651 2649 2653 2651 2653 2651 2654 2652 2690 2688 2690 2688 2654 2652 2689 2687 2690 2688 2689 2687 2691 2689 2691 2689 2689 2687 2686 2684 2691 2689 2686 2684 2680 2678 2680 2678 2686 2684 2681 2679 2649 2647 2650 2648 2692 2690 2692 2690 2650 2648 2690 2688 2692 2690 2690 2688 2693 2691 2693 2691 2690 2688 2691 2689 2693 2691 2691 2689 2678 2676 2678 2676 2691 2689 2680 2678 2627 2625 2649 2647 2694 2692 2694 2692 2649 2647 2692 2690 2694 2692 2692 2690 2695 2693 2695 2693 2692 2690 2693 2691 2695 2693 2693 2691 2677 2675 2677 2675 2693 2691 2678 2676 2677 2675 2609 2607 2695 2693 2695 2693 2609 2607 2696 2694 2695 2693 2696 2694 2694 2692 2694 2692 2696 2694 2697 2695 2694 2692 2697 2695 2627 2625 2627 2625 2697 2695 2625 2623 0 0 2657 2655 2698 2696 2698 2696 2657 2655 2658 2656 2698 2696 2658 2656 2699 2697 2699 2697 2658 2656 2644 2642 2699 2697 2644 2642 2700 2698 2700 2698 2644 2642 2646 2644 2700 2698 2646 2644 2701 2699 0 0 2698 2696 2702 2700 2702 2700 2698 2696 2699 2697 2702 2700 2699 2697 2703 2701 2703 2701 2699 2697 2700 2698 2703 2701 2700 2698 2704 2702 2704 2702 2700 2698 2701 2699 2704 2702 2701 2699 2705 2703 2670 2668 2669 2667 2705 2703 2705 2703 2669 2667 2668 2666 2705 2703 2668 2666 2704 2702 2704 2702 2668 2666 2666 2664 2704 2702 2666 2664 2703 2701 2703 2701 2666 2664 2665 2663 2703 2701 2665 2663 2702 2700 2702 2700 2665 2663 0 0 2663 2661 2670 2668 2706 2704 2706 2704 2670 2668 2705 2703 2706 2704 2705 2703 2707 2705 2707 2705 2705 2703 2701 2699 2707 2705 2701 2699 2645 2643 2645 2643 2701 2699 2646 2644 2662 2660 2663 2661 2708 2706 2708 2706 2663 2661 2706 2704 2708 2706 2706 2704 2709 2707 2709 2707 2706 2704 2707 2705 2709 2707 2707 2705 2626 2624 2626 2624 2707 2705 2645 2643 2710 2708 2625 2623 2697 2695 2710 2708 2697 2695 2711 2709 2711 2709 2697 2695 2696 2694 2711 2709 2696 2694 2712 2710 2712 2710 2696 2694 2609 2607 2712 2710 2609 2607 2616 2614 2621 2619 2662 2660 2713 2711 2713 2711 2662 2660 2708 2706 2713 2711 2708 2706 2714 2712 2714 2712 2708 2706 2709 2707 2714 2712 2709 2707 2625 2623 2625 2623 2709 2707 2626 2624 2715 2713 2633 2631 2632 2630 2715 2713 2632 2630 2716 2714 2716 2714 2632 2630 2631 2629 2716 2714 2631 2629 2717 2715 2717 2715 2631 2629 2718 2716 2718 2716 2631 2629 2634 2632 2718 2716 2634 2632 2638 2636 2638 2636 2635 2633 2718 2716 2718 2716 2635 2633 2608 2606 2718 2716 2608 2606 2719 2717 15 15 2715 2713 2720 2718 2720 2718 2715 2713 2716 2714 2720 2718 2716 2714 2721 2719 2721 2719 2716 2714 2717 2715 2721 2719 2717 2715 2722 2720 2722 2720 2717 2715 2718 2716 2722 2720 2718 2716 2723 2721 2723 2721 2718 2716 2719 2717 2723 2721 2719 2717 2724 2722 15 15 2720 2718 2672 2670 2672 2670 2720 2718 2721 2719 2672 2670 2721 2719 2673 2671 2673 2671 2721 2719 2722 2720 2673 2671 2722 2720 2674 2672 2674 2672 2722 2720 2723 2721 2674 2672 2723 2721 2679 2677 2679 2677 2723 2721 2724 2722 2679 2677 2724 2722 2683 2681 2633 2631 2715 2713 15 15 2725 2723 2726 2724 2727 2725 2727 2725 2726 2724 2728 2726 2727 2725 2728 2726 2729 2727 2729 2727 2728 2726 2730 2728 2729 2727 2730 2728 2612 2610 2612 2610 2730 2728 2613 2611 2726 2724 2731 2729 2728 2726 2728 2726 2731 2729 2732 2730 2728 2726 2732 2730 2730 2728 2730 2728 2732 2730 2733 2731 2730 2728 2733 2731 2613 2611 2613 2611 2733 2731 2614 2612 2731 2729 2710 2708 2732 2730 2732 2730 2710 2708 2711 2709 2732 2730 2711 2709 2733 2731 2733 2731 2711 2709 2712 2710 2733 2731 2712 2710 2614 2612 2614 2612 2712 2710 2616 2614 2625 2623 2710 2708 2734 2732 2625 2623 2734 2732 2714 2712 2714 2712 2734 2732 2735 2733 2714 2712 2735 2733 2713 2711 2713 2711 2735 2733 2619 2617 2713 2711 2619 2617 2621 2619 2682 2680 2683 2681 2736 2734 2736 2734 2683 2681 2724 2722 2736 2734 2724 2722 2737 2735 2737 2735 2724 2722 2719 2717 2737 2735 2719 2717 2605 2603 2605 2603 2719 2717 2608 2606 2610 2608 2682 2680 2738 2736 2738 2736 2682 2680 2736 2734 2738 2736 2736 2734 2739 2737 2739 2737 2736 2734 2737 2735 2739 2737 2737 2735 2604 2602 2604 2602 2737 2735 2605 2603 2740 2738 2725 2723 2727 2725 2740 2738 2727 2725 2741 2739 2741 2739 2727 2725 2729 2727 2741 2739 2729 2727 2742 2740 2742 2740 2729 2727 2612 2610 2742 2740 2612 2610 2615 2613 2620 2618 2618 2616 2743 2741 2743 2741 2618 2616 2744 2742 2743 2741 2744 2742 2745 2743 2745 2743 2744 2742 2746 2744 2745 2743 2746 2744 2725 2723 2725 2723 2746 2744 2726 2724 2618 2616 2617 2615 2744 2742 2744 2742 2617 2615 2747 2745 2744 2742 2747 2745 2746 2744 2746 2744 2747 2745 2748 2746 2746 2744 2748 2746 2726 2724 2726 2724 2748 2746 2731 2729 2617 2615 2619 2617 2747 2745 2747 2745 2619 2617 2735 2733 2747 2745 2735 2733 2748 2746 2748 2746 2735 2733 2734 2732 2748 2746 2734 2732 2731 2729 2731 2729 2734 2732 2710 2708 2604 2602 2749 2747 2739 2737 2739 2737 2749 2747 2750 2748 2739 2737 2750 2748 2738 2736 2738 2736 2750 2748 2751 2749 2738 2736 2751 2749 2610 2608 2610 2608 2751 2749 2611 2609 2749 2747 2740 2738 2750 2748 2750 2748 2740 2738 2741 2739 2750 2748 2741 2739 2751 2749 2751 2749 2741 2739 2742 2740 2751 2749 2742 2740 2611 2609 2611 2609 2742 2740 2615 2613 2725 2723 2740 2738 2752 2750 2725 2723 2752 2750 2745 2743 2745 2743 2752 2750 2753 2751 2745 2743 2753 2751 2743 2741 2743 2741 2753 2751 2622 2620 2743 2741 2622 2620 2620 2618 2623 2621 2624 2622 2754 2752 2754 2752 2624 2622 2755 2753 2754 2752 2755 2753 2756 2754 2756 2754 2755 2753 2757 2755 2756 2754 2757 2755 2604 2602 2604 2602 2757 2755 2749 2747 2624 2622 2622 2620 2755 2753 2755 2753 2622 2620 2753 2751 2755 2753 2753 2751 2757 2755 2757 2755 2753 2751 2752 2750 2757 2755 2752 2750 2749 2747 2749 2747 2752 2750 2740 2738 2664 2662 2623 2621 2758 2756 2758 2756 2623 2621 2754 2752 2758 2756 2754 2752 2759 2757 2759 2757 2754 2752 2756 2754 2759 2757 2756 2754 2603 2601 2603 2601 2756 2754 2604 2602 2660 2658 2664 2662 2760 2758 2760 2758 2664 2662 2758 2756 2760 2758 2758 2756 2761 2759 2761 2759 2758 2756 2759 2757 2761 2759 2759 2757 2606 2604 2606 2604 2759 2757 2603 2601 1 1 2659 2657 2762 2760 2762 2760 2659 2657 2671 2669 2762 2760 2671 2669 2763 2761 2763 2761 2671 2669 2667 2665 2763 2761 2667 2665 2764 2762 1 1 2762 2760 2765 2763 2765 2763 2762 2760 2763 2761 2765 2763 2763 2761 2766 2764 2766 2764 2763 2761 2764 2762 2766 2764 2764 2762 2767 2765 2767 2765 2643 2641 2766 2764 2766 2764 2643 2641 2639 2637 2766 2764 2639 2637 2765 2763 2765 2763 2639 2637 1 1 2640 2638 2641 2639 2767 2765 2767 2765 2641 2639 2642 2640 2767 2765 2642 2640 2643 2641 2768 2766 2629 2627 2628 2626 2628 2626 2640 2638 2768 2766 2768 2766 2640 2638 2767 2765 2768 2766 2767 2765 2769 2767 2769 2767 2767 2765 2764 2762 2769 2767 2764 2762 2661 2659 2661 2659 2764 2762 2667 2665 2606 2604 2629 2627 2761 2759 2761 2759 2629 2627 2768 2766 2761 2759 2768 2766 2760 2758 2760 2758 2768 2766 2769 2767 2760 2758 2769 2767 2660 2658 2660 2658 2769 2767 2661 2659 2770 2768 2771 2769 2772 2770 2772 2770 2771 2769 2773 2771 2773 2771 2774 2772 2772 2770 2772 2770 2774 2772 2775 2773 2772 2770 2775 2773 2776 2774 2776 2774 2775 2773 2777 2775 2778 2776 2779 2777 2780 2778 2781 2779 2782 2780 2772 2770 2772 2770 2782 2780 2783 2781 2772 2770 2783 2781 2770 2768 2784 2782 2785 2783 2786 2784 2786 2784 2785 2783 2787 2785 2780 2778 2788 2786 2789 2787 2790 2788 2787 2785 2791 2789 2791 2789 2787 2785 2785 2783 2791 2789 2785 2783 2775 2773 2775 2773 2785 2783 2792 2790 2775 2773 2792 2790 2777 2775 2772 2770 2778 2776 2781 2779 2781 2779 2778 2776 2780 2778 2781 2779 2780 2778 2793 2791 2793 2791 2780 2778 2789 2787 2794 2792 2795 2793 2796 2794 2797 2795 1461 1461 1456 1456 2797 2795 1456 1456 2798 2796 2799 2797 1462 1462 1461 1461 2800 2798 2801 2799 2802 2800 2802 2800 2801 2799 1466 1466 1466 1466 2801 2799 1467 1467 1467 1467 2801 2799 2803 2801 1467 1467 2803 2801 1468 1468 1468 1468 2803 2801 1469 1469 1469 1469 2803 2801 2804 2802 1469 1469 2804 2802 1470 1470 1470 1470 2804 2802 2805 2803 1470 1470 2805 2803 1471 1471 2806 2804 2807 2805 1476 1476 1476 1476 1475 1475 2806 2804 2806 2804 1475 1475 1474 1474 2806 2804 1474 1474 2805 2803 2805 2803 1474 1474 1472 1472 2805 2803 1472 1472 1471 1471 2808 2806 2809 2807 2810 2808 2810 2808 2809 2807 1478 1478 2810 2808 1478 1478 1477 1477 1482 1482 1480 1480 2809 2807 2809 2807 1480 1480 1479 1479 2809 2807 1479 1479 1478 1478 1456 1456 1455 1455 2798 2796 2798 2796 1455 1455 1460 1460 2798 2796 1460 1460 2811 2809 2811 2809 1460 1460 1459 1459 2811 2809 1459 1459 2812 2810 2812 2810 1459 1459 1458 1458 2812 2810 1458 1458 2813 2811 2813 2811 1458 1458 1451 1451 2813 2811 1451 1451 2814 2812 2808 2806 2795 2793 2809 2807 2809 2807 2795 2793 2794 2792 2809 2807 2794 2792 1482 1482 1482 1482 2794 2792 2796 2794 1482 1482 2796 2794 1454 1454 1454 1454 2796 2794 2814 2812 1454 1454 2814 2812 1453 1453 1453 1453 2814 2812 1451 1451 2770 2768 2783 2781 2810 2808 2804 2802 2773 2771 2805 2803 2805 2803 2773 2771 2771 2769 2805 2803 2771 2769 2806 2804 2806 2804 2771 2769 2770 2768 2806 2804 2770 2768 2807 2805 2807 2805 2770 2768 2810 2808 2807 2805 2810 2808 1476 1476 1476 1476 2810 2808 1477 1477 2786 2784 2787 2785 2800 2798 2800 2798 2787 2785 2790 2788 2800 2798 2790 2788 2801 2799 2801 2799 2790 2788 2791 2789 2801 2799 2791 2789 2803 2801 2803 2801 2791 2789 2775 2773 2803 2801 2775 2773 2804 2802 2804 2802 2775 2773 2774 2772 2804 2802 2774 2772 2773 2771 2784 2782 2786 2784 2815 2813 2815 2813 2786 2784 2800 2798 2815 2813 2800 2798 2816 2814 2816 2814 2800 2798 2802 2800 1466 1466 1464 1464 2802 2800 2802 2800 1464 1464 1463 1463 2802 2800 1463 1463 2816 2814 2816 2814 1463 1463 1462 1462 2816 2814 1462 1462 2815 2813 2815 2813 1462 1462 2799 2797 2815 2813 2799 2797 2784 2782 2784 2782 2799 2797 2785 2783 1461 1461 2797 2795 2799 2797 2799 2797 2797 2795 2792 2790 2799 2797 2792 2790 2785 2783 2783 2781 2782 2780 2810 2808 2810 2808 2782 2780 2781 2779 2810 2808 2781 2779 2808 2806 2808 2806 2781 2779 2793 2791 2808 2806 2793 2791 2795 2793 2795 2793 2793 2791 2789 2787 2795 2793 2789 2787 2796 2794 2796 2794 2789 2787 2788 2786 2796 2794 2788 2786 2814 2812 2814 2812 2788 2786 2780 2778 2814 2812 2780 2778 2813 2811 2813 2811 2780 2778 2779 2777 2813 2811 2779 2777 2812 2810 2812 2810 2779 2777 2778 2776 2812 2810 2778 2776 2811 2809 2811 2809 2778 2776 2772 2770 2811 2809 2772 2770 2798 2796 2798 2796 2772 2770 2776 2774 2798 2796 2776 2774 2797 2795 2797 2795 2776 2774 2777 2775 2797 2795 2777 2775 2792 2790 2817 2815 2818 2816 2819 2817 2820 2818 2817 2815 2821 2819 2821 2819 2817 2815 2822 2820 2822 2820 2817 2815 2823 2821 2823 2821 2817 2815 2819 2817 2823 2821 2819 2817 2824 2822 2825 2823 2826 2824 2827 2825 2827 2825 2826 2824 2828 2826 2829 2827 2830 2828 2831 2829 2832 2830 2827 2825 2833 2831 2833 2831 2827 2825 2828 2826 2833 2831 2828 2826 2834 2832 2834 2832 2828 2826 2817 2815 2834 2832 2817 2815 2835 2833 2835 2833 2817 2815 2820 2818 2817 2815 2836 2834 2818 2816 2818 2816 2836 2834 2837 2835 2818 2816 2837 2835 2838 2836 2838 2836 2837 2835 2829 2827 2838 2836 2829 2827 2839 2837 2839 2837 2829 2827 2831 2829 2840 2838 1743 1743 1759 1759 1741 1741 1740 1740 2841 2839 1743 1743 2840 2838 1744 1744 1744 1744 2840 2838 2842 2840 1744 1744 2842 2840 1746 1746 2843 2841 1721 1721 2844 2842 2844 2842 1721 1721 1720 1720 2844 2842 1720 1720 2845 2843 2845 2843 1720 1720 1748 1748 2845 2843 1748 1748 1747 1747 2846 2844 1724 1724 2843 2841 2843 2841 1724 1724 1723 1723 2843 2841 1723 1723 1721 1721 2847 2845 1726 1726 2846 2844 2846 2844 1726 1726 1725 1725 2846 2844 1725 1725 1724 1724 2848 2846 1730 1730 2849 2847 2849 2847 1730 1730 1729 1729 2849 2847 1729 1729 2850 2848 2850 2848 1729 1729 1728 1728 2850 2848 1728 1728 2847 2845 2847 2845 1728 1728 1727 1727 2847 2845 1727 1727 1726 1726 1735 1735 1734 1734 2851 2849 2851 2849 1734 1734 1733 1733 2851 2849 1733 1733 2852 2850 2852 2850 1733 1733 1732 1732 2852 2850 1732 1732 1731 1731 1747 1747 1746 1746 2845 2843 2845 2843 1746 1746 2842 2840 2845 2843 2842 2840 2853 2851 2853 2851 2842 2840 2840 2838 2853 2851 2840 2838 2854 2852 2854 2852 2840 2838 1759 1759 2854 2852 1759 1759 2855 2853 2855 2853 1759 1759 1742 1742 2855 2853 1742 1742 2856 2854 2856 2854 1742 1742 1741 1741 2856 2854 1741 1741 2857 2855 2857 2855 1741 1741 2841 2839 1740 1740 1739 1739 2841 2839 2841 2839 1739 1739 1738 1738 2841 2839 1738 1738 2858 2856 2858 2856 1738 1738 1737 1737 2858 2856 1737 1737 2859 2857 2859 2857 1737 1737 1736 1736 2859 2857 1736 1736 2860 2858 2860 2858 1736 1736 1735 1735 2860 2858 1735 1735 2861 2859 2861 2859 1735 1735 2851 2849 2861 2859 2851 2849 2862 2860 2862 2860 2851 2849 2852 2850 2859 2857 2828 2826 2858 2856 2858 2856 2828 2826 2826 2824 2858 2856 2826 2824 2841 2839 2841 2839 2826 2824 2825 2823 2841 2839 2825 2823 2857 2855 2857 2855 2825 2823 2827 2825 2857 2855 2827 2825 2856 2854 2856 2854 2827 2825 2832 2830 2856 2854 2832 2830 2855 2853 2855 2853 2832 2830 2833 2831 2855 2853 2833 2831 2854 2852 2854 2852 2833 2831 2834 2832 2854 2852 2834 2832 2853 2851 2853 2851 2834 2832 2835 2833 2853 2851 2835 2833 2845 2843 2845 2843 2835 2833 2820 2818 2845 2843 2820 2818 2844 2842 2844 2842 2820 2818 2821 2819 2844 2842 2821 2819 2843 2841 2843 2841 2821 2819 2822 2820 2822 2820 2823 2821 2843 2841 2843 2841 2823 2821 2824 2822 2843 2841 2824 2822 2846 2844 2846 2844 2824 2822 2819 2817 2846 2844 2819 2817 2847 2845 2847 2845 2819 2817 2818 2816 2847 2845 2818 2816 2850 2848 2818 2816 2838 2836 2850 2848 2850 2848 2838 2836 2839 2837 2850 2848 2839 2837 2849 2847 2849 2847 2839 2837 2831 2829 2849 2847 2831 2829 2848 2846 2848 2846 2831 2829 2830 2828 1731 1731 1730 1730 2852 2850 2852 2850 1730 1730 2848 2846 2852 2850 2848 2846 2862 2860 2862 2860 2848 2846 2830 2828 2862 2860 2830 2828 2861 2859 2861 2859 2830 2828 2829 2827 2861 2859 2829 2827 2860 2858 2829 2827 2837 2835 2860 2858 2860 2858 2837 2835 2836 2834 2860 2858 2836 2834 2859 2857 2859 2857 2836 2834 2817 2815 2859 2857 2817 2815 2828 2826 2863 2861 2864 2862 2865 2863 2866 2864 2867 2865 2868 2866 2868 2866 2867 2865 2869 2867 2868 2866 2870 2868 2871 2869 2871 2869 2870 2868 2872 2870 2865 2863 2864 2862 2868 2866 2868 2866 2864 2862 2873 2871 2868 2866 2873 2871 2866 2864 2874 2872 2870 2868 2875 2873 2875 2873 2870 2868 2868 2866 2875 2873 2868 2866 2876 2874 2876 2874 2868 2866 2877 2875 2869 2867 2878 2876 2868 2866 2868 2866 2878 2876 2879 2877 2868 2866 2879 2877 2877 2875 2880 2878 2881 2879 2882 2880 2882 2880 2881 2879 2863 2861 2882 2880 2863 2861 2883 2881 2883 2881 2863 2861 2865 2863 2884 2882 2873 2871 2864 2862 2885 2883 2886 2884 2887 2885 1913 1913 1912 1912 2888 2886 2889 2887 1890 1890 1891 1891 2889 2887 1891 1891 2890 2888 1890 1890 2889 2887 1876 1876 1876 1876 2889 2887 2891 2889 1876 1876 2891 2889 1877 1877 1877 1877 2891 2889 2892 2890 1877 1877 2892 2890 1878 1878 1878 1878 2892 2890 1879 1879 1879 1879 2892 2890 2887 2885 1879 1879 2887 2885 1880 1880 1880 1880 2887 2885 2886 2884 1880 1880 2886 2884 1881 1881 2888 2886 1909 1909 2893 2891 2893 2891 1909 1909 1883 1883 2893 2891 1883 1883 2894 2892 1912 1912 1911 1911 2888 2886 2888 2886 1911 1911 1910 1910 2888 2886 1910 1910 1909 1909 2895 2893 2896 2894 1913 1913 1913 1913 2896 2894 2897 2895 1913 1913 2897 2895 1914 1914 1916 1916 1915 1915 2898 2896 2898 2896 1915 1915 1908 1908 2898 2896 1908 1908 2897 2895 2897 2895 1908 1908 1907 1907 2897 2895 1907 1907 1914 1914 1905 1905 2899 2897 1904 1904 1904 1904 2899 2897 2900 2898 1904 1904 2900 2898 2901 2899 1891 1891 1889 1889 2890 2888 2890 2888 1889 1889 1888 1888 2890 2888 1888 1888 2901 2899 2901 2899 1888 1888 1903 1903 2901 2899 1903 1903 1904 1904 2902 2900 2867 2865 2884 2882 2884 2882 2867 2865 2866 2864 2884 2882 2866 2864 2873 2871 1913 1913 2888 2886 2895 2893 2895 2893 2888 2886 2893 2891 2895 2893 2893 2891 2903 2901 2903 2901 2893 2891 2894 2892 2903 2901 2894 2892 2904 2902 2904 2902 2905 2903 2906 2904 2885 2883 2887 2885 2907 2905 2907 2905 2887 2885 2892 2890 2907 2905 2892 2890 2908 2906 2908 2906 2892 2890 2891 2889 2908 2906 2891 2889 2909 2907 2909 2907 2891 2889 2889 2887 2909 2907 2889 2887 2910 2908 2910 2908 2889 2887 2890 2888 2910 2908 2890 2888 2911 2909 2911 2909 2890 2888 2901 2899 2911 2909 2901 2899 2912 2910 2912 2910 2901 2899 2900 2898 2912 2910 2900 2898 2913 2911 2913 2911 2900 2898 2899 2897 2913 2911 2899 2897 2914 2912 2914 2912 2899 2897 2915 2913 2914 2912 2915 2913 2916 2914 2916 2914 2915 2913 2917 2915 2916 2914 2917 2915 2918 2916 2904 2902 2906 2904 2903 2901 2903 2901 2906 2904 2919 2917 2903 2901 2919 2917 2895 2893 2895 2893 2919 2917 2920 2918 2895 2893 2920 2918 2896 2894 2896 2894 2920 2918 2921 2919 2896 2894 2921 2919 2897 2895 2897 2895 2921 2919 2922 2920 2897 2895 2922 2920 2898 2896 2894 2892 2923 2921 2904 2902 2904 2902 2923 2921 2924 2922 2904 2902 2924 2922 2905 2903 2905 2903 2924 2922 2925 2923 2905 2903 2925 2923 2869 2867 2869 2867 2925 2923 2878 2876 2923 2921 2926 2924 2924 2922 2924 2922 2926 2924 2927 2925 2924 2922 2927 2925 2925 2923 2925 2923 2927 2925 2928 2926 2925 2923 2928 2926 2878 2876 2878 2876 2928 2926 2879 2877 1883 1883 1885 1885 2894 2892 2894 2892 1885 1885 1886 1886 2894 2892 1886 1886 2923 2921 2923 2921 1886 1886 1882 1882 2923 2921 1882 1882 2926 2924 2926 2924 1882 1882 1881 1881 2926 2924 1881 1881 2927 2925 2927 2925 1881 1881 2886 2884 2927 2925 2886 2884 2928 2926 2928 2926 2886 2884 2885 2883 2928 2926 2885 2883 2879 2877 2879 2877 2885 2883 2877 2875 2877 2875 2885 2883 2876 2874 2876 2874 2885 2883 2907 2905 2876 2874 2907 2905 2875 2873 2875 2873 2907 2905 2908 2906 2875 2873 2908 2906 2874 2872 2874 2872 2908 2906 2909 2907 2874 2872 2909 2907 2870 2868 2870 2868 2909 2907 2910 2908 2870 2868 2910 2908 2872 2870 2872 2870 2910 2908 2911 2909 2872 2870 2911 2909 2871 2869 2871 2869 2911 2909 2868 2866 2868 2866 2911 2909 2912 2910 2868 2866 2912 2910 2865 2863 2865 2863 2912 2910 2913 2911 2865 2863 2913 2911 2883 2881 2883 2881 2913 2911 2914 2912 2883 2881 2914 2912 2882 2880 2882 2880 2914 2912 2916 2914 2882 2880 2916 2914 2880 2878 2880 2878 2916 2914 2918 2916 2880 2878 2918 2916 2881 2879 2869 2867 2867 2865 2905 2903 2905 2903 2867 2865 2902 2900 2905 2903 2902 2900 2906 2904 2906 2904 2902 2900 2884 2882 2906 2904 2884 2882 2919 2917 2919 2917 2884 2882 2864 2862 2919 2917 2864 2862 2920 2918 2920 2918 2864 2862 2863 2861 2920 2918 2863 2861 2921 2919 2921 2919 2863 2861 2881 2879 2921 2919 2881 2879 2922 2920 2922 2920 2881 2879 2918 2916 2922 2920 2918 2916 2898 2896 2898 2896 2918 2916 2917 2915 2898 2896 2917 2915 1916 1916 1916 1916 2917 2915 2915 2913 1916 1916 2915 2913 1917 1917 1917 1917 2915 2913 2899 2897 1917 1917 2899 2897 1906 1906 1906 1906 2899 2897 1905 1905</p>
        </triangles>
      </mesh>
    </geometry>
  </library_geometries>
  <library_visual_scenes>
    <visual_scene id="Scene" name="Scene">
      <node id="base_link" name="base_link" type="NODE">
        <matrix sid="transform">1 0 0 0 0 1 0 0 0 0 1 0 0 0 0 1</matrix>
        <instance_geometry url="#base_link-mesh" name="base_link"/>
      </node>
    </visual_scene>
  </library_visual_scenes>
  <scene>
    <instance_visual_scene url="#Scene"/>
  </scene>
</COLLADA>