<?xml version="1.0" encoding="utf-8"?>
<COLLADA xmlns="http://www.collada.org/2005/11/COLLADASchema" version="1.4.1" xmlns:xsi="http://www.w3.org/2001/XMLSchema-instance">
  <asset>
    <contributor>
      <author>Blender User</author>
      <authoring_tool>Blender 4.2.0 commit date:2024-07-16, commit time:06:20, hash:a51f293548ad</authoring_tool>
    </contributor>
    <created>2026-08-02T01:28:43</created>
    <modified>2026-08-02T01:28:43</modified>
    <unit name="meter" meter="1"/>
    <up_axis>Z_UP</up_axis>
  </asset>
  <library_images/>
  <library_geometries>
    <geometry id="R_Prop-mesh" name="R_Prop">
      <mesh>
        <source id="R_Prop-mesh-positions">
          <float_array id="R_Prop-mesh-positions-array" count="2757">0.05724877 0.06805324 -0.003373205 0.05726617 0.0680378 -0.003328382 0.05748194 0.06784635 -0.003107726 0.05762493 0.06771957 -0.003433227 0.05894708 0.06654673 -0.00306183 0.05894708 0.06654673 -0.002331554 0.05724853 0.06805348 -0.003394126 0.05725556 0.06804722 -0.003412246 0.05726146 0.06804198 -0.003419637 0.05734223 0.06797033 -0.003450751 0.05727583 0.06802922 -0.003430962 0.004098832 0.00633049 -0.004470288 0.004997491 0.005751967 -0.003917574 0.004995346 0.005753815 -0.005549848 0.006493031 0.00158292 -0.001456499 0.006476819 0.001411914 -0.001341521 0.006422698 0.001013457 -0.005549848 0.006507217 0.00179553 -0.001570224 0.006448924 0.003021001 -0.002144098 0.006496429 0.002612829 -0.001949906 0.006515681 0.002120614 -0.001724421 0.006465673 0.001314461 -0.00124377 0.006460964 0.00127685 -0.001176655 0.006459414 0.001264274 -0.00111413 0.006459593 0.001266062 -0.001083254 0.006460607 0.00127393 -0.001049876 0.006422698 0.001013457 0 0.006465852 0.001315951 -9.71538e-4 0.00647968 0.001438975 -8.50803e-4 0.00651288 0.001935124 -5.92336e-4 0.006451785 0.003001928 -3.59924e-4 0.006215453 0.003954827 0 0.006215453 0.003954827 -0.005549848 0.005114912 0.005647778 -0.003828108 0.005852043 0.004733324 -0.003133058 0.005958139 0.004543423 -0.003005743 0.006215274 0.003955423 -0.002642035 0.006264209 0.003810644 -0.002558946 0.003040969 0.006673157 -0.004876136 0.002992331 0.006682336 -0.005549848 0.002993106 0.006682217 -0.004888772 5.15864e-4 0.006571888 -0.004391491 5.03802e-4 0.006568849 -0.004489779 2.11549e-5 0.006430625 -0.005549848 5.84581e-4 0.006588518 -0.004246115 2.11549e-5 0.006430625 0 0.001812458 0.006761431 -0.003250896 0.001034915 0.006679832 -0.003803789 6.82434e-4 0.006611049 -0.004120826 5.25166e-4 0.006574153 -0.004586875 5.85631e-4 0.006588816 -0.004683136 6.42839e-4 0.006602108 -0.004739046 7.23854e-4 0.006620109 -0.00479716 0.00108093 0.006687343 -0.004945456 0.00189048 0.006764113 -0.00504136 0.004995346 0.005753815 0 0.004992067 0.005756616 -0.001114785 0.002992331 0.006682336 0 0.004851937 0.005870163 -0.001207888 0.003848612 0.006438791 -0.001883983 0.003498673 0.006560385 -0.002121031 0.00298959 0.006682813 -0.002463936 0.00251311 0.00674647 -0.002782404 0.006215274 0.003955364 -3.83888e-4 0.006165206 0.004089534 -4.04394e-4 0.005628764 0.005071699 -7.02811e-4 -0.003089487 -0.006663262 -0.005549848 -0.003093302 -0.006662487 -0.004861652 -0.003303766 -0.006614208 -0.004797816 -0.00505644 -0.005700349 -0.005549848 -0.001755654 -0.006758689 -0.003289163 -9.72958e-4 -0.006668984 -0.003853023 -1.31007e-4 -0.006465077 0 -6.27243e-4 -0.006598412 -0.004186332 -5.28583e-4 -0.006574869 -0.004352688 -5.04335e-4 -0.006568849 -0.004455029 -5.04626e-4 -0.006568908 -0.004504621 -1.31007e-4 -0.006465077 -0.005549848 -5.15626e-4 -0.00657165 -0.004560589 -5.44061e-4 -0.006578683 -0.004625439 -5.55766e-4 -0.006581485 -0.004644215 -5.86344e-4 -0.006588816 -0.00468415 -6.55958e-4 -0.006604969 -0.004749894 -9.0041e-4 -0.006655693 -0.004884779 -0.001204192 -0.00670576 -0.004976212 -0.002123475 -0.006765544 -0.00503236 -0.003861427 -0.006433486 -0.001875221 -0.003537654 -0.006548166 -0.002094566 -0.003089487 -0.006663262 0 -0.003086745 -0.006663858 -0.002398669 -0.002560973 -0.00674194 -0.002750396 -0.005628645 -0.005071461 -7.02791e-4 -0.00505644 -0.005700349 0 -0.006165027 -0.004089295 -4.04385e-4 -0.006181418 -0.004046797 0 -0.005266606 -0.00549972 -9.34133e-4 -0.005055069 -0.005701601 -0.001073002 -0.004861235 -0.005862653 -0.00120157 -0.006488144 -0.002704381 -0.001992642 -0.006440103 -0.00112605 -0.005549848 -0.006206095 -0.003980338 -0.002656638 -0.006181418 -0.004046797 -0.005549848 -0.006181359 -0.004046916 -0.002695858 -0.006044685 -0.004369139 -0.002893328 -0.006511807 -0.002342045 -0.00182563 -0.006488263 -0.001529157 -0.001424014 -0.006474792 -0.001394629 -0.001327335 -0.006466865 -0.001325368 -0.001258015 -0.006460666 -0.001275241 -0.001172661 -0.006459236 -0.001264035 -0.001110911 -0.006460487 -0.001274108 -0.001048803 -0.006465673 -0.001315712 -9.71604e-4 -0.006440103 -0.00112605 0 -0.006479501 -0.001438796 -8.50799e-4 -0.006512701 -0.001934885 -5.92348e-4 -0.006451666 -0.003001689 -3.59928e-4 -0.006181359 -0.004046976 -3.97439e-4 -0.004359483 -0.006195843 -0.004331529 -0.00505644 -0.005700349 -0.003873109 -0.005388259 -0.005369007 -0.003600299 0.002856373 -0.004841804 -0.005549848 0.002856373 -0.004841804 0 0.005214154 -0.00215125 -0.005549848 0.005214154 -0.00215125 0 -0.002954661 0.004761517 -0.005549848 -0.002954661 0.004761517 0 -0.005279242 0.002042829 -0.005549848 -0.005279242 0.002042829 0 0.002244353 -0.001990675 0 9.48295e-4 -0.002846062 0 -6.01845e-4 -0.002938866 0 -0.001990675 -0.002244174 0 -0.002938866 6.02014e-4 0 -0.002846121 -9.48125e-4 0 -0.002244174 0.001990854 0 -9.48137e-4 0.00284624 0 6.02002e-4 0.002939045 0 0.001990854 0.002244353 0 0.002939045 -6.01833e-4 0 0.00284624 9.48307e-4 0 -0.001990675 -0.002244174 -0.005549848 -6.01845e-4 -0.002938866 -0.005549848 9.48295e-4 -0.002846062 -0.005549848 0.002244353 -0.001990675 -0.005549848 0.002939045 -6.01833e-4 -0.005549848 0.00284624 9.48307e-4 -0.005549848 0.001990854 0.002244353 -0.005549848 -0.002846121 -9.48125e-4 -0.005549848 -0.002938866 6.02014e-4 -0.005549848 -0.002244174 0.001990854 -0.005549848 -9.48137e-4 0.00284624 -0.005549848 6.02002e-4 0.002939045 -0.005549848 0.0497868 0.06050866 -0.003518879 0.0218777 0.03214454 -0.004889607 0.02378898 0.03400951 -0.004559457 0.02380323 0.03399705 -0.004575729 0.01258134 0.02253353 -0.007218599 0.01364904 0.02158653 -0.006470203 0.01009625 0.01767933 -0.007029235 0.0175265 0.01109099 0.001489639 0.01652538 0.01197946 -1.53643e-5 0.01991814 0.01602846 -2.85649e-4 0.03090965 0.02769291 -9.77264e-4 0.03418165 0.0318976 -0.001482188 0.03412014 0.03195244 -0.001460194 0.02126342 0.01483362 0.001789808 0.0212723 0.01482582 0.001775562 0.02448779 0.01911622 7.10465e-4 0.01746773 0.01114082 0.002307176 0.02087026 0.0151813 0.001690745 0.0198034 0.01612663 9.44724e-4 0.01960998 0.01275527 0.002175033 0.01960086 0.01276326 0.002190828 0.01787364 0.01078182 0.002407848 0.01788306 0.01077359 0.002390205 0.01698869 0.009825289 0.002406299 0.02954727 0.03600871 -0.00258094 0.02853745 0.03690284 -0.003173887 0.02108937 0.02927708 -0.003946244 0.04413843 0.04431122 -0.00206232 0.04747229 0.04842281 -0.002062678 0.04745942 0.04843401 -0.002050817 0.03747928 0.03606456 -0.001804053 0.04079586 0.04020333 -0.001980781 0.0407415 0.04025173 -0.00195825 0.05979722 0.06449806 -0.002029538 0.05970716 0.06533271 -0.0020774 0.04662841 0.04917412 -0.001970529 0.05935257 0.06608855 -0.002194881 0.04483759 0.0507664 -0.002216994 0.04487794 0.05072921 -0.002890944 0.04316532 0.05224484 -0.003388166 0.01004254 0.004121363 1.29952e-4 0.009033441 0.005015015 -0.001363217 0.003089427 0.01028722 -0.005184948 0.004886925 0.008692324 -0.002572894 0.006188392 0.007541298 -0.001273989 0.007727265 0.002840399 -1.31702e-4 0.009330511 0.004756927 6.07351e-4 0.009732544 0.004399359 6.75955e-4 0.01175647 0.005947589 0.001421689 0.008818089 0.005212008 4.24922e-4 0.003811776 0.009644806 -0.003957509 0.00289762 0.01045894 -0.005667328 0.002851247 0.0105009 -0.00586158 0.002611756 0.007377982 -0.005218505 0.005209386 0.008410394 -0.005023181 0.007889568 0.006029903 -0.002617716 0.006558775 0.007211446 -0.003890991 0.009828448 0.004310548 -2.88101e-4 0.0100944 0.004075825 2.9984e-4 0.0101059 0.004066109 4.40104e-4 0.01009547 0.004075586 4.98197e-4 0.01007395 0.004094898 5.47955e-4 0.007971048 0.002624452 -2.3316e-4 0.05934828 0.06609475 -0.002895951 0.05965805 0.06548827 -0.002699196 0.0466569 0.04915076 -0.002400159 0.05971878 0.06528967 -0.002639234 0.05978977 0.06440234 -0.002393543 0.05965775 0.06548905 -0.002094566 0.05925571 0.06307333 -0.002097547 0.05936557 0.06322365 -0.002079308 0.05413067 0.05665487 -0.002009093 0.05943638 0.0633344 -0.0020684 0.04741144 0.04847639 -0.002029061 0.05956202 0.06356972 -0.002050101 0.04723674 0.04863184 -0.001993715 0.05961269 0.06368541 -0.002043187 0.0597651 0.06421768 -0.00202775 0.04074794 0.04024624 -0.002066254 0.04079896 0.04020076 -0.002034246 0.0374819 0.03606218 -0.001862764 0.04081171 0.04018932 -0.002019584 0.03749573 0.0360499 -0.001846134 0.04081565 0.0401858 -0.002005815 0.03750008 0.03604602 -0.001830816 0.04742109 0.04846906 -0.002136766 0.04746413 0.04843032 -0.002104401 0.04412859 0.04432034 -0.002102553 0.04747462 0.04842078 -0.002089619 0.04414027 0.04430979 -0.002088308 0.04747748 0.0484181 -0.002075791 0.04414367 0.04430663 -0.002074956 0.04725432 0.04861825 -0.002211987 0.05976527 0.06421875 -0.002347111 0.04055291 0.04041999 -0.002140581 0.03412568 0.03194695 -0.001598596 0.03418409 0.03189516 -0.001551032 0.03419888 0.0318821 -0.001530528 0.03420358 0.03187793 -0.001512169 0.05954968 0.06354379 -0.002190411 0.05409169 0.05669063 -0.002094864 0.05412614 0.05665951 -0.002056479 0.05413413 0.05665218 -0.002039253 0.05413573 0.05665057 -0.002023458 0.03503018 0.04531806 -0.003543615 0.03872781 0.049111 -0.003488779 0.03503376 0.04531496 -0.003560245 0.03873848 0.04910165 -0.003501236 0.0350449 0.04530525 -0.003573179 0.03508907 0.04526627 -0.003588199 0.0424624 0.05286675 -0.003512859 0.04261589 0.05273091 -0.003508627 0.03526014 0.04511511 -0.003578007 0.03587675 0.04456913 -0.003428399 0.02854889 0.0368961 -0.003820955 0.03781813 0.04284846 -0.00285077 0.0307824 0.03491419 -0.002921283 0.03986024 0.04103618 -0.002328932 0.03311455 0.0328446 -0.002040147 0.0339033 0.0321443 -0.001717746 0.02757459 0.0377587 -0.004058063 0.02757042 0.03776222 -0.004038035 0.02944755 0.03964489 -0.003858625 0.02757495 0.03775799 -0.004012823 0.0294519 0.03964078 -0.003834903 0.02763849 0.03770267 -0.004087567 0.02758747 0.03774756 -0.004072964 0.0313313 0.04151874 -0.003751277 0.03131949 0.04152899 -0.003737509 0.03131568 0.04153221 -0.003719508 0.03131991 0.04152828 -0.003697097 0.03133207 0.04151731 -0.003670573 0.03504544 0.04530435 -0.00349909 0.03503406 0.04531449 -0.00352317 0.03872776 0.04911106 -0.003453791 0.03872424 0.04911416 -0.003472983 0.0424081 0.05291497 -0.003470301 0.0424118 0.05291169 -0.003485679 0.04979068 0.06050473 -0.003534376 0.04980057 0.06049585 -0.003546655 0.03587263 0.04457139 -0.002892792 0.04081028 0.04019051 -0.00199294 0.03749454 0.03605097 -0.001816809 0.0341978 0.03188318 -0.001496076 0.03779089 0.04287421 -0.002135336 0.03984403 0.04105132 -0.001884996 0.04054182 0.04042965 -0.001919209 0.03873831 0.04910171 -0.0034312 0.04242092 0.05290383 -0.003430008 0.0424112 0.05291235 -0.003451704 0.04978877 0.06050688 -0.003500759 0.04979658 0.06049996 -0.003479838 0.05351006 0.06428289 -0.003457009 0.05350321 0.06428885 -0.003477752 0.04245978 0.05286961 -0.003377854 0.03508985 0.04526484 -0.003440797 0.04315054 0.05225956 -0.002894341 0.005773842 0.01462328 -0.006603598 0.005524039 0.01484543 -0.00713551 0.00693804 0.0170111 -0.007702887 0.005444705 0.01491641 -0.007486343 0.005461394 0.01490128 -0.007335901 0.004109144 0.01272952 -0.00683701 0.002840757 0.01051104 -0.006019294 0.007006704 0.01695042 -0.007508456 0.007276952 0.01671117 -0.006979465 0.008643925 0.01897001 -0.007566332 0.02025771 0.03001511 -0.004773557 0.01226365 0.02281779 -0.007002711 0.01253956 0.02257394 -0.006555259 0.008924067 0.01872253 -0.007054686 0.006694018 0.01380646 -0.005139887 0.009613275 0.0112186 -0.001537203 0.008264005 0.01583606 -0.005485057 0.02187722 0.03214466 -0.004833519 0.0199514 0.03028756 -0.005218207 0.0199666 0.03027397 -0.005175769 0.01217478 0.02289587 -0.007224738 0.0121923 0.02288061 -0.00716257 0.008572161 0.01903313 -0.007751464 0.02378416 0.03401356 -0.004536688 0.02187246 0.03214901 -0.004865169 0.02002674 0.03022038 -0.005068361 0.02385812 0.03394722 -0.004383385 0.02380293 0.03399658 -0.004471957 0.02568304 0.03588485 -0.004262506 0.02378886 0.03400921 -0.004507422 0.02568769 0.03588056 -0.004235446 0.027588 0.03774619 -0.003982543 0.04982942 0.06047123 -0.00342971 0.04260975 0.05273729 -0.003243088 0.0352602 0.04511374 -0.003288686 0.02763909 0.03770053 -0.003907918 0.02783453 0.03752648 -0.003708779 0.01353627 0.02169078 -0.005259335 0.009941518 0.01782095 -0.005586445 0.01496291 0.02042448 -0.003628432 0.01310485 0.01501202 -0.00178647 0.0166217 0.01895093 -0.001904189 0.007565498 0.006322503 -2.48105e-4 0.01124387 0.009773194 8.58286e-5 0.01637041 0.01211327 0.001459777 0.01269847 0.008483111 0.001323401 0.01457124 0.01023894 0.001495718 0.01076644 0.006827294 9.48027e-4 0.01409476 0.007243514 0.00205332 0.01404798 0.007285118 0.002067565 0.01204234 0.005692958 0.001430928 0.01374781 0.007551729 0.001997709 0.009884357 0.004264175 6.65086e-4 0.01191967 0.005802333 0.001446962 0.01391959 0.007399141 0.002057313 0.01565676 0.009276509 0.002299726 0.01415193 0.007192611 0.001985013 0.0160607 0.008918702 0.002369105 0.01412951 0.007212579 0.002025842 0.01604789 0.008929967 0.002385139 0.01601278 0.008961081 0.002406179 0.0159651 0.009003281 0.002412676 0.02117139 0.01491487 0.001812875 0.01950669 0.01284635 0.002216756 0.01955389 0.01280468 0.002216935 0.017861 0.01079303 0.002421736 0.01782596 0.0108239 0.002438306 0.01777821 0.0108661 0.002440214 0.02125132 0.01484429 0.001800775 0.02121758 0.0148741 0.001813173 0.01697921 0.009833633 0.002424895 0.01607024 0.008910238 0.002349376 0.01789188 0.01076591 0.002343654 0.0160796 0.008902013 0.002298831 0.0183112 0.01745057 -3.14883e-4 0.02446812 0.01913362 7.31497e-4 0.02764022 0.02346742 -2.39263e-4 0.02759981 0.02350336 -2.33071e-4 0.0273382 0.0237357 -2.63575e-4 0.02641582 0.02455455 -5.69849e-4 0.02512753 0.02569735 -0.001159846 0.02368319 0.02697777 -0.001979887 0.02228254 0.02821922 -0.002958238 0.0244795 0.01912355 7.22151e-4 0.02768814 0.0234248 -2.69206e-4 0.02766978 0.02344107 -2.51247e-4 0.02930301 0.02555769 -6.60963e-4 0.03092682 0.02767759 -9.92878e-4 0.03389257 0.03215515 -0.001437604 0.03309398 0.03286546 -0.001489162 0.03198045 0.03385406 -0.001688241 0.0307402 0.03495293 -0.002053022 0.01787072 0.01078498 0.002206742 0.01961839 0.012748 0.002132594 0.02127796 0.01482093 0.001758098 0.01382756 0.007479727 0.001067101 0.01289343 0.008307993 -3.72083e-4 0.02118682 0.01490235 0.001461029 0.02125769 0.01483923 0.001622736 0.02127522 0.01482355 0.001686096 0.02128028 0.0148189 0.001737296 0.009958446 0.01091194 -0.003946781 0.004328429 0.01253694 -0.00701642 0.003175675 0.01021629 -0.006237804 0.003036975 0.01033902 -0.006245434 0.001860857 0.008043944 -0.005431115 0.001738488 0.008152604 -0.005413353 0.005556523 0.01481777 -0.007625281 0.004212558 0.01263928 -0.007006049 0.002933442 0.01043033 -0.006212711 0.002895891 0.01046335 -0.006180226 0.002867937 0.01048773 -0.006137013 0.004170417 0.01267629 -0.006982326 0.004139125 0.01270371 -0.006946206 0.005510628 0.0148583 -0.007610976 0.005476593 0.0148884 -0.007583081 0.006951212 0.01699894 -0.007928788 0.008333206 0.01235431 -0.005588233 0.004024803 0.009462893 -0.005854785 0.006890833 0.01363438 -0.006853342 0.008440077 0.01567786 -0.00705868 0.001647293 0.008233666 -0.005363166 0.006986856 0.01696723 -0.00794959 0.008583426 0.01902216 -0.007957696 0.01217007 0.0228998 -0.007274329 0.01031213 0.0210027 -0.007669568 0.008550941 0.01905143 -0.007883131 0.006918549 0.01702815 -0.007844328 0.006928384 0.01701933 -0.007893741 0.00545454 0.01490777 -0.007541537 0.01032119 0.02099442 -0.007709801 0.01033073 0.02098584 -0.007724702 0.008560478 0.01904273 -0.007927596 0.008570313 0.0190339 -0.007944464 0.006938159 0.01701056 -0.007913053 0.01218754 0.02288389 -0.007324337 0.01219981 0.02287286 -0.007334589 0.005852162 0.01455575 -0.007550776 0.007345855 0.01664847 -0.007846713 0.008983552 0.01866626 -0.007847845 0.0168336 0.01876384 -0.003630638 0.01338469 0.0147646 -0.00384587 0.0147466 0.01008516 -9.49989e-5 0.01572543 0.009216606 0.001420795 0.01408123 0.007254898 0.001587152 0.002849578 0.01050364 -0.006083309 0.00411868 0.01272141 -0.006897687 0.01599252 0.008979499 0.001957237 0.01414459 0.00719887 0.001783013 0.01215368 0.00559318 0.001268684 0.01214343 0.005602538 0.001325845 0.0121212 0.005622446 0.00137186 0.01004177 0.004123747 5.89445e-4 0.009999155 0.004161775 6.22738e-4 0.02769291 0.02342051 -2.80482e-4 0.0276947 0.02341884 -2.93319e-4 0.02768951 0.02342337 -3.23593e-4 0.02767306 0.02343797 -3.59775e-4 0.02760773 0.02349585 -4.49036e-4 0.02735805 0.02371716 -6.89351e-4 0.03091222 0.02769023 -0.001062333 0.03092795 0.0276764 -0.001035451 0.02930426 0.02555638 -7.08963e-4 0.03093296 0.02767205 -0.001012206 0.02930933 0.02555197 -6.82517e-4 0.02930766 0.02555352 -6.71122e-4 0.03093129 0.02767354 -0.001002073 0.03085029 0.02774506 -0.001126825 0.02113479 0.02923864 -0.004807591 0.02727746 0.0309152 -0.003018975 0.02378314 0.02688866 -0.003169298 0.02977544 0.02869862 -0.001763224 0.02646666 0.02450782 -0.001370847 0.01607412 0.02657938 -0.006272494 0.0160554 0.026596 -0.006252169 0.01217848 0.02289205 -0.007310926 0.01994812 0.0302906 -0.005266904 0.01223385 0.02284252 -0.007345616 0.01037889 0.02094268 -0.007748901 0.008619427 0.01898998 -0.007973551 0.007035017 0.01692438 -0.007956266 0.005682766 0.01470595 -0.007613539 0.004483759 0.01239949 -0.006980001 0.01995235 0.03028696 -0.005279064 0.0199685 0.03027272 -0.005297183 0.01999497 0.03024935 -0.005307316 0.02003151 0.03021705 -0.005309522 0.01228016 0.02280122 -0.007344067 0.01042693 0.02089983 -0.007748186 0.008668184 0.01894652 -0.007975399 0.0278362 0.03752785 -0.004060208 0.02027231 0.03000366 -0.005243718 0.01738137 0.02541959 -0.005597591 0.02030104 0.02283012 -0.003380417 0.02319359 0.0202645 -8.43962e-4 0.02091223 0.01514631 0.00101161 0.01780074 0.01084727 0.002015829 0.01606005 0.008919477 0.002154588 0.01416176 0.00718379 0.001930713 0.01217263 0.02289736 -0.007294237 0.01994657 0.03029191 -0.005252718 0.02187383 0.03214788 -0.004878282 0.02378541 0.03401261 -0.004548847 0.04242217 0.05290263 -0.003497719 0.0595144 0.0634734 -0.002175509 0.05937796 0.06324219 -0.00212872 0.05930167 0.06313347 -0.002107977 -0.02187758 -0.03214442 -0.004889607 -0.01995223 -0.03028684 -0.005279064 -0.01994806 -0.03029048 -0.005266904 -0.01258128 -0.02253341 -0.007218599 -0.01364892 -0.02158641 -0.006470203 -0.01009619 -0.01767921 -0.007029235 -0.006986796 -0.01696711 -0.00794959 -0.007034897 -0.01692432 -0.007956266 -0.005556404 -0.01481765 -0.007625281 -0.01752638 -0.01109093 0.001489639 -0.01652526 -0.0119794 -1.53643e-5 -0.01991802 -0.0160284 -2.85657e-4 -0.03090953 -0.02769279 -9.77272e-4 -0.03418153 -0.03189748 -0.001482188 -0.03412002 -0.03195226 -0.001460194 -0.0178259 -0.01082378 0.002438306 -0.01777815 -0.01086598 0.002440214 -0.01596504 -0.009003162 0.002412676 -0.004886806 -0.008692264 -0.002572894 -0.006188273 -0.007541179 -0.001273989 -0.009613156 -0.01121848 -0.001537203 -0.0028975 -0.01045888 -0.005667388 -0.003089308 -0.0102871 -0.005184948 -0.005773723 -0.01462316 -0.006603598 -0.06065779 -0.06502896 -0.002083659 -0.04723662 -0.04863166 -0.001993715 -0.04741126 -0.04847621 -0.002029061 -0.05413389 -0.05665183 -0.002016127 -0.06073331 -0.06496196 -0.002137422 -0.06073206 -0.06496304 -0.002134799 -0.05413055 -0.05665469 -0.002009093 -0.04747223 -0.04842245 -0.002062916 -0.04747575 -0.04841923 -0.002069234 -0.044142 -0.04430782 -0.002068519 -0.05739557 -0.06792271 -0.003454327 -0.05773019 -0.06762582 -0.003414392 -0.04316514 -0.05224466 -0.003388166 -0.0497905 -0.06050455 -0.003534376 -0.04242199 -0.05290251 -0.003497719 -0.04241168 -0.05291152 -0.003485679 -0.002611637 -0.007377862 -0.005218505 -0.004024684 -0.009462833 -0.005854785 -0.001860737 -0.008043885 -0.005431115 -0.01009434 -0.004075706 2.99877e-4 -0.01010584 -0.00406599 4.40141e-4 -0.01004248 -0.004121243 1.29988e-4 -0.009033381 -0.005014896 -0.001363158 -0.005209267 -0.008410274 -0.005023181 -0.007889509 -0.006029784 -0.002617657 -0.006558656 -0.007211327 -0.003890991 -0.01009541 -0.004075467 4.98234e-4 -0.0100739 -0.004094779 5.47992e-4 -0.007970988 -0.002624332 -2.33122e-4 -0.00881803 -0.005211949 4.24947e-4 -0.003811657 -0.009644687 -0.003957509 -0.002840638 -0.01051098 -0.006019294 -0.001738369 -0.008152544 -0.005413353 -0.03418397 -0.03189504 -0.001551032 -0.03412556 -0.03194683 -0.001598596 -0.03748172 -0.03606206 -0.001862764 -0.04074782 -0.04024612 -0.002066254 -0.05412602 -0.05665934 -0.002056479 -0.04746401 -0.0484302 -0.002104401 -0.04742097 -0.04846888 -0.002136766 -0.04412847 -0.04432016 -0.002102553 -0.04079884 -0.04020059 -0.002034246 -0.04665672 -0.04915058 -0.002400159 -0.0472542 -0.04861807 -0.002211987 -0.04055279 -0.04041981 -0.002140581 -0.03420346 -0.03187781 -0.001512169 -0.03420239 -0.03187876 -0.00152105 -0.03749996 -0.0360459 -0.001830816 -0.03749895 -0.03604674 -0.001838326 -0.04081553 -0.04018563 -0.002005815 -0.04081469 -0.0401864 -0.00201261 -0.04414355 -0.04430651 -0.002074956 -0.0441429 -0.04430711 -0.002081513 -0.0474773 -0.04841792 -0.002075791 -0.04747688 -0.0484184 -0.002082586 -0.05413556 -0.0566504 -0.002023458 -0.05413568 -0.05665057 -0.002031266 -0.06073695 -0.06495875 -0.002150416 -0.06073743 -0.06495833 -0.002158701 -0.05744576 -0.06079137 -0.00206232 -0.06073611 -0.06495952 -0.002170145 -0.03419876 -0.03188192 -0.001530528 -0.03749561 -0.03604978 -0.001846134 -0.04081159 -0.04018914 -0.002019584 -0.04414016 -0.04430961 -0.002088308 -0.0474745 -0.0484206 -0.002089619 -0.05413407 -0.05665206 -0.002039253 -0.05409151 -0.05669045 -0.002094864 -0.05743908 -0.06079745 -0.00208038 -0.03503 -0.04531794 -0.003543615 -0.03872501 -0.04911321 -0.003481328 -0.0350309 -0.04531723 -0.003552377 -0.0387277 -0.04911088 -0.003488779 -0.03503364 -0.04531484 -0.003560245 -0.03873831 -0.04910147 -0.003501236 -0.03504478 -0.04530507 -0.003573179 -0.03508895 -0.04526615 -0.003588199 -0.04978781 -0.06050717 -0.003527045 -0.05724948 -0.06805223 -0.003399252 -0.05350589 -0.06428593 -0.00351119 -0.05725216 -0.0680499 -0.003406465 -0.05725872 -0.06804406 -0.003416717 -0.05726134 -0.0680418 -0.003419637 -0.05351549 -0.06427735 -0.003523886 -0.05728965 -0.06801664 -0.003437936 -0.04246228 -0.05286663 -0.003512859 -0.03390318 -0.03214418 -0.001717746 -0.03311443 -0.03284442 -0.002040147 -0.03986006 -0.041036 -0.002328932 -0.03078228 -0.03491407 -0.002921283 -0.03781795 -0.04284834 -0.00285077 -0.02854877 -0.03689593 -0.003820955 -0.03587663 -0.04456895 -0.003428399 -0.03526002 -0.04511493 -0.003578007 -0.04261571 -0.05273073 -0.003508627 -0.0572949 -0.06801199 -0.003439962 -0.04487776 -0.05072909 -0.002890944 -0.05948901 -0.06606572 -0.00285989 -0.06040543 -0.06525284 -0.002441346 -0.06064981 -0.06503605 -0.002280712 -0.06070601 -0.06498616 -0.002225399 -0.06071871 -0.06497496 -0.002208411 -0.06073129 -0.06496375 -0.002185463 -0.02757132 -0.03776127 -0.004048705 -0.0275703 -0.03776204 -0.004038035 -0.02944743 -0.03964471 -0.003858625 -0.02757483 -0.03775787 -0.004012823 -0.02945178 -0.03964066 -0.003834903 -0.02763837 -0.0377025 -0.004087567 -0.02758735 -0.03774738 -0.004072964 -0.03133118 -0.04151856 -0.003751277 -0.02757453 -0.03775858 -0.004058063 -0.03131937 -0.04152888 -0.003737509 -0.03131645 -0.04153138 -0.003729045 -0.03131556 -0.04153209 -0.003719508 -0.03131979 -0.04152816 -0.003697097 -0.03526002 -0.04511356 -0.003288686 -0.03508973 -0.04526466 -0.003440797 -0.02763897 -0.03770041 -0.003907859 -0.03133195 -0.04151719 -0.003670573 -0.03504532 -0.04530417 -0.00349909 -0.03503394 -0.04531437 -0.00352317 -0.03872764 -0.04911088 -0.003453791 -0.03872406 -0.04911404 -0.003472983 -0.04240798 -0.05291485 -0.003470301 -0.042409 -0.0529139 -0.003478407 -0.02758789 -0.03774607 -0.003982543 -0.03873819 -0.04910153 -0.0034312 -0.04241108 -0.05291217 -0.003451704 -0.04978656 -0.06050831 -0.003519177 -0.03779077 -0.04287403 -0.002135336 -0.03587245 -0.04457128 -0.002892792 -0.02954715 -0.03600859 -0.00258094 -0.02853733 -0.03690272 -0.003173887 -0.02108925 -0.0292769 -0.003946244 -0.03420192 -0.03187924 -0.001503884 -0.03749841 -0.03604727 -0.001823663 -0.03749442 -0.03605085 -0.001816809 -0.04081016 -0.04019033 -0.00199294 -0.04079574 -0.04020321 -0.001980781 -0.03093117 -0.02767342 -0.001002073 -0.03419768 -0.031883 -0.001496136 -0.03747916 -0.03606444 -0.001804053 -0.04074132 -0.04025155 -0.00195825 -0.0498293 -0.06047105 -0.00342971 -0.05350989 -0.06428271 -0.003457009 -0.0497964 -0.06049978 -0.003479838 -0.05350309 -0.06428867 -0.003477752 -0.04978853 -0.06050664 -0.003500878 -0.04260963 -0.05273711 -0.003243088 -0.04245966 -0.05286943 -0.003377854 -0.0424208 -0.05290365 -0.003430008 -0.04081398 -0.040187 -0.001999318 -0.04413831 -0.04431104 -0.00206232 -0.04745924 -0.04843389 -0.002050817 -0.06072217 -0.0649718 -0.002120554 -0.06071698 -0.06497645 -0.002115368 -0.04662823 -0.04917401 -0.001970529 -0.06036585 -0.06528788 -0.002052664 -0.04483741 -0.05076628 -0.002216994 -0.05914109 -0.06637436 -0.002268016 -0.05885815 -0.06662535 -0.002363502 -0.04315042 -0.05225938 -0.002894341 -0.05749607 -0.06783354 -0.003096401 -0.05735015 -0.067963 -0.003224194 -0.05725574 -0.06804668 -0.003349244 -0.05724763 -0.0680539 -0.003382027 -0.05350172 -0.06428974 -0.003495872 -0.01226359 -0.02281767 -0.007002711 -0.008572041 -0.01903307 -0.007751464 -0.008643865 -0.01896989 -0.007566332 -0.006937921 -0.01701104 -0.007702887 -0.007006585 -0.01695036 -0.007508456 -0.005461335 -0.01490116 -0.007335901 -0.00552392 -0.01484537 -0.00713551 -0.002851128 -0.01050084 -0.005861639 -0.007276833 -0.01671105 -0.006979465 -0.02025759 -0.03001499 -0.004773557 -0.0125395 -0.02257382 -0.006555259 -0.008923947 -0.01872241 -0.007054686 -0.01994651 -0.03029179 -0.005252718 -0.01216995 -0.02289968 -0.00727427 -0.01995134 -0.03028744 -0.005218207 -0.01217472 -0.02289575 -0.007224738 -0.01996648 -0.03027385 -0.005175709 -0.01219218 -0.02288049 -0.00716257 -0.02002662 -0.03022027 -0.005068361 -0.02783441 -0.03752636 -0.003708779 -0.01831114 -0.01745045 -3.14891e-4 -0.01662158 -0.01895087 -0.001904189 -0.01310473 -0.0150119 -0.00178647 -0.01496279 -0.02042436 -0.003628432 -0.006693899 -0.01380634 -0.005139887 -0.008263885 -0.015836 -0.005485057 -0.009941399 -0.01782083 -0.005586445 -0.01353621 -0.02169066 -0.005259335 -0.01637029 -0.01211315 0.001459777 -0.01124382 -0.009773075 8.58309e-5 -0.01457118 -0.01023882 0.001495718 -0.01269835 -0.008482992 0.001323461 -0.01076638 -0.006827175 9.48046e-4 -0.009330451 -0.004756808 6.07381e-4 -0.01175642 -0.00594747 0.001421689 -0.01746767 -0.0111407 0.002307176 -0.01565665 -0.00927639 0.002299726 -0.01374775 -0.00755161 0.001997709 -0.009732484 -0.00439924 6.75989e-4 -0.01191961 -0.005802214 0.001446962 -0.01391953 -0.007399082 0.002057313 -0.01404786 -0.007284998 0.002067625 -0.01601266 -0.008960962 0.002406179 -0.01786088 -0.01079291 0.002421736 -0.01607948 -0.008901894 0.002298831 -0.01607018 -0.008910119 0.002349436 -0.01415187 -0.007192492 0.001985013 -0.01606059 -0.008918583 0.002369105 -0.0141294 -0.00721246 0.002025842 -0.01787358 -0.01078176 0.002407848 -0.01960074 -0.0127632 0.002190828 -0.01788294 -0.01077347 0.002390205 -0.01960992 -0.01275515 0.002175033 -0.01409465 -0.007243394 0.00205332 -0.01604783 -0.008929908 0.002385139 -0.01697915 -0.009833514 0.002424895 -0.01698863 -0.00982517 0.002406299 -0.01789182 -0.01076579 0.002343654 -0.01787066 -0.01078486 0.002206742 -0.01961827 -0.01274788 0.002132594 -0.0212512 -0.01484417 0.001800775 -0.02121746 -0.01487398 0.001813173 -0.01955378 -0.01280456 0.002216935 -0.02117133 -0.01491475 0.001812815 -0.01950663 -0.01284623 0.002216756 -0.0208702 -0.01518118 0.001690745 -0.01980334 -0.01612657 9.44711e-4 -0.007565438 -0.006322443 -2.48093e-4 -0.0212633 -0.0148335 0.001789808 -0.02447938 -0.01912343 7.22134e-4 -0.02127224 -0.0148257 0.001775562 -0.02448767 -0.0191161 7.10448e-4 -0.02769279 -0.02342039 -2.80494e-4 -0.02768802 -0.02342468 -2.69218e-4 -0.024468 -0.0191335 7.3148e-4 -0.0276401 -0.0234673 -2.39275e-4 -0.02759969 -0.02350324 -2.33083e-4 -0.02733808 -0.02373558 -2.63587e-4 -0.0264157 -0.02455443 -5.69857e-4 -0.02512741 -0.02569723 -0.001159846 -0.02368307 -0.02697765 -0.001979887 -0.02228242 -0.02821904 -0.002958238 -0.02930289 -0.02555751 -6.60973e-4 -0.02930754 -0.0255534 -6.71132e-4 -0.0309267 -0.02767747 -9.92886e-4 -0.02766966 -0.02344095 -2.51259e-4 -0.03389245 -0.03215503 -0.001437604 -0.03309386 -0.03286534 -0.001489162 -0.03198033 -0.03385388 -0.001688241 -0.03074008 -0.03495281 -0.002053022 -0.03984391 -0.04105114 -0.001884996 -0.0405417 -0.04042947 -0.001919209 -0.009828388 -0.004310429 -2.88068e-4 -0.01382744 -0.007479608 0.001067101 -0.01289337 -0.008307874 -3.72068e-4 -0.02128016 -0.01481878 0.001737296 -0.0212751 -0.01482343 0.001686096 -0.02125763 -0.01483911 0.001622676 -0.0211867 -0.01490223 0.001461029 -0.009958386 -0.01091182 -0.003946781 -0.003036856 -0.0103389 -0.006245493 -0.003175556 -0.01021623 -0.006237804 -0.006890714 -0.01363426 -0.006853401 -0.008333086 -0.01235419 -0.005588233 -0.008440017 -0.01567775 -0.00705868 -0.002867817 -0.01048767 -0.006137073 -0.002849459 -0.01050353 -0.006083309 -0.004139006 -0.01270359 -0.006946206 -0.004118561 -0.01272135 -0.006897747 -0.005476474 -0.01488828 -0.007583081 -0.00545448 -0.01490771 -0.007541537 -0.006938099 -0.01701045 -0.007913053 -0.008570194 -0.01903378 -0.007944464 -0.008583307 -0.01902204 -0.007957696 -0.006951153 -0.01699882 -0.007928788 -0.005510509 -0.01485824 -0.007610976 -0.004170358 -0.01267617 -0.006982386 -0.004212439 -0.01263916 -0.007006108 -0.002895772 -0.01046323 -0.006180286 -0.002933323 -0.01043027 -0.006212711 -0.001647174 -0.008233547 -0.005363166 -0.007345736 -0.01664835 -0.007846772 -0.005852043 -0.01455569 -0.007550776 -0.005682647 -0.01470583 -0.007613539 -0.004483699 -0.01239943 -0.006980061 -0.00432837 -0.01253688 -0.00701642 -0.01223373 -0.0228424 -0.007345616 -0.01228004 -0.0228011 -0.007344067 -0.01037877 -0.02094256 -0.007748901 -0.01042681 -0.02089971 -0.007748186 -0.008619308 -0.01898986 -0.007973551 -0.008668065 -0.0189464 -0.007975399 -0.01219975 -0.02287274 -0.007334589 -0.008983492 -0.01866614 -0.007847845 -0.01218748 -0.02288377 -0.007324337 -0.01033061 -0.02098572 -0.007724702 -0.01032108 -0.0209943 -0.007709801 -0.008560419 -0.01904261 -0.007927596 -0.008550882 -0.01905131 -0.007883131 -0.006928265 -0.01701921 -0.007893741 -0.00691843 -0.01702803 -0.007844328 -0.01683348 -0.01876372 -0.003630638 -0.01338458 -0.01476448 -0.00384587 -0.01474648 -0.01008504 -9.49923e-5 -0.01572537 -0.009216487 0.001420795 -0.01408118 -0.007254779 0.001587152 -0.005444586 -0.0149163 -0.007486402 -0.004109025 -0.0127294 -0.00683701 -0.01599246 -0.00897938 0.001957237 -0.01414453 -0.00719875 0.001783013 -0.01215362 -0.005593061 0.001268684 -0.01214331 -0.005602419 0.001325845 -0.01212114 -0.005622327 0.00137192 -0.01004171 -0.004123628 5.89482e-4 -0.009999096 -0.004161655 6.22775e-4 -0.007727205 -0.00284028 -1.31666e-4 -0.009884297 -0.004264056 6.65121e-4 -0.01204222 -0.005692839 0.001430988 -0.02127784 -0.01482081 0.001758038 -0.02769464 -0.02341872 -2.93331e-4 -0.02769345 -0.02341973 -3.07717e-4 -0.02768945 -0.02342325 -3.23605e-4 -0.02767294 -0.02343785 -3.59787e-4 -0.02760761 -0.02349573 -4.49047e-4 -0.02735799 -0.02371704 -6.89361e-4 -0.03091216 -0.02769011 -0.001062333 -0.03092783 -0.02767628 -0.001035451 -0.02930414 -0.02555626 -7.08973e-4 -0.03093165 -0.02767288 -0.001023352 -0.02930808 -0.0255528 -6.95151e-4 -0.03255963 -0.02978444 -0.001307725 -0.03256338 -0.02978116 -0.001297116 -0.03093284 -0.02767193 -0.001012206 -0.02930927 -0.02555185 -6.82526e-4 -0.03085017 -0.02774494 -0.001126825 -0.02113467 -0.02923852 -0.004807591 -0.02727735 -0.03091508 -0.003018915 -0.02378302 -0.02688854 -0.003169298 -0.02977532 -0.0286985 -0.001763224 -0.02646654 -0.0245077 -0.001370847 -0.01217842 -0.02289193 -0.007310867 -0.01605534 -0.02659589 -0.00625211 -0.016074 -0.02657926 -0.006272494 -0.01996845 -0.0302726 -0.005297183 -0.01999485 -0.03024923 -0.005307316 -0.02187371 -0.03214776 -0.004878282 -0.02187234 -0.03214889 -0.004865169 -0.02187711 -0.03214454 -0.004833459 -0.02380281 -0.03399646 -0.004471957 -0.02385801 -0.03394705 -0.004383385 -0.02378886 -0.03400939 -0.004559397 -0.02378529 -0.03401249 -0.004548847 -0.02378404 -0.03401345 -0.004536688 -0.02378875 -0.03400909 -0.004507422 -0.02380317 -0.03399693 -0.004575729 -0.02003139 -0.03021693 -0.005309522 -0.02783608 -0.03752774 -0.004060208 -0.02027225 -0.03000354 -0.005243659 -0.01738125 -0.02541947 -0.005597591 -0.02030092 -0.02283 -0.003380417 -0.02319347 -0.02026438 -8.43972e-4 -0.02091211 -0.01514619 0.00101155 -0.01780068 -0.01084715 0.002015829 -0.01605999 -0.008919358 0.002154648 -0.0141617 -0.00718367 0.001930713 -0.01217257 -0.02289724 -0.007294237 -0.01031202 -0.02100259 -0.007669568 -0.02568745 -0.03588098 -0.004283785 -0.02568405 -0.03588384 -0.004273891 -0.02568298 -0.03588473 -0.004262506 -0.02568757 -0.03588044 -0.004235446</float_array>
          <technique_common>
            <accessor source="#R_Prop-mesh-positions-array" count="919" stride="3">
              <param name="X" type="float"/>
              <param name="Y" type="float"/>
              <param name="Z" type="float"/>
            </accessor>
          </technique_common>
        </source>
        <source id="R_Prop-mesh-normals">
          <float_array id="R_Prop-mesh-normals-array" count="2757">-0.08289849 0.9794637 0.1837901 0.02562677 0.8776369 0.4786408 0.1868636 0.7494786 0.6351093 0.5255675 0.4528082 -0.7202386 0.6176904 0.3946805 -0.6802102 0.3531178 0.638741 0.6836065 -0.08675926 0.9816585 -0.1697634 0.02675753 0.898399 -0.4383645 0.1430193 0.8069471 -0.5730463 0.4064017 0.5483397 -0.7308635 0.2566323 0.6849421 -0.6819048 0.5166304 0.3691467 -0.7725437 0.7183144 0.217132 -0.6609677 0.4992774 0.5576207 -0.66316 0.8883993 -0.294956 -0.3517779 0.8959061 -0.3402885 -0.2855803 0.7361297 -0.1135921 -0.6672406 0.8806989 -0.2504149 -0.402072 0.8438832 -0.1149366 -0.5240714 0.8668448 -0.1646463 -0.4706076 0.8759956 -0.2028621 -0.4375828 0.8993042 -0.3866948 -0.2042528 0.8964506 -0.4272685 -0.1175503 0.8815802 -0.4709615 -0.03180766 0.8657802 -0.498174 0.04740571 0.8563245 -0.5000435 0.1290926 0.7170986 -0.1527554 0.6800261 0.829223 -0.4945028 0.2604926 0.7768923 -0.4451066 0.4453299 0.6576327 -0.2653013 0.7050777 0.491218 -0.05647629 0.8692038 0.6804825 0.2674184 0.6822251 0.7121911 0.2402064 -0.6596096 0.7231929 0.1648602 -0.6706811 0.8056002 0.09976297 -0.5839997 0.8349111 0.05577307 -0.5475518 0.8440848 -0.05561482 -0.533318 0.8281964 -0.06528013 -0.5566233 0.4351298 0.4892101 -0.7558674 0.1643623 0.721588 -0.6725294 0.2525615 0.5456803 -0.7990281 -0.5488973 0.8301036 0.09818261 -0.5849741 0.8110489 -0.002304553 -0.2542078 0.6876048 -0.680131 -0.5070326 0.841665 0.1857901 -0.2235078 0.7092163 0.6686228 -0.3321695 0.8488715 0.411194 -0.4064752 0.8509865 0.3325656 -0.4669559 0.8463072 0.2563527 -0.5950481 0.791871 -0.1373248 -0.5929096 0.7460528 -0.3030899 -0.5574225 0.702981 -0.4416989 -0.4869068 0.6728519 -0.556949 -0.2647106 0.5604335 -0.7847565 -0.1005812 0.4555087 -0.8845311 0.4599642 0.5873255 0.6659443 0.1384249 0.7390388 0.6592878 0.1199012 0.739011 0.6629378 0.07057684 0.7342253 0.6752275 -0.02290099 0.8299323 0.5573939 -0.0947209 0.8597348 0.5018805 -0.2217891 0.8492757 0.4791037 -0.2569801 0.8365089 0.4839566 0.5481961 0.2396488 0.80128 0.4145168 0.428664 0.8027597 0.3056775 0.5334579 0.7886597 -0.1682395 -0.7135368 -0.6801183 -0.2874001 -0.5233156 -0.8022108 -0.4718692 -0.4220229 -0.7741034 -0.5039541 -0.5503106 -0.6657241 0.3356559 -0.8505163 0.4049162 0.4155722 -0.8523477 0.3174951 0.2127326 -0.7127512 0.6683791 0.4800561 -0.8490765 0.2204888 0.5259035 -0.840756 0.1286656 0.5704174 -0.820043 0.04640781 0.5960055 -0.80243 -0.0297237 0.2450873 -0.690694 -0.6803485 0.6025341 -0.7901813 -0.1120986 0.6107685 -0.7639681 -0.2081217 0.6087511 -0.740629 -0.2844133 0.5886615 -0.7282258 -0.3509485 0.537297 -0.7058796 -0.4615691 0.4204839 -0.6374289 -0.6456608 0.1942285 -0.5216318 -0.8307682 0.014723 -0.4527279 -0.8915272 0.01792448 -0.8313114 0.5555179 0.08565068 -0.859766 0.5034545 -0.1338363 -0.7367818 0.6627523 0.2118266 -0.8500487 0.482231 0.2511927 -0.837904 0.4845815 -0.3225075 -0.5244694 0.7879853 -0.46679 -0.5786932 0.6687461 -0.4305536 -0.4335922 0.7915943 -0.6790804 -0.2873429 0.6754879 -0.2687913 -0.6933302 0.6686138 -0.1535693 -0.7449077 0.6492526 -0.07899165 -0.732827 0.6758142 -0.8487448 0.1341397 -0.5115065 -0.7382901 0.1023991 -0.666665 -0.8538519 0.06642329 -0.5162606 -0.7078598 -0.2495912 -0.6607865 -0.8603988 -0.01421779 -0.5094231 -0.8299264 -0.04746657 -0.5558499 -0.8743014 0.2083521 -0.4383909 -0.8923549 0.2869183 -0.3483974 -0.8945752 0.3459807 -0.2829003 -0.8988019 0.3855677 -0.2085494 -0.8990851 0.422109 -0.1160609 -0.8858218 0.4638261 -0.01360386 -0.8664051 0.4878357 0.1065773 -0.8301464 0.4931707 0.2600761 -0.7193669 0.1424211 0.6798731 -0.7790187 0.4444715 0.4422387 -0.6666394 0.2654677 0.6965048 -0.4830445 0.04670149 0.8743495 -0.542209 -0.2539949 0.8009346 -0.5784852 -0.3450036 -0.7391397 -0.7344754 -0.2036336 -0.6473633 -0.7569445 -0.13589 -0.639194 0.4638268 -0.5800982 -0.66959 0.4638283 -0.5800991 0.6695884 0.6363135 -0.3833122 -0.6694602 0.6363158 -0.383313 0.6694574 -0.4711431 0.5740269 -0.6697145 -0.4711448 0.5740281 0.6697121 -0.6413152 0.3751371 -0.6693184 -0.6413211 0.3751401 0.6693109 -0.4770776 0.4231944 0.7702621 -0.2015631 0.6050328 0.7702648 0.1279538 0.6247377 0.7702795 0.4231859 0.4770681 0.7702725 0.6247535 -0.1279572 0.7702662 0.605022 0.2015596 0.770274 0.4770777 -0.4231945 0.7702618 0.2015638 -0.6050351 0.7702627 -0.1279554 -0.6247453 0.7702732 -0.4231832 -0.477065 0.770276 -0.6247547 0.1279575 0.7702652 -0.6050238 -0.20156 0.7702726 0.4231789 0.4770721 -0.7702739 0.1279483 0.6247495 -0.7702711 -0.2015696 0.6050274 -0.7702672 -0.4770852 0.4231905 -0.7702595 -0.6247544 0.1279492 -0.7702668 -0.6050149 -0.2015655 -0.7702781 -0.4231849 -0.477079 -0.7702663 0.6050182 0.2015665 -0.7702753 0.6247525 -0.1279489 -0.7702684 0.4770847 -0.42319 -0.7702601 0.2015706 -0.6050302 -0.7702648 -0.1279464 -0.6247409 -0.7702782 -0.7107045 0.696437 -0.09937185 -0.6218293 0.7063426 -0.3382433 -0.5165933 0.6199219 -0.5906169 -0.5236476 0.6240458 -0.5799656 0.3675242 -0.1599043 -0.9161641 0.4370068 -0.2625559 -0.8602845 0.4292517 -0.3138114 -0.8469152 0.5751643 -0.5356192 -0.6183027 0.5283793 -0.4783868 -0.7013997 0.4893335 -0.4644852 -0.73811 0.6447864 -0.4065703 0.6472644 0.3643875 -0.1959262 0.9104036 0.1855616 -0.04788231 0.9814653 0.6088179 -0.3115699 0.729565 0.7275621 -0.4510028 0.5169622 -0.2765689 0.4133704 0.8675453 -0.2704132 0.3011758 0.9144232 -0.1987165 0.3441857 0.9176317 -0.3215658 0.3963745 0.8599318 0.7197302 -0.5356317 0.4416868 0.1110209 0.05659705 0.9922053 0.5629416 -0.4666861 0.6821298 0.6852781 -0.5943213 0.4209231 0.6903526 -0.6766582 0.2560214 -0.2805133 0.2253767 0.9330154 -0.3559831 0.2779216 0.8922084 -0.4541889 0.3342031 0.8258455 0.7205762 -0.5800555 0.3798758 0.5799313 -0.4717577 0.6641719 0.3509985 -0.2829275 0.8926097 0.5677161 -0.4099007 0.7139186 0.3394529 -0.2480551 0.9073259 0.1885379 -0.1229366 0.9743409 0.7189425 0.03682667 0.6940934 0.6767523 0.1982414 0.7090182 -0.02399271 0.02819287 0.9993146 0.5213776 0.5007256 0.69097 -0.143086 0.1350796 0.9804489 0.1524593 -0.1419302 -0.9780654 0.1369737 -0.1273725 -0.9823516 0.644051 -0.6017226 -0.4723646 0.5359459 -0.402976 -0.7418708 -0.618417 0.5630592 0.5482015 -0.4431584 0.4797959 0.7572361 -0.3918486 0.3811961 0.8373435 -0.1326211 -0.3136793 0.9402219 -0.3072225 -0.04541689 0.9505534 -0.2227043 -0.1932514 0.9555401 -0.2981852 0.008123815 0.9544734 -0.3300817 0.09232187 0.9394268 -0.5155368 0.5310027 0.6725013 -0.7219624 0.5715254 0.3900374 -0.8107002 0.5501789 0.2001714 0.08997875 -0.3396108 -0.9362523 0.2997461 -0.3966323 -0.8676607 0.4769264 -0.3893019 -0.7880262 0.3972605 -0.3898111 -0.8308017 0.59939 -0.4872598 -0.6350666 0.647596 -0.7220364 -0.2434809 0.5854594 -0.8082227 0.06335151 0.4657289 -0.809855 0.3566953 0.3217378 -0.7468604 0.5819659 0.03755533 -0.5133471 0.8573589 0.7131195 0.2882377 -0.639046 0.7730463 0.1347296 -0.6198771 0.1613007 -0.143067 -0.9764804 0.8109261 -6.87635e-4 -0.5851483 0.8133429 -0.1567685 -0.560265 0.6153099 0.3460142 0.7082852 0.7786597 -0.617942 0.1087974 0.7420237 -0.5343158 0.4048551 0.1318396 -0.1037006 0.9858319 0.7018275 -0.4508303 0.5515346 0.186984 -0.1462304 0.9714184 0.6923185 -0.3618908 0.6242837 0.07228708 -0.05279165 0.9959858 0.7388966 -0.2562262 0.6232014 0.7100548 -0.1503513 0.6879075 0.2556272 -0.2352015 -0.9377287 0.4094038 -0.3539427 -0.8409003 0.06848305 -0.1106712 -0.9914949 0.6278893 -0.5220628 -0.5772396 0.6278926 -0.533258 -0.56691 0.7784413 -0.6241015 0.06727939 0.7827599 -0.6196032 0.05812883 0.3144866 -0.2547428 -0.9144421 0.4765588 -0.3840364 -0.7908274 0.2699128 -0.2264187 -0.9358855 0.6754151 -0.5457414 -0.4959645 0.6460431 -0.5276713 -0.5515354 0.7724694 -0.625979 0.106965 0.7749557 -0.6264505 0.08368736 0.2114676 -0.1764602 -0.9613238 0.8002102 -0.2880082 -0.526037 0.16857 -0.1673876 -0.9713731 0.3089652 -0.3218894 -0.8949457 0.4537959 -0.4301404 -0.7804157 0.6454015 -0.5568974 -0.5228024 0.7883089 -0.6127947 0.05524277 0.7683303 -0.4154198 -0.486924 0.4752535 -0.3872944 -0.7900235 0.585153 -0.4721712 -0.6592803 0.7318177 -0.5886427 -0.3434278 0.7715171 -0.6192219 0.1460332 -0.7150307 0.699012 -0.0106526 -0.6004606 0.5885424 -0.5413548 -0.5961495 0.6000797 -0.5333951 -0.480812 0.4739028 -0.7377235 -0.3197606 0.3415836 -0.8837838 -0.05864763 0.09225237 -0.9940071 -0.08922189 0.08890223 -0.9920362 0.06895214 -0.06027811 -0.9957973 0.09734535 -0.06057107 -0.9934058 0.1566176 -0.1214615 -0.9801623 0.2290854 -0.1372033 -0.9636883 0.1583822 -0.1324101 -0.9784594 0.2260078 -0.1748433 -0.958306 0.1443014 -0.1371811 -0.9799789 0.2059183 -0.2046458 -0.9569314 0.2287903 -0.2471665 -0.9415752 -0.5724141 0.6302726 -0.5244985 -0.7060618 0.7080585 -0.01140779 -0.7094325 0.6946978 0.1187457 -0.6749943 0.6357024 0.37452 -0.6063455 0.554891 0.5695974 0.01067101 0.1002334 -0.9949068 -0.2708499 0.3688459 -0.889153 -0.5340387 0.5677587 -0.6264605 -0.5877681 0.6136953 -0.5271688 -0.7120751 0.7020776 -0.006018698 -0.6665872 0.6333432 0.3931132 -0.3501954 0.2908671 0.8903704 -0.5659824 0.5327908 0.6291248 -0.6623914 0.634299 0.3986257 -0.6625875 0.6396662 0.3896215 -0.7170084 0.6965968 -0.02553063 -0.7168753 0.6955397 -0.04810935 -0.6009442 0.5817008 -0.5481702 -0.5946502 0.585676 -0.5507948 -0.002197265 0.008637309 -0.9999603 -0.2705634 0.2438299 0.9313123 0.5773295 -0.4439074 0.6853005 0.5939619 -0.4321021 0.6785994 0.6222617 -0.4229137 0.658737 -0.1367536 0.1358471 0.9812461 -0.007778406 0.03391557 0.9993945 0.085424 -0.03822761 0.9956111 -0.4724737 0.4519125 0.7566662 -0.5665603 0.5513909 0.6123542 -0.6669588 0.6481737 0.3674736 -0.6829761 0.6671107 0.2975015 -0.5953266 0.5812996 0.5546865 -0.6364975 0.6205585 0.4580154 -0.3501918 0.3581165 -0.8655162 -0.4571673 0.4439861 0.7706325 -0.4625971 0.4256348 0.777714 -0.2640532 0.2501252 0.9315114 -0.5990682 0.54586 0.5857936 -0.6889256 0.5631023 0.4563963 -0.7475916 0.592454 0.3001752 -0.8412505 0.5386255 -0.04669213 -0.7771327 0.5712093 0.2641683 -0.8599003 0.5103923 0.00843966 -0.8704121 0.4904916 -0.04243767 -0.66887 0.5575703 0.4916588 -0.5935042 0.5237612 0.6110869 -0.655187 0.5460042 0.5221203 -0.518186 0.3810749 0.7656797 -0.6359573 0.5167894 0.573138 -0.5800471 0.4571537 0.6742077 -0.5946931 0.4972674 0.6317161 -0.5023787 0.5229408 0.6885846 -0.4326248 0.4656028 0.7720426 -0.5147827 0.4934951 0.7010431 -0.6436023 0.5656638 0.5155587 -0.6935343 0.6489137 0.3129239 -0.6490772 0.5552439 0.5200029 -0.7103739 0.6626589 0.2371752 -0.6829861 0.5903461 0.4301413 -0.7229081 0.6056177 0.3326126 -0.703049 0.709702 0.04522514 -0.6991696 0.714095 0.03507328 -0.5880321 0.461648 0.6641532 -0.5020928 0.3958117 0.7689186 -0.6229236 0.5459647 0.5602579 -0.7064869 0.6978832 0.1176241 -0.6839953 0.6419989 0.3463928 -0.6176627 0.5500925 0.5620421 -0.5991051 0.5365918 0.5942578 -0.5118525 0.4982541 0.6998214 -0.3600217 0.3461009 0.8663709 -0.3695166 0.3317312 0.867993 -0.5106771 0.4369109 0.7404848 -0.4264803 0.3459029 0.8357428 -0.5258975 0.4183562 0.7405471 -0.5303202 0.456357 0.7144921 -0.4830806 0.410551 0.773357 -0.4486891 0.438457 0.7787386 -0.427129 0.4065369 0.8076438 -0.342543 0.2501249 0.9055948 -0.411013 0.3803724 0.8284837 -0.3717144 0.4006612 0.8374361 -0.3907932 0.2772003 0.8777475 -0.3822474 0.3510916 0.8547641 -0.4045697 0.2177829 0.8881971 0.1174408 -0.4104688 0.9042805 -0.06988811 -0.2030749 0.9766659 0.2579197 -0.6562539 0.7090897 -0.329018 0.1488926 0.9325118 -0.1083006 -0.3491229 0.9307976 -0.182285 -0.192024 0.9643127 -0.2174727 -0.01404851 0.9759653 -0.2974685 0.2297418 0.9266775 0.5204166 -0.7453856 0.4166138 0.4858189 -0.5984994 0.6370074 0.3285368 -0.608757 0.7221348 0.3327518 -0.4478979 0.8298577 0.1330518 -0.2409213 0.9613814 -0.09905523 0.0053882 0.9950674 -0.004368484 0.2153734 0.976522 -0.08306831 0.2195828 0.972051 0.6070504 -0.403092 0.6848406 0.3844276 -0.301766 0.8724407 0.1606025 -0.09962892 0.9819781 -0.07604128 0.1197428 0.9898886 0.430258 -0.1368274 0.8922759 0.2159746 0.04637092 0.9752973 0.1564105 -0.1722329 0.9725594 0.6034803 -0.6916159 0.3968362 0.74009 -0.6720794 0.02400344 0.6862353 -0.7265714 0.03428125 -0.3852343 0.3879607 0.8373059 0.5905177 -0.2585434 0.7644895 0.2645785 -0.003774046 0.9643569 0.1151943 0.106949 0.9875689 -0.04404276 0.2044207 0.9778919 -0.1576408 0.2546443 0.9540995 -0.2418406 0.272224 0.931347 -0.3203641 0.2867118 0.9028639 -0.3917784 0.3060753 0.8676564 0.5943416 -0.2622544 0.7602505 0.6633837 -0.3624913 0.6546161 0.4490771 -0.1587405 0.8792788 0.7529105 -0.5005741 0.4272606 0.6128656 -0.3769063 0.6945052 0.05536723 0.04844605 0.9972901 -0.03664898 0.1012306 0.9941878 -0.1157422 0.1350055 0.9840616 -0.2019349 0.1792383 0.9628583 0.6915577 -0.6469221 -0.3213093 0.7639236 -0.6435953 -0.04696732 0.7885435 -0.5521277 0.27084 0.6049451 -0.523636 -0.5998724 0.5531473 -0.4505541 -0.7007347 0.5926648 -0.5690144 -0.5700623 0.6696091 -0.6078816 -0.4267361 0.741559 -0.6262104 -0.2407299 0.7918623 -0.6106436 0.008280456 0.4792001 -0.4113681 -0.7753345 -0.129037 -0.2238238 -0.9660499 -0.01859098 -0.3090085 -0.9508776 -0.2782775 -0.1803042 -0.9434258 -0.1492248 -0.254032 -0.9556149 -0.4011692 -0.1077883 -0.90964 -0.1888386 -0.09128075 -0.9777565 -0.3644925 -0.07821428 -0.9279159 -0.5095156 -0.02160483 -0.8601902 -0.6944491 0.1412691 -0.7055377 -0.8127549 0.2830382 -0.5092337 -0.5873802 0.08964085 -0.8043315 -0.7580337 0.2536532 -0.6008703 -0.4264182 0.07716739 -0.9012285 -0.6514372 0.2653619 -0.7107831 -0.4715895 0.2801727 -0.836126 0.4222301 -0.3934733 -0.8166398 0.1737201 -0.3783158 -0.9092296 0.3210756 -0.3787596 -0.868016 0.3951746 -0.3472477 -0.8504447 -0.4936131 -0.03961485 -0.8687789 -0.2490513 0.1036433 -0.9629286 -0.3306015 0.3253433 -0.8859201 -0.6980897 0.715486 -0.02739971 -0.7294631 0.6833456 0.03037357 -0.7585729 0.6501106 -0.04385948 -0.8006839 0.5972005 -0.04750746 -0.7445024 0.5206062 -0.4179539 -0.8049555 0.4329777 -0.4056812 -0.5983481 0.6389714 -0.4834203 0.09378093 0.07363998 -0.9928658 -0.6649122 0.5889723 -0.459351 -0.5151377 0.4732811 -0.7145895 -0.631775 0.4149892 -0.6547093 -0.3594729 0.5383358 -0.7622165 -0.1740493 0.3856889 -0.9060634 0.1964066 -0.3180656 -0.9275013 0.2554431 -0.2627055 -0.9304487 0.3246792 -0.2184894 -0.9202423 0.4648919 -0.3612905 -0.8082976 0.481517 -0.4009613 -0.7793403 0.5414499 -0.4704791 -0.696765 0.59087 -0.536135 -0.6028534 0.639758 -0.6085763 -0.4694089 -0.870817 0.3998621 -0.2859864 -0.8546369 0.3943403 -0.3377746 0.6362894 -0.6007259 -0.4840087 0.661019 -0.6994701 -0.2716534 0.608108 -0.7938521 0.001923859 0.4717985 -0.7948977 0.3815022 -0.06371533 -0.3545616 0.9328593 0.1775709 -0.643455 0.7446035 0.03116309 -0.5078166 0.8609014 0.7844063 -0.5186154 0.3402132 0.7968435 -0.6037961 -0.02169442 0.7006525 -0.6054545 -0.3775062 0.5656147 -0.550086 -0.6143985 0.4425257 -0.4808901 -0.7569119 0.3652268 -0.4062407 -0.8376025 0.5094041 -0.4900875 -0.7073343 0.6741471 -0.5823982 -0.4542446 0.4765392 -0.4845047 -0.7335978 0.7889042 -0.6135907 -0.03371417 0.7931392 -0.6084588 -0.02661228 0.7700887 -0.5248506 0.3626231 0.7559401 -0.5305827 0.3834537 0.2953344 -0.3428956 -0.89174 0.3420542 -0.1859688 -0.9210942 0.2977388 -0.2444425 -0.9228215 0.3474398 -0.2612413 -0.9005768 0.2782655 -0.2930905 -0.9146947 0.3424948 -0.3437547 -0.8743741 -0.3677393 0.5849446 -0.7229161 0.48028 -0.2754679 -0.8327356 -0.51498 0.6565841 -0.5510835 -0.6303846 0.7247645 -0.278086 0.03766089 0.2021732 -0.9786255 -0.4673609 0.5509973 -0.691358 -0.1069587 0.1410063 -0.984214 0.01365709 -0.0922684 -0.9956405 0.02482074 -0.2222952 -0.9746635 0.1240884 -0.3679963 -0.9215102 -0.4805155 0.6437665 -0.5955415 -0.2295567 0.4418662 -0.8672128 -0.007168173 0.233519 -0.9723258 0.1555336 0.06206798 -0.9858787 0.2229802 0.01159143 -0.9747542 0.2292759 -0.05524265 -0.9717926 0.1241234 -0.05316299 -0.9908417 0.1741048 -0.06870865 -0.9823272 0.2870175 -0.09916579 -0.9527787 0.4170653 -0.2190328 -0.8820892 0.4157906 -0.3124305 -0.8541108 0.4180472 -0.4274508 -0.801575 0.5239509 -0.518543 -0.6757135 0.6283309 -0.5914519 -0.5053563 0.6795154 -0.6719793 -0.2944534 0.6361679 -0.7700924 0.04741537 -0.631596 0.7137932 -0.3026315 -0.6945735 0.7190004 0.02461791 -0.6429079 0.7155606 -0.273208 -0.6519674 0.7088762 -0.269134 -0.3438706 0.331291 -0.8786349 0.7727186 -0.4910222 -0.4022479 0.7646597 -0.5483607 -0.3385208 0.7834334 -0.6030012 -0.150405 0.6218782 -0.706305 -0.3382318 0.4805385 -0.6438059 -0.5954803 0.6303988 -0.7247794 -0.2780147 -0.367524 0.1599034 -0.9161643 -0.4370069 0.2625552 -0.8602848 -0.4292528 0.3138104 -0.8469151 0.249052 -0.1036497 -0.9629278 -0.01364898 0.09226781 -0.9956408 0.1888318 0.09128034 -0.9777579 -0.5751639 0.5356196 -0.6183027 -0.5283787 0.4783867 -0.7014001 -0.4893324 0.4644844 -0.7381111 -0.6448066 0.4065828 0.6472364 -0.3643891 0.1959327 0.9104015 -0.1855674 0.04788917 0.9814639 -0.1605932 0.0996136 0.9819812 0.0760439 -0.1197518 0.9898873 0.09906017 -0.005394935 0.9950669 0.4441066 -0.4794 0.7569313 0.3921571 -0.3786986 0.8383319 0.432625 -0.4656031 0.7720423 0.7226838 -0.5708506 0.3896892 0.6184849 -0.5631881 0.5479924 0.5990687 -0.5458595 0.5857936 -0.5734146 -0.3998703 0.7150521 -0.0729165 0.05211615 0.9959754 -0.1878017 0.1454321 0.9713805 -0.7109231 0.5681089 0.4145365 -0.9441877 -0.1038398 0.3126132 -0.888667 -0.1505165 0.4331466 -0.01092219 0.003129482 0.9999355 -0.5397076 0.4393557 0.7181102 -0.6915807 0.5614656 0.4543924 -0.6891744 0.5537108 0.4673788 -0.4528405 -0.5157762 -0.7272623 -0.5444612 -0.4386195 -0.7149651 -0.1369466 0.127583 -0.9823279 0.2872768 -0.2811101 -0.9156687 0.3437808 -0.3315016 -0.8785907 0.5702196 -0.5517506 -0.6086221 -0.06942212 0.3362051 -0.9392268 -0.1738398 0.3702864 -0.9125063 0.1459349 0.2464426 -0.9581071 -0.6474882 0.7221388 -0.2434639 -0.5851197 0.8084613 0.06344497 -0.6442371 0.6017037 -0.472135 -0.5364425 0.3999207 -0.7431642 -0.3105997 0.3937944 -0.8651323 -0.4788702 0.3898766 -0.786562 -0.3976489 0.3882026 -0.8313689 -0.4656343 0.8099817 0.3565312 -0.3217425 0.7468505 0.5819761 -0.03758418 0.5133803 0.8573378 0.3301855 -0.0922656 0.939396 0.5149617 -0.5309347 0.6729955 0.8707061 -0.4899557 -0.04259502 0.4006791 0.1043182 -0.9102605 -0.454018 0.4291627 -0.7808246 -0.3089677 0.3218912 -0.8949443 -0.06846147 0.1106476 -0.991499 -0.2556116 0.2351887 -0.9377362 -0.5854797 0.4715644 -0.6594244 -0.4765419 0.3840254 -0.7908428 -0.3145 0.254754 -0.9144344 -0.2699207 0.2264295 -0.9358807 -0.4094209 0.3539569 -0.8408859 -0.1605365 0.1439612 -0.9764749 -0.2113661 0.1771151 -0.9612256 -0.1685707 0.1673882 -0.9713728 -0.7879671 0.6142592 0.04235118 -0.7325812 0.6046544 -0.3125985 -0.7828926 0.6200844 0.05073976 -0.7251229 0.597454 -0.3424113 -0.7785055 0.6241873 0.0657221 -0.7271704 0.5950149 -0.3423165 -0.7748994 0.6263633 0.08485394 -0.737115 0.5992317 -0.3123826 -0.7726648 0.6260725 0.1049872 -0.7508878 0.6074137 -0.2592608 -0.7724848 0.6186378 0.1433683 -0.7724995 0.6203134 -0.1358532 -0.9859768 -0.05749189 0.1566667 -0.9982972 -0.05181038 -0.02680325 0.358459 -0.2507341 -0.899244 -0.9778927 -0.06621652 -0.1983464 -0.6125829 0.5347683 -0.5820354 -0.5883992 0.5055156 -0.6310629 -0.5868085 0.4909625 -0.6439035 -0.6074284 0.4970001 -0.6196948 -0.6428709 0.5191957 -0.5631632 -0.7129182 0.5735671 -0.4034457 -0.4854081 0.395343 -0.7797968 -0.666179 0.5384968 -0.5159718 0.714819 -0.6963512 0.06425577 0.685027 -0.6681706 -0.2903207 0.6829556 -0.6763824 -0.2758235 0.56866 -0.5582481 -0.6041399 0.5636354 -0.5704198 -0.5974415 0.4808305 -0.4739145 -0.7377039 0.3197979 -0.3416244 -0.8837546 0.05865359 -0.09225767 -0.9940062 0.673528 -0.6580335 -0.336678 0.05379337 -0.9754944 -0.2133471 0.6845396 -0.6812434 -0.2594478 -0.02130591 -0.9193572 -0.3928465 -0.09794896 -0.8600386 -0.5007393 -0.1721307 -0.7790572 -0.6028608 0.02664428 -0.04029828 -0.9988325 -0.2766128 -0.6895785 -0.6693032 0.08934247 -0.08914351 -0.9920037 -0.2287887 0.2471653 -0.9415758 -0.2059178 0.2046454 -0.9569317 -0.1443013 0.1371809 -0.9799789 -0.2260072 0.174843 -0.9583063 -0.1583819 0.1324099 -0.9784595 -0.2290852 0.1372035 -0.9636884 -0.1566173 0.1214616 -0.9801624 -0.09734445 0.06057125 -0.9934058 -0.06873214 0.0604673 -0.995801 -0.3567164 -0.6087781 -0.7086204 -0.1517924 0.1420785 -0.9781476 -0.6086036 -0.3901758 -0.6909158 -0.6660783 -0.3400912 -0.6638357 -0.7393226 -0.2723225 -0.6158269 -0.812165 -0.2136179 -0.5429139 -0.8694725 -0.1658136 -0.4653211 -0.9281427 -0.107347 -0.3564094 0.6682121 -0.6956474 -0.2637563 0.708665 -0.7028768 0.06130468 0.7052017 -0.6851425 0.1824015 0.6749558 -0.6356618 0.3746582 0.6063414 -0.5548917 0.5696009 -0.01067084 -0.1002302 -0.9949071 0.2732859 -0.3681477 -0.8886969 0.5340333 -0.5677381 -0.6264838 0.5399395 -0.6001241 -0.5901834 0.5534952 -0.585476 -0.5923352 0.677702 -0.685534 -0.2660136 0.7126473 -0.6981784 0.06841731 0.6665825 -0.6333454 0.3931177 0.3695158 -0.3317306 0.8679937 0.462606 -0.4256452 0.7777031 0.5106811 -0.4369166 0.7404788 0.350199 -0.290869 0.8903685 0.5660086 -0.5328197 0.6290767 0.6623858 -0.6342927 0.3986452 0.6625282 -0.639607 0.3898198 0.7167208 -0.6955974 0.04955589 0.7173745 -0.6962419 0.02492433 0.6832122 -0.6622056 -0.3077418 0.5991097 -0.5365964 0.5942491 0.4724266 -0.4518638 0.7567247 0.6669508 -0.648177 0.3674823 0.7148093 -0.6983338 -0.03711628 0.1367536 -0.1358471 0.9812462 0.2705634 -0.2438299 0.9313122 0.2805127 -0.2253763 0.9330156 0.3559814 -0.2779209 0.8922092 0.454189 -0.3342028 0.8258455 -0.7328742 0.533316 0.4224565 -0.7108523 0.538737 0.4521633 -0.5457835 0.3900047 0.7416312 -0.5294557 0.4036246 0.7461661 -0.339407 0.248022 0.9073522 -0.7558985 0.5305149 0.3836293 -0.5759173 0.3803961 0.7236145 -0.5677009 0.4098942 0.7139344 -0.1885472 0.1229425 0.9743383 0.5267166 -0.5116587 0.6788042 0.6375445 -0.6216994 0.455002 0.5955482 -0.581529 0.554208 0.6906387 -0.678569 0.2501248 0.6835972 -0.6677703 0.2945806 0.3600509 -0.3460873 0.8663643 0.4571658 -0.4439857 0.7706336 0.5665729 -0.5514022 0.6123324 -0.695617 0.5455663 0.4674124 -0.6937586 0.5577273 0.4556745 -0.3520987 0.2829914 0.8921561 -0.8210796 -0.2074019 0.5318015 -0.7210348 -0.2806939 0.6334981 0.02342295 -0.02873253 0.9993127 -0.4410763 -0.5257605 0.7273429 0.1427128 -0.1351412 0.9804947 -0.3613515 -0.6100597 0.7051612 -0.2970528 -0.666958 0.6833204 0.2641102 -0.2500796 0.9315074 -0.2108785 -0.7387758 0.6401099 -0.123443 -0.8192949 0.5599265 0.02211028 -0.919129 0.3933358 0.09707909 -0.9930474 0.06657844 0.1689835 -0.1861854 -0.9678738 0.6359574 -0.5167886 0.5731385 0.7229115 -0.6056191 0.3326026 0.6551894 -0.5460073 0.5221139 0.747587 -0.5924574 0.3001798 0.668866 -0.5575702 0.4916642 0.777132 -0.5712081 0.264173 0.6889239 -0.5631024 0.4563986 0.8109669 -0.5496793 0.2004634 0.5935045 -0.52376 0.6110876 0.5181877 -0.3810753 0.7656784 0.5800466 -0.4571531 0.6742084 0.5946924 -0.4972659 0.6317179 0.6945868 -0.718987 0.02463972 0.6980661 -0.715507 -0.02745038 0.6935303 -0.6488963 0.3129687 0.7103687 -0.6626679 0.2371658 0.6490727 -0.5552322 0.520021 0.6829815 -0.5903502 0.4301429 0.588033 -0.4616459 0.6641539 0.4264791 -0.3459017 0.8357439 0.3852337 -0.3879598 0.8373066 0.4271286 -0.4065361 0.8076446 0.4486891 -0.4384562 0.7787389 0.4830805 -0.4105501 0.7733576 0.502379 -0.5229403 0.6885847 0.5147829 -0.4934944 0.7010435 0.5303202 -0.4563563 0.7144925 0.5258972 -0.4183554 0.7405478 0.3717141 -0.400662 0.8374357 0.4110131 -0.3803745 0.8284826 0.3822476 -0.3510942 0.8547629 0.3907936 -0.2772042 0.8777461 0.4045704 -0.2177869 0.8881958 0.3072265 0.04541033 0.9505525 0.2981876 -0.008130252 0.9544727 0.2704114 -0.301177 0.9144234 0.2974678 -0.2297456 0.9266769 0.329019 -0.1488984 0.9325104 0.2227079 0.1932446 0.9555406 0.1822878 0.1920186 0.9643133 0.2174725 0.01404297 0.9759655 0.06988966 0.2030621 0.9766684 -0.1330525 0.2409191 0.9613818 -0.3844413 0.3017729 0.8724322 -0.6862375 0.7265697 0.0342707 -0.6034916 0.6916267 0.3968005 -0.5204164 0.745382 0.4166201 -0.4858226 0.5984917 0.6370118 -0.3285397 0.6087538 0.7221361 -0.562942 0.4666814 0.6821326 -0.1109959 -0.0565887 0.9922086 -0.6852756 0.5943123 0.4209396 -0.7197146 0.535647 0.4416936 -0.117437 0.4104556 0.9042869 -0.33274 0.447882 0.8298709 -0.1564136 0.1722249 0.9725603 -0.6903569 0.6766548 0.2560191 -0.7400934 0.6720764 0.02398568 -0.6915587 0.6469211 -0.3213094 -0.7639207 0.6435977 -0.04698121 -0.4302868 0.1368201 0.8922631 -0.2159689 -0.04638403 0.975298 -0.6070517 0.4030941 0.6848383 0.004369616 -0.215375 0.9765217 0.08306854 -0.2195843 0.9720506 0.1987153 -0.3441864 0.9176317 0.3215648 -0.3963744 0.8599323 0.3437127 -0.2502892 0.905106 -0.6088559 0.3115534 0.7295404 -0.5943295 0.2623032 0.7602432 -0.7275673 0.450967 0.5169861 0.2765858 -0.4132111 0.8676156 -0.7844145 0.518567 0.3402682 -0.6633831 0.3624532 0.6546378 -0.5905404 0.2585842 0.7644581 -0.2645768 0.003769159 0.9643573 -0.1151967 -0.1069469 0.9875689 0.04404163 -0.2044182 0.9778925 0.1576395 -0.2546429 0.9541001 0.2418394 -0.2722228 0.9313476 0.320363 -0.2867107 0.9028647 0.3917781 -0.3060749 0.8676567 -0.7529004 0.5005521 0.4273039 -0.7701123 0.5248965 0.3625061 -0.6128863 0.3769295 0.6944745 -0.4490736 0.1587289 0.8792827 -0.05536746 -0.04844594 0.9972901 0.03664845 -0.1012303 0.9941878 0.1157415 -0.135005 0.9840618 0.2019342 -0.1792376 0.9628586 0.007778406 -0.03391546 0.9993945 -0.08542406 0.03822892 0.995611 -0.600784 0.4865335 -0.6343057 -0.6049448 0.5236365 -0.5998723 -0.5531472 0.450555 -0.7007341 -0.7918533 0.6106563 0.008211016 -0.7415542 0.6262074 -0.2407524 -0.6696091 0.6078794 -0.4267393 -0.5926646 0.5690138 -0.5700631 -0.4792008 0.4113681 -0.7753341 0.2782747 0.1803077 -0.9434258 0.01858705 0.3090106 -0.950877 -0.3210778 0.3787587 -0.8680157 -0.4222316 0.3934728 -0.8166393 -0.3951768 0.3472464 -0.8504442 0.8125012 -0.2841345 -0.5090281 0.8709697 -0.3997046 -0.2857413 0.7580341 -0.2536506 -0.6008709 0.8546319 -0.39434 -0.3377873 0.6514395 -0.2653664 -0.7107793 0.8049636 -0.432972 -0.4056711 0.6317057 -0.414982 -0.6547808 0.515178 -0.4732629 -0.7145726 0.33063 -0.3253521 -0.8859062 0.4715236 -0.2801723 -0.8361633 0.4264089 -0.0771737 -0.9012323 0.5873761 -0.0896393 -0.8043347 0.364478 0.07821536 -0.9279214 0.6938443 -0.1416539 -0.7060555 0.5095121 0.02160954 -0.8601921 0.492341 0.04018586 -0.8694744 -0.2554454 0.262704 -0.9304485 -0.1964107 0.3180646 -0.9275009 -0.02482312 0.2222947 -0.9746635 -0.1240928 0.3679954 -0.9215098 0.129027 0.2238237 -0.9660513 -0.03766471 -0.2021585 -0.9786283 -0.2229798 -0.01158678 -0.9747543 0.4673575 -0.551006 -0.6913533 -0.2292746 0.05524033 -0.9717931 0.1069345 -0.1410047 -0.9842168 -0.1241353 0.05315595 -0.9908406 0.1740523 -0.3856914 -0.9060617 -0.3246834 0.2184886 -0.920241 0.3594875 -0.5383493 -0.7622 -0.09383958 -0.07359248 -0.9928637 0.5983253 -0.6389604 -0.483463 0.6649197 -0.5889499 -0.4593691 0.7585684 -0.6501159 -0.04385524 0.7444953 -0.5206124 -0.417959 0.8006815 -0.5972057 -0.04748135 -0.4648913 0.3612897 -0.8082981 -0.4815169 0.4009608 -0.7793407 -0.5414496 0.4704791 -0.6967653 -0.5908694 0.5361348 -0.602854 -0.6397575 0.6085763 -0.4694096 0.8412555 -0.5386186 -0.04668146 0.8598993 -0.5103941 0.008433401 -0.6362867 0.6007231 -0.4840155 -0.6610198 0.69947 -0.2716516 -0.608111 0.7938498 0.001919925 -0.471804 0.7948963 0.3814985 0.06371945 0.3545566 0.9328609 -0.1775693 0.6434528 0.7446057 -0.03116196 0.507816 0.8609019 0.1326342 0.3136672 0.9402239 0.1083039 0.3491183 0.9307991 -0.2579253 0.6562522 0.7090893 -0.7885487 0.5521307 0.2708186 -0.8025714 0.5953288 0.03824746 -0.7582762 0.615269 -0.2155492 -0.6795673 0.5990589 -0.4234582 -0.5656192 0.5500906 -0.6143902 -0.442523 0.4808879 -0.756915 -0.3652247 0.4062376 -0.837605 -0.5083357 0.4906122 -0.7077392 -0.6464257 0.5697667 -0.5074443 -0.4396255 0.4623916 -0.7700154 -0.7451615 0.6115936 -0.2658712 -0.7524065 0.6133617 -0.2401496 -0.3510742 0.3731324 -0.8587895 -0.7282904 0.604595 -0.3225803 -0.7937535 0.6069875 0.0390073 -0.7981437 0.6011916 0.0391854 -0.2953288 0.3428941 -0.8917424 -0.3420535 0.1859683 -0.9210945 -0.2977382 0.2444421 -0.9228218 -0.3474388 0.2612404 -0.9005775 -0.2782649 0.2930895 -0.9146953 -0.3424933 0.3437534 -0.8743753 0.5149809 -0.6565867 -0.5510796 -0.4802137 0.2754465 -0.832781 0.367755 -0.5849571 -0.722898 0.2295637 -0.4418764 -0.8672058 0.007169723 -0.2335282 -0.9723236 0.6429707 -0.7155134 -0.2731837 0.6991874 -0.7140801 0.03502351 0.6436538 -0.5657293 0.5154223 0.622917 -0.5459434 0.5602858 0.5020834 -0.3958028 0.7689294 0.5144824 -0.620666 -0.5916769 0.6522985 -0.7087388 -0.2686933 0.703046 -0.7096889 0.04547625 0.6840211 -0.6420044 0.3463316 0.522731 -0.6260337 -0.5786486 -0.1555288 -0.06207066 -0.9858794 -0.1741065 0.06870973 -0.9823269 -0.2870164 0.09916585 -0.952779 -0.4170642 0.219032 -0.8820898 -0.4157897 0.31243 -0.8541116 -0.4180461 0.4274499 -0.801576 -0.52395 0.5185429 -0.6757142 -0.6283327 0.591453 -0.5053527 -0.6795153 0.6719776 -0.2944571 -0.6361657 0.7700932 0.04742974 0.6315662 -0.7138062 -0.3026631 0.7294635 -0.6833447 0.03038424 0.6370534 -0.6893246 -0.344956 0.6602492 -0.7022814 -0.2662176 0.7061715 -0.7059732 0.054071 0.6176401 -0.5500949 0.5620645</float_array>
          <technique_common>
            <accessor source="#R_Prop-mesh-normals-array" count="919" stride="3">
              <param name="X" type="float"/>
              <param name="Y" type="float"/>
              <param name="Z" type="float"/>
            </accessor>
          </technique_common>
        </source>
        <vertices id="R_Prop-mesh-vertices">
          <input semantic="POSITION" source="#R_Prop-mesh-positions"/>
        </vertices>
        <triangles count="1838">
          <input semantic="VERTEX" source="#R_Prop-mesh-vertices" offset="0"/>
          <input semantic="NORMAL" source="#R_Prop-mesh-normals" offset="1"/>
          <p>0 0 1 1 2 2 3 3 0 0 2 2 3 3 2 2 4 4 4 4 2 2 5 5 6 6 0 0 7 7 7 7 0 0 3 3 7 7 3 3 8 8 8 8 3 3 9 9 8 8 9 9 10 10 11 11 12 12 13 13 14 14 15 15 16 16 14 14 16 16 17 17 18 18 19 19 16 16 16 16 19 19 20 20 16 16 20 20 17 17 15 15 21 21 16 16 16 16 21 21 22 22 16 16 22 22 23 23 24 24 25 25 26 26 26 26 25 25 27 27 26 26 27 27 28 28 28 28 29 29 26 26 26 26 29 29 30 30 26 26 30 30 31 31 13 13 12 12 32 32 32 32 12 12 33 33 32 32 33 33 34 34 34 34 35 35 32 32 32 32 35 35 36 36 32 32 36 36 16 16 16 16 36 36 37 37 16 16 37 37 18 18 11 11 13 13 38 38 38 38 13 13 39 39 38 38 39 39 40 40 41 41 42 42 43 43 44 44 41 41 45 45 46 46 47 47 45 45 45 45 47 47 48 48 45 45 48 48 44 44 42 42 49 49 43 43 43 43 49 49 50 50 43 43 50 50 51 51 51 51 52 52 43 43 43 43 52 52 53 53 43 43 53 53 39 39 39 39 53 53 54 54 39 39 54 54 40 40 55 55 56 56 57 57 57 57 56 56 58 58 57 57 58 58 59 59 59 59 60 60 57 57 57 57 60 60 61 61 57 57 61 61 45 45 45 45 61 61 62 62 45 45 62 62 46 46 30 30 63 63 31 31 31 31 63 63 64 64 31 31 64 64 55 55 55 55 64 64 65 65 55 55 65 65 56 56 66 66 67 67 68 68 66 66 68 68 69 69 70 70 71 71 72 72 71 71 73 73 72 72 72 72 73 73 74 74 72 72 74 74 75 75 75 75 76 76 77 77 77 77 76 76 78 78 77 77 78 78 79 79 79 79 80 80 77 77 77 77 80 80 81 81 77 77 81 81 82 82 82 82 83 83 77 77 77 77 83 83 84 84 77 77 84 84 66 66 66 66 84 84 85 85 66 66 85 85 67 67 86 86 87 87 88 88 88 88 87 87 89 89 88 88 89 89 72 72 72 72 89 89 90 90 72 72 90 90 70 70 91 91 92 92 93 93 93 93 92 92 94 94 91 91 95 95 92 92 92 92 95 95 96 96 92 92 96 96 88 88 88 88 96 96 97 97 88 88 97 97 86 86 98 98 99 99 100 100 100 100 99 99 101 101 100 100 101 101 102 102 102 102 101 101 103 103 98 98 104 104 99 99 99 99 104 104 105 105 99 99 105 105 106 106 106 106 107 107 99 99 99 99 107 107 108 108 99 99 108 108 109 109 110 110 111 111 112 112 112 112 111 111 113 113 113 113 114 114 112 112 112 112 114 114 115 115 112 112 115 115 94 94 94 94 115 115 116 116 94 94 116 116 93 93 68 68 117 117 69 69 69 69 117 117 118 118 69 69 118 118 101 101 101 101 118 118 119 119 101 101 119 119 103 103 75 75 77 77 72 72 72 72 77 77 120 120 72 72 120 120 121 121 121 121 120 120 122 122 121 121 122 122 123 123 123 123 122 122 16 16 123 123 16 16 26 26 26 26 16 16 23 23 26 26 23 23 24 24 41 41 43 43 45 45 45 45 43 43 124 124 45 45 124 124 125 125 125 125 124 124 126 126 125 125 126 126 127 127 127 127 126 126 99 99 127 127 99 99 112 112 112 112 99 99 109 109 112 112 109 109 110 110 121 121 128 128 129 129 121 121 129 129 72 72 72 72 129 129 130 130 72 72 130 130 88 88 88 88 130 130 131 131 88 88 131 131 92 92 125 125 127 127 132 132 132 132 127 127 133 133 133 133 127 127 112 112 133 133 112 112 131 131 131 131 112 112 94 94 131 131 94 94 92 92 132 132 134 134 125 125 125 125 134 134 135 135 125 125 135 135 45 45 45 45 135 135 136 136 137 137 55 55 136 136 136 136 55 55 57 57 136 136 57 57 45 45 128 128 121 121 138 138 138 138 121 121 123 123 138 138 123 123 139 139 139 139 123 123 26 26 139 139 26 26 137 137 137 137 26 26 31 31 137 137 31 31 55 55 66 66 140 140 77 77 77 77 140 140 141 141 77 77 141 141 120 120 141 141 142 142 120 120 120 120 142 142 143 143 120 120 143 143 122 122 122 122 143 143 144 144 122 122 144 144 16 16 16 16 144 144 145 145 16 16 145 145 32 32 32 32 145 145 146 146 66 66 69 69 140 140 140 140 69 69 101 101 140 140 101 101 147 147 147 147 101 101 99 99 147 147 99 99 148 148 148 148 99 99 126 126 148 148 126 126 149 149 149 149 126 126 124 124 149 149 124 124 150 150 150 150 124 124 151 151 124 124 43 43 151 151 151 151 43 43 39 39 151 151 39 39 146 146 146 146 39 39 13 13 146 146 13 13 32 32 143 143 128 128 144 144 144 144 128 128 138 138 144 144 138 138 145 145 145 145 138 138 139 139 145 145 139 139 146 146 146 146 139 139 137 137 146 146 137 137 151 151 151 151 137 137 136 136 151 151 136 136 150 150 150 150 136 136 135 135 150 150 135 135 149 149 149 149 135 135 134 134 149 149 134 134 148 148 148 148 134 134 132 132 148 148 132 132 147 147 147 147 132 132 133 133 147 147 133 133 140 140 140 140 133 133 131 131 140 140 131 131 141 141 141 141 131 131 130 130 141 141 130 130 142 142 142 142 130 130 129 129 142 142 129 129 143 143 143 143 129 129 128 128 152 152 6 6 7 7 153 153 154 154 155 155 156 156 157 157 158 158 159 159 160 160 161 161 162 162 163 163 164 164 165 165 166 166 167 167 168 168 169 169 170 170 166 166 165 165 171 171 172 172 173 173 174 174 174 174 173 173 175 175 176 176 177 177 178 178 179 179 180 180 181 181 182 182 183 183 184 184 185 185 186 186 187 187 188 188 5 5 189 189 4 4 190 190 191 191 21 21 15 15 192 192 19 19 18 18 193 193 48 48 47 47 194 194 61 61 60 60 195 195 59 59 58 58 196 196 29 29 197 197 198 198 198 198 197 197 199 199 198 198 199 199 200 200 65 65 64 64 201 201 201 201 64 64 63 63 201 201 63 63 30 30 202 202 46 46 62 62 203 203 44 44 48 48 204 204 42 42 41 41 40 40 54 54 205 205 206 206 11 11 205 205 205 205 11 11 38 38 205 205 38 38 40 40 207 207 34 34 208 208 208 208 34 34 33 33 208 208 33 33 12 12 18 18 37 37 193 193 193 193 37 37 36 36 193 193 36 36 207 207 207 207 36 36 35 35 207 207 35 35 34 34 14 14 17 17 209 209 209 209 17 17 20 20 22 22 210 210 23 23 23 23 210 210 211 211 23 23 211 211 24 24 24 24 211 211 212 212 24 24 212 212 25 25 25 25 212 212 213 213 25 25 213 213 27 27 27 27 213 213 214 214 27 27 214 214 28 28 4 4 215 215 190 190 190 190 215 215 216 216 190 190 216 216 217 217 217 217 216 216 218 218 217 217 218 218 219 219 187 187 186 186 189 189 189 189 186 186 220 220 189 189 220 220 188 188 221 221 222 222 223 223 223 223 222 222 224 224 180 180 223 223 181 181 181 181 223 223 224 224 181 181 224 224 225 225 225 225 224 224 226 226 225 225 226 226 227 227 227 227 226 226 228 228 227 227 228 228 187 187 187 187 228 228 229 229 187 187 229 229 185 185 230 230 231 231 232 232 232 232 231 231 233 233 232 232 233 233 234 234 234 234 233 233 235 235 234 234 235 235 236 236 237 237 238 238 239 239 239 239 238 238 240 240 239 239 240 240 241 241 241 241 240 240 242 242 241 241 242 242 243 243 244 244 237 237 230 230 230 230 237 237 239 239 230 230 239 239 231 231 231 231 239 239 241 241 231 231 241 241 233 233 233 233 241 241 243 243 233 233 243 243 235 235 219 219 245 245 217 217 217 217 245 245 244 244 217 217 244 244 246 246 246 246 244 244 230 230 246 246 230 230 247 247 247 247 230 230 232 232 247 247 232 232 248 248 248 248 232 232 234 234 248 248 234 234 249 249 249 249 234 234 236 236 249 249 236 236 250 250 245 245 251 251 244 244 244 244 251 251 252 252 244 244 252 252 237 237 237 237 252 252 253 253 237 237 253 253 238 238 238 238 253 253 254 254 238 238 254 254 240 240 240 240 254 254 255 255 240 240 255 255 242 242 256 256 257 257 258 258 258 258 257 257 259 259 258 258 259 259 260 260 260 260 259 259 261 261 262 262 263 263 264 264 264 264 263 263 265 265 264 264 265 265 266 266 266 266 265 265 267 267 266 266 267 267 268 268 268 268 267 267 269 269 268 268 269 269 270 270 270 270 269 269 271 271 272 272 273 273 274 274 274 274 273 273 275 275 274 274 275 275 276 276 277 277 278 278 279 279 279 279 278 278 272 272 279 279 272 272 280 280 280 280 272 272 274 274 280 280 274 274 281 281 281 281 274 274 276 276 281 281 276 276 282 282 283 283 284 284 285 285 285 285 284 284 286 286 285 285 286 286 287 287 287 287 286 286 288 288 287 287 288 288 289 289 289 289 288 288 290 290 289 289 290 290 291 291 291 291 290 290 8 8 291 291 8 8 10 10 177 177 176 176 292 292 293 293 183 183 294 294 294 294 183 183 182 182 294 294 182 182 295 295 189 189 296 296 187 187 187 187 296 296 297 297 187 187 297 297 227 227 227 227 297 297 298 298 227 227 298 298 225 225 225 225 298 298 184 184 225 225 184 184 181 181 181 181 184 184 183 183 181 181 183 183 179 179 179 179 183 183 293 293 299 299 300 300 301 301 301 301 300 300 302 302 301 301 302 302 152 152 303 303 304 304 305 305 6 6 152 152 305 305 305 305 152 152 302 302 305 305 302 302 303 303 303 303 302 302 300 300 303 303 300 300 306 306 306 306 300 300 299 299 306 306 299 299 307 307 176 176 296 296 292 292 292 292 296 296 189 189 292 292 189 189 308 308 308 308 189 189 5 5 308 308 5 5 2 2 48 48 194 194 203 203 203 203 194 194 309 309 203 203 309 309 310 310 311 311 312 312 313 313 313 313 312 312 314 314 313 313 314 314 204 204 204 204 314 314 315 315 204 204 315 315 42 42 310 310 309 309 316 316 316 316 309 309 317 317 316 316 317 317 318 318 319 319 320 320 321 321 321 321 320 320 318 318 321 321 318 318 322 322 322 322 318 318 317 317 62 62 61 61 202 202 202 202 61 61 195 195 202 202 195 195 323 323 323 323 195 195 324 324 323 323 324 324 325 325 326 326 327 327 328 328 328 328 327 327 329 329 328 328 329 329 330 330 330 330 329 329 331 331 332 332 333 333 326 326 334 334 335 335 336 336 337 337 338 338 339 339 339 339 338 338 336 336 339 339 336 336 340 340 304 304 303 303 341 341 341 341 303 303 306 306 341 341 306 306 342 342 342 342 306 306 307 307 342 342 307 307 343 343 343 343 307 307 344 344 343 343 344 344 345 345 345 345 344 344 335 335 345 345 335 335 319 319 319 319 335 335 334 334 319 319 334 334 320 320 321 321 178 178 319 319 319 319 178 178 177 177 319 319 177 177 345 345 345 345 177 177 292 292 345 345 292 292 343 343 343 343 292 292 308 308 343 343 308 308 342 342 342 342 308 308 2 2 342 342 2 2 341 341 341 341 2 2 1 1 341 341 1 1 304 304 304 304 1 1 0 0 304 304 0 0 305 305 305 305 0 0 6 6 346 346 347 347 348 348 348 348 347 347 349 349 348 348 349 349 350 350 58 58 56 56 196 196 196 196 56 56 351 351 196 196 351 351 352 352 347 347 325 325 349 349 349 349 325 325 324 324 349 349 324 324 353 353 352 352 354 354 355 355 56 56 65 65 351 351 351 351 65 65 201 201 351 351 201 201 352 352 352 352 201 201 356 356 352 352 356 356 354 354 357 357 358 358 359 359 30 30 29 29 201 201 201 201 29 29 198 198 201 201 198 198 356 356 356 356 198 198 200 200 356 356 200 200 354 354 354 354 200 200 360 360 354 354 360 360 355 355 197 197 361 361 199 199 199 199 361 361 362 362 199 199 362 362 200 200 200 200 362 362 363 363 200 200 363 363 360 360 360 360 363 363 364 364 360 360 364 364 355 355 355 355 364 364 353 353 355 355 353 353 352 352 352 352 353 353 324 324 352 352 324 324 196 196 196 196 324 324 195 195 196 196 195 195 59 59 59 59 195 195 60 60 365 365 366 366 367 367 367 367 366 366 368 368 367 367 368 368 357 357 357 357 368 368 369 369 357 357 369 369 358 358 358 358 369 369 370 370 371 371 372 372 373 373 374 374 373 373 375 375 375 375 373 373 372 372 375 375 372 372 376 376 374 374 377 377 373 373 373 373 377 377 378 378 373 373 378 378 371 371 371 371 169 169 372 372 372 372 169 169 168 168 372 372 168 168 376 376 376 376 168 168 370 370 376 376 370 370 375 375 375 375 370 370 369 369 375 375 369 369 374 374 374 374 369 369 368 368 374 374 368 368 379 379 379 379 368 368 366 366 379 379 366 366 380 380 380 380 366 366 365 365 165 165 172 172 171 171 171 171 172 172 174 174 171 171 174 174 381 381 381 381 174 174 175 175 381 381 175 175 382 382 361 361 359 359 362 362 362 362 359 359 358 358 362 362 358 358 363 363 363 363 358 358 370 370 363 363 370 370 364 364 364 364 370 370 168 168 364 364 168 168 353 353 353 353 168 168 170 170 353 353 170 170 349 349 349 349 170 170 383 383 349 349 383 383 350 350 377 377 384 384 378 378 378 378 384 384 385 385 378 378 385 385 371 371 371 371 385 385 386 386 371 371 386 386 169 169 169 169 386 386 387 387 169 169 387 387 170 170 170 170 387 387 388 388 170 170 388 388 383 383 383 383 388 388 389 389 383 383 389 389 350 350 350 350 389 389 390 390 350 350 390 390 348 348 348 348 390 390 391 391 348 348 391 391 346 346 392 392 393 393 394 394 394 394 393 393 395 395 394 394 395 395 162 162 162 162 395 395 396 396 162 162 396 396 163 163 377 377 392 392 384 384 384 384 392 392 394 394 384 384 394 394 385 385 385 385 394 394 162 162 385 385 162 162 386 386 386 386 162 162 164 164 386 386 164 164 387 387 387 387 164 164 397 397 387 387 397 397 388 388 388 388 397 397 398 398 388 388 398 398 389 389 389 389 398 398 399 399 389 389 399 399 390 390 390 390 399 399 400 400 390 390 400 400 391 391 382 382 401 401 381 381 381 381 401 401 402 402 381 381 402 402 171 171 171 171 402 402 403 403 171 171 403 403 166 166 47 47 46 46 194 194 194 194 46 46 202 202 194 194 202 202 309 309 309 309 202 202 323 323 309 309 323 323 317 317 317 317 323 323 325 325 317 317 325 325 322 322 322 322 325 325 347 347 322 322 347 347 321 321 321 321 347 347 346 346 321 321 346 346 178 178 178 178 346 346 391 391 178 178 391 391 176 176 176 176 391 391 400 400 176 176 400 400 296 296 296 296 400 400 399 399 296 296 399 399 297 297 297 297 399 399 398 398 297 297 398 398 298 298 298 298 398 398 397 397 298 298 397 397 184 184 184 184 397 397 164 164 184 184 164 164 182 182 182 182 164 164 163 163 182 182 163 163 295 295 295 295 163 163 396 396 15 15 14 14 192 192 192 192 14 14 209 209 192 192 209 209 404 404 404 404 209 209 405 405 406 406 407 407 401 401 401 401 407 407 408 408 401 401 408 408 402 402 402 402 408 408 409 409 402 402 409 409 403 403 208 208 410 410 207 207 207 207 410 410 405 405 207 207 405 405 193 193 193 193 405 405 209 209 193 193 209 209 19 19 19 19 209 209 20 20 411 411 412 412 413 413 413 413 412 412 414 414 413 413 414 414 415 415 416 416 411 411 417 417 417 417 411 411 413 413 417 417 413 413 418 418 418 418 413 413 415 415 419 419 420 420 421 421 421 421 420 420 422 422 421 421 422 422 423 423 423 423 422 422 424 424 423 423 424 424 425 425 158 158 410 410 426 426 426 426 410 410 208 208 426 426 208 208 206 206 206 206 208 208 12 12 206 206 12 12 11 11 205 205 427 427 206 206 206 206 427 427 428 428 206 206 428 428 426 426 426 426 428 428 429 429 426 426 429 429 158 158 415 415 430 430 418 418 418 418 430 430 419 419 418 418 419 419 417 417 417 417 419 419 421 421 417 417 421 421 416 416 416 416 421 421 423 423 416 416 423 423 431 431 431 431 423 423 425 425 431 431 425 425 432 432 327 327 433 433 329 329 329 329 433 433 434 434 329 329 434 434 331 331 331 331 434 434 435 435 331 331 435 435 436 436 436 436 435 435 437 437 436 436 437 437 438 438 439 439 440 440 441 441 441 441 440 440 442 442 441 441 442 442 443 443 444 444 445 445 432 432 428 428 446 446 429 429 429 429 446 446 447 447 429 429 447 447 158 158 158 158 447 447 448 448 158 158 448 448 156 156 157 157 449 449 158 158 158 158 449 449 450 450 158 158 450 450 410 410 410 410 450 450 451 451 410 410 451 451 405 405 405 405 451 451 452 452 405 405 452 452 404 404 404 404 452 452 453 453 404 404 453 453 192 192 192 192 453 453 210 210 192 192 210 210 21 21 21 21 210 210 22 22 49 49 42 42 454 454 454 454 42 42 315 315 454 454 315 315 455 455 455 455 315 315 314 314 455 455 314 314 438 438 438 438 314 314 312 312 438 438 312 312 436 436 436 436 312 312 311 311 436 436 311 311 331 331 449 449 161 161 450 450 450 450 161 161 160 160 450 450 160 160 451 451 451 451 160 160 159 159 451 451 159 159 452 452 452 452 159 159 456 456 452 452 456 456 453 453 453 453 456 456 457 457 453 453 457 457 210 210 210 210 457 457 458 458 210 210 458 458 211 211 211 211 458 458 459 459 211 211 459 459 212 212 212 212 459 459 460 460 212 212 460 460 213 213 213 213 460 460 461 461 213 213 461 461 214 214 214 214 461 461 462 462 167 167 166 166 463 463 463 463 166 166 403 403 463 463 403 403 464 464 464 464 403 403 409 409 464 464 409 409 465 465 465 465 409 409 408 408 465 465 408 408 466 466 466 466 408 408 407 407 466 466 407 407 467 467 467 467 407 407 406 406 467 467 406 406 468 468 469 469 470 470 471 471 471 471 470 470 472 472 471 471 472 472 473 473 474 474 473 473 475 475 475 475 473 473 472 472 475 475 472 472 250 250 250 250 472 472 470 470 250 250 470 470 249 249 249 249 470 470 469 469 249 249 469 469 248 248 248 248 469 469 476 476 248 248 476 476 247 247 247 247 476 476 271 271 247 247 271 271 246 246 246 246 271 271 269 269 246 246 269 269 217 217 217 217 269 269 267 267 217 217 267 267 190 190 190 190 267 267 265 265 190 190 265 265 191 191 191 191 265 265 263 263 477 477 478 478 479 479 479 479 478 478 480 480 479 479 480 480 481 481 481 481 480 480 468 468 445 445 444 444 482 482 482 482 444 444 483 483 483 483 444 444 484 484 483 483 484 484 485 485 482 482 486 486 445 445 445 445 486 486 487 487 445 445 487 487 432 432 432 432 487 487 488 488 432 432 488 488 431 431 431 431 488 488 489 489 431 431 489 489 416 416 416 416 489 489 490 490 416 416 490 490 411 411 411 411 490 490 491 491 411 411 491 491 412 412 492 492 153 153 493 493 493 493 153 153 155 155 493 493 155 155 494 494 494 494 155 155 495 495 494 494 495 495 496 496 496 496 495 495 156 156 496 496 156 156 497 497 497 497 156 156 448 448 497 497 448 448 498 498 498 498 448 448 447 447 282 282 256 256 281 281 281 281 256 256 258 258 281 281 258 258 280 280 280 280 258 258 260 260 280 280 260 260 279 279 279 279 260 260 261 261 279 279 261 261 277 277 277 277 261 261 499 499 277 277 499 499 500 500 500 500 499 499 477 477 500 500 477 477 501 501 501 501 477 477 479 479 501 501 479 479 502 502 502 502 479 479 481 481 502 502 481 481 503 503 503 503 481 481 468 468 503 503 468 468 504 504 504 504 468 468 406 406 504 504 406 406 505 505 505 505 406 406 401 401 505 505 401 401 506 506 506 506 401 401 382 382 506 506 382 382 507 507 424 424 443 443 425 425 425 425 443 443 442 442 425 425 442 442 432 432 432 432 442 442 440 440 432 432 440 440 444 444 444 444 440 440 439 439 444 444 439 439 484 484 484 484 439 439 508 508 484 484 508 508 485 485 485 485 508 508 509 509 485 485 509 509 510 510 510 510 509 509 333 333 510 510 333 333 511 511 511 511 333 333 332 332 257 257 512 512 259 259 259 259 512 512 262 262 259 259 262 262 261 261 261 261 262 262 264 264 261 261 264 264 499 499 499 499 264 264 266 266 499 499 266 266 477 477 477 477 266 266 268 268 477 477 268 268 478 478 478 478 268 268 270 270 478 478 270 270 480 480 480 480 270 270 271 271 480 480 271 271 468 468 468 468 271 271 476 476 468 468 476 476 467 467 467 467 476 476 469 469 467 467 469 469 466 466 466 466 469 469 471 471 466 466 471 471 465 465 465 465 471 471 473 473 465 465 473 473 464 464 464 464 473 473 474 474 464 464 474 474 463 463 326 326 333 333 327 327 327 327 333 333 509 509 327 327 509 509 433 433 433 433 509 509 508 508 433 433 508 508 434 434 434 434 508 508 439 439 434 434 439 439 435 435 435 435 439 439 441 441 435 435 441 441 437 437 437 437 441 441 443 443 437 437 443 443 438 438 438 438 443 443 424 424 438 438 424 424 455 455 455 455 424 424 422 422 455 455 422 422 454 454 454 454 422 422 420 420 454 454 420 420 49 49 49 49 420 420 419 419 49 49 419 419 50 50 50 50 419 419 430 430 50 50 430 430 51 51 51 51 430 430 415 415 51 51 415 415 52 52 52 52 415 415 414 414 52 52 414 414 53 53 336 336 335 335 340 340 340 340 335 335 344 344 340 340 344 344 283 283 283 283 344 344 307 307 283 283 307 307 284 284 284 284 307 307 299 299 284 284 299 299 286 286 286 286 299 299 301 301 286 286 301 301 288 288 288 288 301 301 152 152 288 288 152 152 290 290 290 290 152 152 7 7 290 290 7 7 8 8 251 251 513 513 252 252 252 252 513 513 514 514 252 252 514 514 253 253 253 253 514 514 515 515 253 253 515 515 254 254 254 254 515 515 221 221 254 254 221 221 255 255 255 255 221 221 223 223 255 255 223 223 242 242 242 242 223 223 180 180 242 242 180 180 243 243 243 243 180 180 179 179 243 243 179 179 235 235 235 235 179 179 293 293 235 235 293 293 236 236 236 236 293 293 294 294 236 236 294 294 250 250 250 250 294 294 295 295 250 250 295 295 475 475 475 475 295 295 396 396 475 475 396 396 474 474 474 474 396 396 395 395 474 474 395 395 463 463 463 463 395 395 393 393 463 463 393 393 167 167 167 167 393 393 392 392 167 167 392 392 165 165 165 165 392 392 377 377 165 165 377 377 172 172 172 172 377 377 374 374 172 172 374 374 173 173 173 173 374 374 379 379 173 173 379 379 175 175 175 175 379 379 380 380 175 175 380 380 382 382 382 382 380 380 365 365 382 382 365 365 507 507 54 54 53 53 205 205 205 205 53 53 414 414 205 205 414 414 427 427 427 427 414 414 412 412 427 427 412 412 428 428 428 428 412 412 491 491 428 428 491 491 446 446 446 446 491 491 490 490 446 446 490 490 447 447 447 447 490 490 489 489 447 447 489 489 498 498 498 498 489 489 488 488 498 498 488 488 497 497 497 497 488 488 487 487 497 497 487 487 496 496 496 496 487 487 486 486 496 496 486 486 494 494 494 494 486 486 482 482 494 494 482 482 493 493 493 493 482 482 483 483 493 493 483 483 492 492 492 492 483 483 485 485 492 492 485 485 153 153 153 153 485 485 510 510 153 153 510 510 154 154 154 154 510 510 511 511 154 154 511 511 337 337 337 337 511 511 332 332 337 337 332 332 338 338 338 338 332 332 326 326 338 338 326 326 336 336 336 336 326 326 328 328 336 336 328 328 334 334 334 334 328 328 330 330 334 334 330 330 320 320 320 320 330 330 331 331 320 320 331 331 318 318 318 318 331 331 311 311 318 318 311 311 316 316 316 316 311 311 313 313 316 316 313 313 310 310 310 310 313 313 204 204 310 310 204 204 203 203 203 203 204 204 41 41 203 203 41 41 44 44 29 29 28 28 197 197 197 197 28 28 214 214 197 197 214 214 361 361 361 361 214 214 462 462 361 361 462 462 359 359 359 359 462 462 461 461 359 359 461 461 357 357 357 357 461 461 460 460 357 357 460 460 367 367 367 367 460 460 459 459 367 367 459 459 365 365 365 365 459 459 458 458 365 365 458 458 507 507 507 507 458 458 457 457 507 507 457 457 506 506 506 506 457 457 456 456 506 506 456 456 505 505 505 505 456 456 159 159 505 505 159 159 504 504 504 504 159 159 161 161 504 504 161 161 503 503 503 503 161 161 449 449 503 503 449 449 502 502 502 502 449 449 157 157 502 502 157 157 501 501 501 501 157 157 156 156 501 501 156 156 500 500 500 500 156 156 495 495 500 500 495 495 277 277 277 277 495 495 155 155 277 277 155 155 278 278 278 278 155 155 154 154 278 278 154 154 272 272 272 272 154 154 337 337 272 272 337 337 273 273 273 273 337 337 339 339 273 273 339 339 275 275 275 275 339 339 340 340 275 275 340 340 276 276 276 276 340 340 283 283 276 276 283 283 282 282 282 282 283 283 285 285 282 282 285 285 256 256 256 256 285 285 287 287 256 256 287 287 257 257 257 257 287 287 289 289 257 257 289 289 512 512 512 512 289 289 291 291 512 512 291 291 262 262 262 262 291 291 10 10 262 262 10 10 263 263 263 263 10 10 9 9 263 263 9 9 191 191 191 191 9 9 3 3 191 191 3 3 4 4 221 221 515 515 222 222 222 222 515 515 514 514 222 222 514 514 224 224 224 224 514 514 513 513 224 224 513 513 226 226 226 226 513 513 251 251 4 4 5 5 215 215 215 215 5 5 188 188 215 215 188 188 216 216 216 216 188 188 220 220 216 216 220 220 218 218 218 218 220 220 186 186 218 218 186 186 219 219 219 219 186 186 185 185 219 219 185 185 245 245 245 245 185 185 229 229 245 245 229 229 251 251 251 251 229 229 228 228 251 251 228 228 226 226 516 516 517 517 518 518 519 519 520 520 521 521 522 522 523 523 524 524 525 525 526 526 527 527 528 528 529 529 530 530 531 531 532 532 533 533 534 534 535 535 536 536 537 537 538 538 539 539 540 540 541 541 542 542 543 543 544 544 545 545 546 546 547 547 548 548 548 548 547 547 549 549 550 550 551 551 552 552 553 553 554 554 555 555 556 556 557 557 67 67 84 84 83 83 558 558 108 108 559 559 560 560 107 107 106 106 561 561 104 104 98 98 562 562 117 117 68 68 563 563 98 98 100 100 562 562 562 562 100 100 102 102 562 562 102 102 564 564 564 564 102 102 103 103 564 564 103 103 565 565 565 565 103 103 119 119 565 565 119 119 118 118 108 108 560 560 109 109 109 109 560 560 566 566 109 109 566 566 110 110 110 110 566 566 567 567 110 110 567 567 111 111 111 111 567 567 568 568 111 111 568 568 113 113 91 91 93 93 569 569 569 569 93 93 116 116 96 96 95 95 535 535 89 89 87 87 534 534 534 534 87 87 86 86 534 534 86 86 535 535 535 535 86 86 97 97 535 535 97 97 96 96 570 570 70 70 90 90 71 71 538 538 73 73 73 73 538 538 537 537 73 73 537 537 74 74 74 74 537 537 75 75 79 79 78 78 571 571 572 572 83 83 82 82 84 84 558 558 85 85 67 67 557 557 68 68 573 573 574 574 575 575 575 575 574 574 576 576 577 577 578 578 579 579 579 579 578 578 580 580 579 579 580 580 576 576 576 576 580 580 581 581 576 576 581 581 575 575 582 582 583 583 584 584 585 585 586 586 587 587 587 587 586 586 588 588 587 587 588 588 589 589 589 589 588 588 590 590 589 589 590 590 591 591 591 591 590 590 592 592 591 591 592 592 593 593 593 593 592 592 594 594 593 593 594 594 595 595 595 595 594 594 596 596 595 595 596 596 597 597 597 597 596 596 598 598 598 598 596 596 599 599 598 598 599 599 600 600 586 586 601 601 588 588 588 588 601 601 602 602 588 588 602 602 590 590 590 590 602 602 603 603 590 590 603 603 592 592 592 592 603 603 604 604 592 592 604 604 594 594 594 594 604 604 605 605 594 594 605 605 596 596 596 596 605 605 606 606 596 596 606 606 599 599 574 574 584 584 576 576 576 576 584 584 583 583 576 576 583 583 579 579 579 579 583 583 607 607 579 579 607 607 577 577 577 577 607 607 608 608 609 609 610 610 611 611 611 611 610 610 612 612 611 611 612 612 613 613 613 613 612 612 614 614 613 613 614 614 615 615 615 615 614 614 616 616 617 617 618 618 619 619 619 619 618 618 620 620 621 621 622 622 623 623 623 623 622 622 624 624 554 554 553 553 625 625 626 626 627 627 628 628 628 628 627 627 629 629 628 628 629 629 630 630 630 630 629 629 631 631 630 630 631 631 632 632 632 632 631 631 633 633 632 632 633 633 634 634 634 634 633 633 625 625 634 634 625 625 635 635 552 552 551 551 636 636 636 636 551 551 637 637 636 636 637 637 582 582 582 582 637 637 638 638 582 582 638 638 583 583 583 583 638 638 639 639 583 583 639 639 607 607 607 607 639 639 640 640 607 607 640 640 608 608 608 608 640 640 641 641 608 608 641 641 642 642 643 643 644 644 645 645 645 645 644 644 646 646 645 645 646 646 647 647 648 648 649 649 650 650 650 650 649 649 651 651 650 650 651 651 652 652 652 652 651 651 643 643 652 652 643 643 653 653 653 653 643 643 645 645 653 653 645 645 654 654 654 654 645 645 647 647 654 654 647 647 655 655 656 656 657 657 658 658 659 659 660 660 661 661 661 661 660 660 662 662 661 661 662 662 663 663 663 663 662 662 664 664 663 663 664 664 665 665 665 665 664 664 617 617 665 665 617 617 553 553 553 553 617 617 619 619 553 553 619 619 623 623 623 623 619 619 620 620 623 623 620 620 621 621 666 666 658 658 659 659 659 659 658 658 657 657 659 659 657 657 660 660 660 660 657 657 667 667 660 660 667 667 662 662 662 662 667 667 668 668 662 662 668 668 664 664 664 664 668 668 669 669 664 664 669 669 617 617 670 670 671 671 672 672 672 672 671 671 673 673 672 672 673 673 674 674 675 675 676 676 677 677 677 677 676 676 678 678 677 677 678 678 679 679 680 680 675 675 681 681 681 681 675 675 677 677 681 681 677 677 682 682 682 682 677 677 679 679 682 682 679 679 683 683 684 684 685 685 686 686 686 686 685 685 687 687 686 686 687 687 688 688 689 689 684 684 690 690 690 690 684 684 686 686 690 690 686 686 691 691 691 691 686 686 688 688 692 692 549 549 693 693 693 693 549 549 547 547 693 693 547 547 694 694 694 694 547 547 546 546 548 548 543 543 546 546 546 546 543 543 545 545 546 546 545 545 694 694 694 694 545 545 695 695 694 694 695 695 542 542 542 542 695 695 696 696 542 542 696 696 540 540 541 541 540 540 697 697 697 697 540 540 698 698 697 697 698 698 699 699 698 698 700 700 699 699 699 699 700 700 701 701 699 699 701 701 702 702 702 702 701 701 703 703 702 702 703 703 689 689 689 689 703 703 704 704 689 689 704 704 684 684 684 684 704 704 705 705 684 684 705 705 685 685 685 685 705 705 706 706 685 685 706 706 687 687 687 687 706 706 707 707 687 687 707 707 688 688 708 708 709 709 710 710 710 710 709 709 711 711 710 710 711 711 712 712 712 712 711 711 713 713 712 712 713 713 714 714 714 714 713 713 715 715 76 76 75 75 715 715 715 715 75 75 537 537 715 715 537 537 714 714 714 714 537 537 539 539 714 714 539 539 712 712 712 712 539 539 716 716 712 712 716 716 710 710 717 717 708 708 718 718 718 718 708 708 710 710 718 718 710 710 719 719 719 719 710 710 716 716 720 720 721 721 722 722 722 722 721 721 723 723 722 722 723 723 724 724 724 724 723 723 725 725 724 724 725 725 726 726 671 671 727 727 673 673 673 673 727 727 717 717 673 673 717 717 674 674 674 674 717 717 718 718 728 728 729 729 730 730 730 730 729 729 731 731 90 90 89 89 570 570 570 570 89 89 534 534 570 570 534 534 732 732 732 732 534 534 536 536 732 732 536 536 733 733 733 733 536 536 730 730 733 733 730 730 734 734 734 734 730 730 731 731 734 734 731 731 735 735 736 736 737 737 738 738 738 738 737 737 739 739 740 740 569 569 741 741 740 740 741 741 742 742 743 743 736 736 744 744 744 744 736 736 738 738 744 744 738 738 745 745 745 745 738 738 739 739 741 741 746 746 742 742 742 742 746 746 747 747 742 742 747 747 748 748 748 748 747 747 749 749 748 748 749 749 533 533 533 533 749 749 750 750 533 533 750 750 531 531 531 531 750 750 751 751 752 752 753 753 754 754 754 754 753 753 755 755 754 754 755 755 756 756 751 751 757 757 758 758 758 758 757 757 759 759 758 758 759 759 760 760 761 761 756 756 762 762 762 762 756 756 755 755 762 762 755 755 763 763 763 763 755 755 753 753 763 763 753 753 764 764 764 764 753 753 752 752 764 764 752 752 765 765 765 765 752 752 766 766 765 765 766 766 767 767 768 768 769 769 770 770 770 770 769 769 771 771 770 770 771 771 772 772 772 772 771 771 773 773 772 772 773 773 743 743 743 743 773 773 774 774 743 743 774 774 736 736 95 95 775 775 535 535 535 535 775 775 737 737 535 535 737 737 536 536 536 536 737 737 736 736 536 536 736 736 730 730 730 730 736 736 774 774 730 730 774 774 728 728 768 768 776 776 777 777 776 776 778 778 779 779 779 779 778 778 780 780 779 779 780 780 781 781 768 768 782 782 769 769 769 769 782 782 783 783 769 769 783 783 771 771 771 771 783 783 784 784 771 771 784 784 773 773 773 773 784 784 785 785 773 773 785 785 774 774 774 774 785 785 786 786 774 774 786 786 728 728 728 728 786 786 787 787 728 728 787 787 729 729 729 729 787 787 788 788 729 729 788 788 731 731 731 731 788 788 789 789 731 731 789 789 735 735 781 781 780 780 790 790 790 790 780 780 791 791 790 790 791 791 792 792 776 776 779 779 777 777 777 777 779 779 781 781 777 777 781 781 793 793 793 793 781 781 790 790 793 793 790 790 528 528 528 528 790 790 792 792 528 528 792 792 529 529 768 768 777 777 782 782 782 782 777 777 793 793 782 782 793 793 783 783 783 783 793 793 528 528 783 783 528 528 784 784 784 784 528 528 530 530 784 784 530 530 785 785 785 785 530 530 794 794 785 785 794 794 786 786 786 786 794 794 795 795 786 786 795 795 787 787 787 787 795 795 796 796 787 787 796 796 788 788 788 788 796 796 797 797 788 788 797 797 789 789 71 71 70 70 538 538 538 538 70 70 570 570 538 538 570 570 539 539 539 539 570 570 732 732 539 539 732 732 716 716 716 716 732 732 733 733 716 716 733 733 719 719 719 719 733 733 734 734 719 719 734 734 718 718 718 718 734 734 735 735 718 718 735 735 674 674 674 674 735 735 789 789 674 674 789 789 672 672 672 672 789 789 797 797 672 672 797 797 670 670 670 670 797 797 796 796 670 670 796 796 798 798 798 798 796 796 795 795 798 798 795 795 799 799 799 799 795 795 794 794 799 799 794 794 683 683 683 683 794 794 530 530 683 683 530 530 682 682 682 682 530 530 529 529 682 682 529 529 681 681 681 681 529 529 792 792 681 681 792 792 680 680 680 680 792 792 791 791 106 106 105 105 561 561 561 561 105 105 800 800 561 561 800 800 801 801 801 801 800 800 802 802 803 803 767 767 804 804 804 804 767 767 766 766 804 804 766 766 805 805 805 805 766 766 806 806 565 565 807 807 564 564 564 564 807 807 802 802 564 564 802 802 562 562 562 562 802 802 800 800 562 562 800 800 104 104 104 104 800 800 105 105 83 83 572 572 558 558 558 558 572 572 808 808 558 558 808 808 809 809 67 67 85 85 556 556 556 556 85 85 558 558 556 556 558 558 557 557 557 557 558 558 809 809 557 557 809 809 810 810 521 521 807 807 811 811 811 811 807 807 565 565 811 811 565 565 563 563 563 563 565 565 118 118 563 563 118 118 117 117 68 68 557 557 563 563 563 563 557 557 810 810 563 563 810 810 811 811 811 811 810 810 812 812 811 811 812 812 521 521 813 813 814 814 815 815 815 815 814 814 816 816 815 815 816 816 817 817 817 817 816 816 818 818 817 817 818 818 819 819 820 820 821 821 822 822 822 822 821 821 522 522 822 822 522 522 823 823 823 823 522 522 524 524 823 823 524 524 824 824 824 824 524 524 825 825 824 824 825 825 826 826 826 826 825 825 827 827 826 826 827 827 828 828 829 829 830 830 831 831 831 831 830 830 832 832 831 831 832 832 833 833 828 828 81 81 826 826 826 826 81 81 813 813 826 826 813 813 824 824 824 824 813 813 815 815 824 824 815 815 823 823 823 823 815 815 817 817 823 823 817 817 822 822 822 822 817 817 819 819 822 822 819 819 820 820 834 834 835 835 836 836 836 836 835 835 837 837 836 836 837 837 838 838 838 838 837 837 839 839 838 838 839 839 523 523 523 523 522 522 838 838 838 838 522 522 821 821 838 838 821 821 836 836 836 836 821 821 840 840 836 836 840 840 834 834 808 808 833 833 809 809 809 809 833 833 832 832 809 809 832 832 810 810 810 810 832 832 830 830 810 810 830 830 812 812 812 812 830 830 829 829 812 812 829 829 521 521 521 521 829 829 841 841 521 521 841 841 519 519 842 842 843 843 844 844 844 844 843 843 845 845 844 844 845 845 846 846 846 846 845 845 847 847 846 846 847 847 848 848 520 520 849 849 521 521 521 521 849 849 850 850 521 521 850 850 807 807 807 807 850 850 851 851 807 807 851 851 802 802 802 802 851 851 852 852 802 802 852 852 801 801 801 801 852 852 853 853 801 801 853 853 561 561 561 561 853 853 559 559 561 561 559 559 107 107 107 107 559 559 108 108 854 854 818 818 855 855 855 855 818 818 816 816 855 855 816 816 571 571 571 571 816 816 814 814 571 571 814 814 79 79 79 79 814 814 813 813 79 79 813 813 80 80 80 80 813 813 81 81 849 849 527 527 850 850 850 850 527 527 526 526 850 850 526 526 851 851 851 851 526 526 525 525 851 851 525 525 852 852 852 852 525 525 856 856 852 852 856 856 853 853 853 853 856 856 857 857 853 853 857 857 559 559 559 559 857 857 858 858 559 559 858 858 560 560 560 560 858 858 859 859 560 560 859 859 566 566 566 566 859 859 860 860 566 566 860 860 567 567 567 567 860 860 861 861 567 567 861 861 568 568 568 568 861 861 862 862 116 116 115 115 569 569 569 569 115 115 114 114 569 569 114 114 741 741 741 741 114 114 863 863 741 741 863 863 746 746 746 746 863 863 864 864 746 746 864 864 747 747 747 747 864 864 865 865 747 747 865 865 749 749 749 749 865 865 761 761 749 749 761 761 750 750 750 750 761 761 762 762 750 750 762 762 751 751 751 751 762 762 763 763 751 751 763 763 757 757 757 757 763 763 764 764 757 757 764 764 759 759 759 759 764 764 765 765 759 759 765 765 760 760 760 760 765 765 767 767 760 760 767 767 866 866 866 866 767 767 803 803 866 866 803 803 867 867 867 867 803 803 868 868 868 868 803 803 869 869 869 869 803 803 804 804 869 869 804 804 870 870 870 870 804 804 805 805 870 870 805 805 871 871 871 871 805 805 806 806 871 871 806 806 872 872 873 873 874 874 875 875 875 875 874 874 876 876 875 875 876 876 877 877 642 642 600 600 608 608 608 608 600 600 599 599 608 608 599 599 577 577 577 577 599 599 606 606 577 577 606 606 578 578 578 578 606 606 605 605 578 578 605 605 580 580 580 580 605 605 604 604 580 580 604 604 581 581 581 581 604 604 603 603 581 581 603 603 575 575 575 575 603 603 602 602 575 575 602 602 573 573 573 573 602 602 601 601 573 573 601 601 878 878 878 878 601 601 586 586 878 878 586 586 879 879 879 879 586 586 585 585 879 879 585 585 880 880 881 881 877 877 880 880 880 880 877 877 876 876 880 880 876 876 879 879 879 879 876 876 874 874 879 879 874 874 878 878 878 878 874 874 873 873 878 878 873 873 573 573 573 573 873 873 882 882 573 573 882 882 574 574 574 574 882 882 626 626 574 574 626 626 584 584 584 584 626 626 628 628 584 584 628 628 582 582 582 582 628 628 630 630 582 582 630 630 636 636 636 636 630 630 632 632 636 636 632 632 552 552 552 552 632 632 634 634 552 552 634 634 550 550 550 550 634 634 635 635 883 883 884 884 885 885 885 885 884 884 886 886 885 885 886 886 887 887 887 887 886 886 872 872 844 844 888 888 842 842 842 842 888 888 889 889 842 842 889 889 890 890 890 890 889 889 891 891 890 890 891 891 892 892 854 854 848 848 818 818 818 818 848 848 847 847 818 818 847 847 819 819 819 819 847 847 845 845 819 819 845 845 820 820 820 820 845 845 843 843 820 820 843 843 821 821 821 821 843 843 842 842 821 821 842 842 840 840 840 840 842 842 890 890 840 840 890 890 834 834 834 834 890 890 892 892 834 834 892 892 835 835 893 893 720 720 894 894 894 894 720 720 722 722 894 894 722 722 895 895 895 895 722 722 724 724 895 895 724 724 896 896 896 896 724 724 726 726 896 896 726 726 897 897 898 898 893 893 899 899 899 899 893 893 894 894 899 899 894 894 900 900 900 900 894 894 895 895 900 900 895 895 901 901 901 901 895 895 896 896 891 891 902 902 892 892 892 892 902 902 903 903 892 892 903 903 835 835 835 835 903 903 519 519 835 835 519 519 837 837 837 837 519 519 841 841 837 837 841 841 839 839 839 839 841 841 829 829 839 839 829 829 523 523 523 523 829 829 831 831 523 523 831 831 524 524 524 524 831 831 833 833 524 524 833 833 825 825 825 825 833 833 808 808 825 825 808 808 827 827 827 827 808 808 572 572 827 827 572 572 828 828 828 828 572 572 82 82 828 828 82 82 81 81 655 655 609 609 654 654 654 654 609 609 611 611 654 654 611 611 653 653 653 653 611 611 613 613 653 653 613 613 652 652 652 652 613 613 615 615 652 652 615 615 650 650 650 650 615 615 616 616 650 650 616 616 648 648 648 648 616 616 904 904 648 648 904 904 905 905 905 905 904 904 883 883 905 905 883 883 906 906 906 906 883 883 885 885 906 906 885 885 907 907 907 907 885 885 887 887 907 907 887 887 908 908 908 908 887 887 872 872 908 908 872 872 909 909 909 909 872 872 806 806 909 909 806 806 910 910 910 910 806 806 766 766 910 910 766 766 911 911 911 911 766 766 752 752 911 911 752 752 912 912 912 912 752 752 754 754 610 610 555 555 612 612 612 612 555 555 554 554 612 612 554 554 614 614 614 614 554 554 625 625 614 614 625 625 616 616 616 616 625 625 633 633 616 616 633 633 904 904 904 904 633 633 631 631 904 904 631 631 883 883 883 883 631 631 629 629 883 883 629 629 884 884 884 884 629 629 627 627 884 884 627 627 886 886 886 886 627 627 626 626 886 886 626 626 872 872 872 872 626 626 882 882 872 872 882 882 871 871 871 871 882 882 873 873 871 871 873 873 870 870 870 870 873 873 875 875 870 870 875 875 869 869 869 869 875 875 877 877 869 869 877 877 868 868 868 868 877 877 881 881 868 868 881 881 867 867 898 898 516 516 893 893 893 893 516 516 518 518 893 893 518 518 720 720 720 720 518 518 913 913 720 720 913 913 721 721 721 721 913 913 914 914 721 721 914 914 723 723 723 723 914 914 709 709 723 723 709 709 725 725 725 725 709 709 708 708 725 725 708 708 726 726 726 726 708 708 717 717 726 726 717 717 897 897 897 897 717 717 727 727 78 78 76 76 571 571 571 571 76 76 715 715 571 571 715 715 855 855 855 855 715 715 713 713 855 855 713 713 854 854 854 854 713 713 711 711 854 854 711 711 848 848 848 848 711 711 709 709 848 848 709 709 846 846 846 846 709 709 914 914 846 846 914 914 844 844 844 844 914 914 913 913 844 844 913 913 888 888 888 888 913 913 518 518 888 888 518 518 889 889 889 889 518 518 517 517 889 889 517 517 891 891 891 891 517 517 516 516 891 891 516 516 902 902 902 902 516 516 898 898 902 902 898 898 915 915 915 915 898 898 899 899 915 915 899 899 916 916 916 916 899 899 900 900 916 916 900 900 917 917 917 917 900 900 901 901 917 917 901 901 918 918 918 918 901 901 896 896 918 918 896 896 666 666 666 666 896 896 897 897 666 666 897 897 658 658 658 658 897 897 727 727 658 658 727 727 656 656 656 656 727 727 671 671 676 676 692 692 678 678 678 678 692 692 693 693 678 678 693 693 679 679 679 679 693 693 694 694 679 679 694 694 683 683 683 683 694 694 542 542 683 683 542 542 799 799 799 799 542 542 541 541 799 799 541 541 798 798 798 798 541 541 697 697 798 798 697 697 670 670 670 670 697 697 699 699 670 670 699 699 671 671 671 671 699 699 702 702 671 671 702 702 656 656 656 656 702 702 689 689 656 656 689 689 657 657 657 657 689 689 690 690 657 657 690 690 667 667 667 667 690 690 691 691 667 667 691 691 668 668 668 668 691 691 688 688 668 668 688 688 669 669 669 669 688 688 707 707 669 669 707 707 617 617 617 617 707 707 706 706 617 617 706 706 618 618 597 597 544 544 595 595 595 595 544 544 543 543 595 595 543 543 593 593 593 593 543 543 548 548 593 593 548 548 591 591 591 591 548 548 549 549 591 591 549 549 589 589 589 589 549 549 692 692 589 589 692 692 587 587 587 587 692 692 676 676 587 587 676 676 585 585 585 585 676 676 675 675 585 585 675 675 880 880 880 880 675 675 680 680 880 880 680 680 881 881 881 881 680 680 791 791 881 881 791 791 867 867 867 867 791 791 780 780 867 867 780 780 866 866 866 866 780 780 778 778 866 866 778 778 760 760 760 760 778 778 776 776 760 760 776 776 758 758 758 758 776 776 768 768 758 758 768 768 751 751 751 751 768 768 770 770 751 751 770 770 531 531 531 531 770 770 772 772 531 531 772 772 532 532 532 532 772 772 743 743 532 532 743 743 533 533 533 533 743 743 744 744 533 533 744 744 748 748 748 748 744 744 745 745 748 748 745 745 742 742 742 742 745 745 739 739 742 742 739 739 740 740 740 740 739 739 737 737 740 740 737 737 569 569 569 569 737 737 775 775 569 569 775 775 91 91 91 91 775 775 95 95 114 114 113 113 863 863 863 863 113 113 568 568 863 863 568 568 864 864 864 864 568 568 862 862 864 864 862 862 865 865 865 865 862 862 861 861 865 865 861 861 761 761 761 761 861 861 860 860 761 761 860 860 756 756 756 756 860 860 859 859 756 756 859 859 754 754 754 754 859 859 858 858 754 754 858 858 912 912 912 912 858 858 857 857 912 912 857 857 911 911 911 911 857 857 856 856 911 911 856 856 910 910 910 910 856 856 525 525 910 910 525 525 909 909 909 909 525 525 527 527 909 909 527 527 908 908 908 908 527 527 849 849 908 908 849 849 907 907 907 907 849 849 520 520 907 907 520 520 906 906 906 906 520 520 519 519 906 906 519 519 905 905 905 905 519 519 903 903 905 905 903 903 648 648 648 648 903 903 902 902 648 648 902 902 649 649 649 649 902 902 915 915 649 649 915 915 651 651 651 651 915 915 916 916 651 651 916 916 643 643 643 643 916 916 917 917 643 643 917 917 644 644 644 644 917 917 918 918 644 644 918 918 646 646 646 646 918 918 666 666 646 646 666 666 647 647 647 647 666 666 659 659 647 647 659 659 655 655 655 655 659 659 661 661 655 655 661 661 609 609 609 609 661 661 663 663 609 609 663 663 610 610 610 610 663 663 665 665 610 610 665 665 555 555 555 555 665 665 553 553 553 553 623 623 625 625 625 625 623 623 624 624 625 625 624 624 635 635 641 641 540 540 696 696 641 641 640 640 540 540 540 540 640 640 639 639 540 540 639 639 698 698 698 698 639 639 638 638 698 698 638 638 700 700 700 700 638 638 637 637 700 700 637 637 701 701 635 635 624 624 703 703 696 696 695 695 641 641 641 641 695 695 545 545 641 641 545 545 544 544 635 635 703 703 550 550 624 624 622 622 703 703 703 703 622 622 621 621 703 703 621 621 704 704 701 701 637 637 703 703 703 703 637 637 551 551 703 703 551 551 550 550 544 544 597 597 641 641 641 641 597 597 598 598 641 641 598 598 642 642 642 642 598 598 600 600 706 706 705 705 618 618 618 618 705 705 704 704 618 618 704 704 620 620 620 620 704 704 621 621</p>
        </triangles>
      </mesh>
    </geometry>
  </library_geometries>
  <library_visual_scenes>
    <visual_scene id="Scene" name="Scene">
      <node id="R_Prop" name="R_Prop" type="NODE">
        <matrix sid="transform">1 0 0 0 0 1 0 0 0 0 1 0 0 0 0 1</matrix>
        <instance_geometry url="#R_Prop-mesh" name="R_Prop"/>
      </node>
    </visual_scene>
  </library_visual_scenes>
  <scene>
    <instance_visual_scene url="#Scene"/>
  </scene>
</COLLADA>